house,appliance_label,appliance_type,refit_column,samples,sample_seconds,days_covered,active_threshold_w,avg_power_w,max_power_w,total_kwh_window,avg_kwh_day,cost_day_aud,cost_month_aud,usage_events_est,mean_event_duration_min,median_event_duration_min,mean_event_energy_kwh,active_days_ratio,estimated_capacity_band,product_category,peak_usage_ratio,offpeak_usage_ratio,weekend_usage_ratio,night_usage_ratio,behaviour_recommendation,behaviour_priority,estimated_behaviour_saving_aud_month,product_category_intel,benchmark_avg_kwh_day,benchmark_median_kwh_day,benchmark_avg_cost_month_aud,usage_percentile_vs_similar_houses,above_similar_house_avg_pct,intelligent_efficiency_class,recommendation_reason_codes,intelligent_recommendation_summary,behaviour_saving_pct_of_appliance_cost,best_product_saving_aud_month,best_product_name,best_product_store,best_product_payback_months,best_product_intelligent_score,combined_behaviour_product_saving_aud_month
1,Fridge,Fridge,Appliance1,389895,6.0,365.0,102.36,81.106,2056.0,52.70439,0.1444,0.04,1.3,177,13.99,4.8,0.0975,1.0,low-use / standby,fridge,0.231,0.35,0.21,0.261,Fridge shows repeated usage events in the 365-day window. Batch similar usage where possible to reduce repeated spikes.,low,0.06,fridge,0.8247209090909091,0.62875,7.422727272727273,18.2,-82.5,Efficient,normal usage pattern,"Fridge is classified as Efficient. It is 82.5% below the REFIT similar-appliance average, with 177 detected events and 23.1% peak-hour activity.",4.6,0.0,Smart Plug With Timer,Kmart,,0.2469,0.06
1,Chest Freezer,Chest Freezer,Appliance2,389895,6.0,365.0,56.99,75.634,940.0,49.14869,0.13465,0.04,1.21,863,6.2,1.0,0.0283,1.0,low-use / standby,freezer,0.315,0.319,0.181,0.254,Chest Freezer shows repeated usage events in the 365-day window. Batch similar usage where possible to reduce repeated spikes.,low,0.06,freezer,1.02615,0.92847,9.235384615384616,15.4,-86.9,Average,peak-hour usage,"Chest Freezer is classified as Average. It is 86.9% below the REFIT similar-appliance average, with 863 detected events and 31.5% peak-hour activity.",5.0,0.0,Freezer Timer Reminder Plug,Kmart,,0.2441,0.06
1,Upright Freezer,Upright Freezer,Appliance3,389895,6.0,365.0,81.45,78.839,1024.0,51.23155,0.14036,0.04,1.26,734,4.88,1.3,0.0202,1.0,low-use / standby,freezer,0.247,0.288,0.218,0.234,Upright Freezer shows repeated usage events in the 365-day window. Batch similar usage where possible to reduce repeated spikes.,low,0.06,freezer,1.02615,0.92847,9.235384615384616,23.1,-86.3,Efficient,normal usage pattern,"Upright Freezer is classified as Efficient. It is 86.3% below the REFIT similar-appliance average, with 734 detected events and 24.7% peak-hour activity.",4.8,0.0,Freezer Timer Reminder Plug,Kmart,,0.2518,0.06
1,Tumble Dryer,Tumble Dryer,Appliance4,389895,6.0,365.0,150.0,788.923,2636.0,512.66158,1.40455,0.42,12.64,19,1267.71,66.7,26.605,0.806,high-power / large-use,generic,0.242,0.358,0.31,0.273,Tumble Dryer shows repeated usage events in the 365-day window. Batch similar usage where possible to reduce repeated spikes.,high,1.9,generic,3.5444526086956527,1.83936,31.899565217391302,47.8,-60.4,Efficient,normal usage pattern,"Tumble Dryer is classified as Efficient. It is 60.4% below the REFIT similar-appliance average, with 19 detected events and 24.2% peak-hour activity.",15.0,10.64,Smart Plug With Timer,Kmart,1.79,0.3926,12.54
1,Washing Machine,Washing Machine,Appliance5,389895,6.0,365.0,11.27,20.546,2489.0,13.3516,0.03658,0.01,0.33,290,19.36,1.2,0.0391,0.556,low-use / standby,washing machine,0.254,0.278,0.005,0.212,Washing Machine shows repeated usage events in the 365-day window. Batch similar usage where possible to reduce repeated spikes.,low,0.02,washing machine,1.958721081081081,1.22083,17.62810810810811,2.7,-98.1,Average,peak-hour usage,"Washing Machine is classified as Average. It is 98.1% below the REFIT similar-appliance average, with 290 detected events and 25.4% peak-hour activity.",6.1,0.0,Smart Plug With Timer,Kmart,,0.2314,0.02
1,Dishwasher,Dishwasher,Appliance6,389895,6.0,365.0,30.73,276.099,2336.0,179.41631,0.49155,0.15,4.42,55,128.68,2.8,3.1752,0.444,high-power / large-use,washing machine,0.279,0.382,0.162,0.283,Dishwasher shows repeated usage events in the 365-day window. Batch similar usage where possible to reduce repeated spikes.,medium,0.44,washing machine,1.958721081081081,1.22083,17.62810810810811,21.6,-74.9,Average,peak-hour usage,"Dishwasher is classified as Average. It is 74.9% below the REFIT similar-appliance average, with 55 detected events and 27.9% peak-hour activity.",10.0,2.42,Smart Plug With Timer,Kmart,7.84,0.325,2.86
1,Computer Site,Computer Site,Appliance7,389895,6.0,365.0,10.0,30.435,56.0,19.77766,0.05419,0.02,0.49,7,5543.16,3650.9,2.8249,1.0,high-power / large-use,computer,0.254,0.327,0.23,0.241,Computer Site contributes to the daily energy use. Monitor this appliance and reduce unnecessary standby or repeated use.,low,0.02,computer,0.41818333333333335,0.179285,3.763888888888889,22.2,-87.0,Average,peak-hour usage,"Computer Site is classified as Average. It is 87.0% below the REFIT similar-appliance average, with 7 detected events and 25.4% peak-hour activity.",4.1,0.0,Smart Plug With Timer,Kmart,,0.2509,0.02
1,Television Site,Television Site,Appliance8,389895,6.0,365.0,10.0,20.846,57.0,13.54628,0.03711,0.01,0.33,108,249.65,138.6,0.1088,0.972,medium-use,television,0.277,0.271,0.218,0.179,Television Site shows repeated usage events in the 365-day window. Batch similar usage where possible to reduce repeated spikes.,low,0.02,television,0.64669,0.36083,5.819047619047619,4.8,-94.3,Average,peak-hour usage,"Television Site is classified as Average. It is 94.3% below the REFIT similar-appliance average, with 108 detected events and 27.7% peak-hour activity.",6.1,0.0,Standby Saver Powerboard,Kmart,,0.2335,0.02
1,Electric Heater,Electric Heater,Appliance9,389895,6.0,365.0,10.0,111.95,1049.0,72.74801,0.19931,0.06,1.79,177,24.54,2.8,0.4077,0.5,medium-use,heater,0.0,0.869,0.196,0.869,Electric Heater shows repeated usage events in the 365-day window. Batch similar usage where possible to reduce repeated spikes.,low,0.09,heater,4.664432,1.54766,41.977999999999994,20.0,-95.7,Efficient,normal usage pattern,"Electric Heater is classified as Efficient. It is 95.7% below the REFIT similar-appliance average, with 177 detected events and 0.0% peak-hour activity.",5.0,0.0,Smart Plug With Timer,Kmart,,0.2487,0.09
2,Fridge-Freezer,Fridge-Freezer,Appliance1,2906662,6.0,365.0,125.5,37.194,1690.0,180.18179,0.49365,0.15,4.44,1620,2.01,1.2,0.0059,0.937,low-use / standby,fridge,0.289,0.268,0.267,0.176,Fridge-Freezer shows repeated usage events in the 365-day window. Batch similar usage where possible to reduce repeated spikes.,medium,0.44,fridge,0.8247209090909091,0.62875,7.422727272727273,36.4,-40.1,Average,"peak-hour usage, frequent usage","Fridge-Freezer is classified as Average. It is 40.1% below the REFIT similar-appliance average, with 1620 detected events and 28.9% peak-hour activity.",9.9,2.44,Smart Plug With Timer,Kmart,7.78,0.34,2.88
2,Washing Machine,Washing Machine,Appliance2,2906662,6.0,365.0,18.27,85.627,3488.0,414.81358,1.13648,0.34,10.23,14081,4.25,0.3,0.0275,0.655,low-use / standby,washing machine,0.247,0.293,0.381,0.221,Washing Machine shows repeated usage events in the 365-day window. Batch similar usage where possible to reduce repeated spikes.,high,1.53,washing machine,1.958721081081081,1.22083,17.62810810810811,45.9,-42.0,Efficient,frequent usage,"Washing Machine is classified as Efficient. It is 42.0% below the REFIT similar-appliance average, with 14081 detected events and 24.7% peak-hour activity.",15.0,8.23,Smart Plug With Timer,Kmart,2.31,0.3836,9.76
2,Dishwasher,Dishwasher,Appliance3,2906662,6.0,365.0,38.87,91.982,2455.0,445.60137,1.22083,0.37,10.99,1521,32.78,6.3,0.238,0.804,medium-use,washing machine,0.33,0.244,0.312,0.157,Dishwasher shows repeated usage events in the 365-day window. Batch similar usage where possible to reduce repeated spikes.,high,1.65,washing machine,1.958721081081081,1.22083,17.62810810810811,51.4,-37.7,Average,peak-hour usage,"Dishwasher is classified as Average. It is 37.7% below the REFIT similar-appliance average, with 1521 detected events and 33.0% peak-hour activity.",15.0,8.99,Smart Plug With Timer,Kmart,2.11,0.3915,10.64
2,Television,Television,Appliance4,2906662,6.0,365.0,58.14,72.471,2560.0,351.08181,0.96187,0.29,8.66,237,61.6,0.9,0.7968,0.553,high-power / large-use,television,0.217,0.378,0.296,0.298,Television shows repeated usage events in the 365-day window. Batch similar usage where possible to reduce repeated spikes.,high,1.3,television,0.64669,0.36083,5.819047619047619,81.0,48.7,Needs attention,"above similar-house benchmark, higher monthly cost","Television is classified as Needs attention. It is 48.7% above the REFIT similar-appliance average, with 237 detected events and 21.7% peak-hour activity.",15.0,6.66,Smart Plug With Timer,Kmart,2.85,0.4131,7.96
2,Microwave,Microwave,Appliance5,2906662,6.0,365.0,150.0,344.113,2048.0,1667.03471,4.56722,1.37,41.1,1308,114.51,0.3,1.1901,0.867,high-power / large-use,microwave,0.233,0.348,0.299,0.264,Microwave shows repeated usage events in the 365-day window. Batch similar usage where possible to reduce repeated spikes.,high,6.17,microwave,1.693406875,0.12358,15.23875,87.5,169.7,Needs attention,"above similar-house benchmark, frequent usage, higher monthly cost","Microwave is classified as Needs attention. It is 169.7% above the REFIT similar-appliance average, with 1308 detected events and 23.3% peak-hour activity.",15.0,39.1,Smart Plug With Timer,Kmart,0.49,0.4914,45.27
2,Toaster,Toaster,Appliance6,2906662,6.0,365.0,150.0,353.2,2048.0,1711.05295,4.68782,1.41,42.19,224,747.38,107.75,7.2185,0.792,high-power / large-use,toaster,0.234,0.342,0.268,0.259,Toaster shows repeated usage events in the 365-day window. Batch similar usage where possible to reduce repeated spikes.,high,6.33,toaster,6.3147199999999994,4.68782,56.83111111111111,55.6,-25.8,Average,normal usage pattern,"Toaster is classified as Average. It is 25.8% below the REFIT similar-appliance average, with 224 detected events and 23.4% peak-hour activity.",15.0,40.19,Smart Plug With Timer,Kmart,0.47,0.4616,46.52
2,Hi-Fi,Hi-Fi,Appliance7,2906662,6.0,365.0,21.5,61.001,1536.0,295.51646,0.80963,0.24,7.29,316,190.88,0.25,0.7466,0.369,high-power / large-use,computer,0.229,0.34,0.239,0.259,Hi-Fi shows repeated usage events in the 365-day window. Batch similar usage where possible to reduce repeated spikes.,medium,0.73,computer,0.41818333333333335,0.179285,3.763888888888889,83.3,93.6,Needs attention,"above similar-house benchmark, higher monthly cost","Hi-Fi is classified as Needs attention. It is 93.6% above the REFIT similar-appliance average, with 316 detected events and 22.9% peak-hour activity.",10.0,5.29,Smart Plug With Timer,Kmart,3.59,0.4093,6.02
2,Kettle,Kettle,Appliance8,2906662,6.0,365.0,150.0,1401.13,3072.0,6787.68693,18.59641,5.58,167.37,1476,173.93,79.45,4.5785,0.969,high-power / large-use,kettle,0.24,0.335,0.275,0.252,Kettle shows repeated usage events in the 365-day window. Batch similar usage where possible to reduce repeated spikes.,high,25.11,kettle,16.07417125,13.334344999999999,144.66750000000002,62.5,15.7,Average,"frequent usage, higher monthly cost","Kettle is classified as Average. It is 15.7% above the REFIT similar-appliance average, with 1476 detected events and 24.0% peak-hour activity.",15.0,165.37,Smart Plug With Timer,Kmart,0.11,0.6978,190.48
2,Oven Extractor Fan,Oven Extractor Fan,Appliance9,2906662,6.0,365.0,92.45,59.578,1024.0,288.61995,0.79074,0.24,7.12,20,1791.9,1239.65,4.3982,0.188,high-power / large-use,generic,0.233,0.312,0.25,0.238,Oven Extractor Fan shows repeated usage events in the 365-day window. Batch similar usage where possible to reduce repeated spikes.,medium,0.71,generic,3.5444526086956527,1.83936,31.899565217391302,39.1,-77.7,Efficient,normal usage pattern,"Oven Extractor Fan is classified as Efficient. It is 77.7% below the REFIT similar-appliance average, with 20 detected events and 23.3% peak-hour activity.",10.0,5.12,Smart Plug With Timer,Kmart,3.71,0.3642,5.83
3,Toaster,Toaster,Appliance1,3947000,5.0,351.716,150.0,588.752,2201.0,3227.5082,9.17647,2.75,82.59,332,873.52,277.83,9.5638,0.977,high-power / large-use,toaster,0.26,0.355,0.278,0.266,Toaster shows repeated usage events in the 365-day window. Batch similar usage where possible to reduce repeated spikes.,high,12.39,toaster,6.3147199999999994,4.68782,56.83111111111111,66.7,45.3,Average,"above similar-house benchmark, peak-hour usage, frequent usage, higher monthly cost","Toaster is classified as Average. It is 45.3% above the REFIT similar-appliance average, with 332 detected events and 26.0% peak-hour activity.",15.0,80.59,Smart Plug With Timer,Kmart,0.24,0.5474,92.98
3,Fridge-Freezer,Fridge-Freezer,Appliance2,3947000,5.0,351.716,119.71,99.208,3450.0,543.85518,1.54629,0.46,13.92,2653,10.61,3.33,0.0687,0.977,low-use / standby,fridge,0.258,0.341,0.272,0.257,Fridge-Freezer shows repeated usage events in the 365-day window. Batch similar usage where possible to reduce repeated spikes.,high,2.09,fridge,0.8247209090909091,0.62875,7.422727272727273,81.8,87.5,Needs attention,"above similar-house benchmark, peak-hour usage, frequent usage, higher monthly cost","Fridge-Freezer is classified as Needs attention. It is 87.5% above the REFIT similar-appliance average, with 2653 detected events and 25.8% peak-hour activity.",15.0,11.92,Smart Plug With Timer,Kmart,1.59,0.43,14.01
3,Freezer,Freezer,Appliance3,3947000,5.0,351.716,103.14,89.393,2140.0,490.04724,1.39331,0.42,12.54,1416,9.35,8.83,0.0649,0.894,low-use / standby,freezer,0.237,0.354,0.241,0.264,Freezer shows repeated usage events in the 365-day window. Batch similar usage where possible to reduce repeated spikes.,high,1.88,freezer,1.02615,0.92847,9.235384615384616,76.9,35.8,Average,"above similar-house benchmark, higher monthly cost","Freezer is classified as Average. It is 35.8% above the REFIT similar-appliance average, with 1416 detected events and 23.7% peak-hour activity.",15.0,10.54,Smart Plug With Timer,Kmart,1.8,0.4215,12.42
3,Tumble Dryer,Tumble Dryer,Appliance4,3947000,5.0,351.716,150.0,1047.49,2820.0,5742.28341,16.32649,4.9,146.94,1998,134.57,7.08,2.8386,0.929,high-power / large-use,generic,0.243,0.336,0.288,0.253,Tumble Dryer shows repeated usage events in the 365-day window. Batch similar usage where possible to reduce repeated spikes.,high,22.04,generic,3.5444526086956527,1.83936,31.899565217391302,95.7,360.6,Needs attention,"above similar-house benchmark, higher monthly cost","Tumble Dryer is classified as Needs attention. It is 360.6% above the REFIT similar-appliance average, with 1998 detected events and 24.3% peak-hour activity.",15.0,144.94,Smart Plug With Timer,Kmart,0.13,0.6938,166.98
3,Dishwasher,Dishwasher,Appliance5,3947000,5.0,351.716,19.67,109.895,3840.0,602.43974,1.71286,0.51,15.42,1534,29.32,3.46,0.3671,0.666,medium-use,washing machine,0.243,0.277,0.259,0.216,Dishwasher shows repeated usage events in the 365-day window. Batch similar usage where possible to reduce repeated spikes.,high,2.31,washing machine,1.958721081081081,1.22083,17.62810810810811,67.6,-12.6,Average,normal usage pattern,"Dishwasher is classified as Average. It is 12.6% below the REFIT similar-appliance average, with 1534 detected events and 24.3% peak-hour activity.",15.0,13.42,Smart Plug With Timer,Kmart,1.42,0.4195,15.73
3,Washing Machine,Washing Machine,Appliance6,3947000,5.0,351.716,29.46,98.749,2746.0,541.33481,1.53913,0.46,13.85,20989,3.57,0.25,0.0246,0.72,low-use / standby,washing machine,0.234,0.283,0.252,0.209,Washing Machine shows repeated usage events in the 365-day window. Batch similar usage where possible to reduce repeated spikes.,high,2.08,washing machine,1.958721081081081,1.22083,17.62810810810811,64.9,-21.4,Average,frequent usage,"Washing Machine is classified as Average. It is 21.4% below the REFIT similar-appliance average, with 20989 detected events and 23.4% peak-hour activity.",15.0,11.85,Smart Plug With Timer,Kmart,1.6,0.4129,13.93
3,Television,Television,Appliance7,3947000,5.0,351.716,150.0,91.479,3728.0,501.48146,1.42582,0.43,12.83,29,119.22,0.75,1.5692,0.077,high-power / large-use,television,0.085,0.566,0.448,0.492,Television shows repeated usage events in the 365-day window. Batch similar usage where possible to reduce repeated spikes.,high,1.92,television,0.64669,0.36083,5.819047619047619,90.5,120.5,Needs attention,"above similar-house benchmark, higher monthly cost","Television is classified as Needs attention. It is 120.5% above the REFIT similar-appliance average, with 29 detected events and 8.5% peak-hour activity.",15.0,10.83,Smart Plug With Timer,Kmart,1.75,0.4359,12.75
3,Microwave,Microwave,Appliance8,3947000,5.0,351.716,45.83,106.038,2688.0,581.29653,1.65275,0.5,14.87,670,109.48,0.83,0.7559,0.704,high-power / large-use,microwave,0.226,0.354,0.276,0.273,Microwave shows repeated usage events in the 365-day window. Batch similar usage where possible to reduce repeated spikes.,high,2.23,microwave,1.693406875,0.12358,15.23875,75.0,-2.4,Average,normal usage pattern,"Microwave is classified as Average. It is 2.4% below the REFIT similar-appliance average, with 670 detected events and 22.6% peak-hour activity.",15.0,12.87,Smart Plug With Timer,Kmart,1.48,0.4255,15.1
3,Kettle,Kettle,Appliance9,3947000,5.0,351.716,150.0,951.671,2268.0,5217.00616,14.83302,4.45,133.5,2043,144.73,49.0,2.5354,0.99,high-power / large-use,kettle,0.244,0.348,0.284,0.262,Kettle shows repeated usage events in the 365-day window. Batch similar usage where possible to reduce repeated spikes.,high,20.02,kettle,16.07417125,13.334344999999999,144.66750000000002,56.2,-7.7,Average,frequent usage,"Kettle is classified as Average. It is 7.7% below the REFIT similar-appliance average, with 2043 detected events and 24.4% peak-hour activity.",15.0,131.5,Smart Plug With Timer,Kmart,0.14,0.6299,151.52
4,Fridge,Fridge,Appliance1,384523,4.0,365.0,64.84,67.299,2080.0,28.7535,0.07878,0.02,0.71,211,9.8,0.4,0.0629,0.943,low-use / standby,fridge,0.127,0.582,0.087,0.512,Fridge shows repeated usage events in the 365-day window. Batch similar usage where possible to reduce repeated spikes.,low,0.04,fridge,0.8247209090909091,0.62875,7.422727272727273,4.5,-90.4,Efficient,normal usage pattern,"Fridge is classified as Efficient. It is 90.4% below the REFIT similar-appliance average, with 211 detected events and 12.7% peak-hour activity.",5.6,0.0,Smart Plug With Timer,Kmart,,0.2332,0.04
4,Freezer,Freezer,Appliance2,384523,4.0,365.0,150.0,122.75,2202.0,52.44448,0.14368,0.04,1.29,754,7.1,6.2,0.0206,1.0,low-use / standby,freezer,0.262,0.346,0.169,0.256,Freezer shows repeated usage events in the 365-day window. Batch similar usage where possible to reduce repeated spikes.,low,0.06,freezer,1.02615,0.92847,9.235384615384616,30.8,-86.0,Average,peak-hour usage,"Freezer is classified as Average. It is 86.0% below the REFIT similar-appliance average, with 754 detected events and 26.2% peak-hour activity.",4.7,0.0,Freezer Timer Reminder Plug,Kmart,,0.2595,0.06
4,Fridge-Freezer,Fridge-Freezer,Appliance3,384523,4.0,365.0,150.0,111.946,2048.0,47.82859,0.13104,0.04,1.18,401,2.66,0.27,0.0179,0.943,low-use / standby,fridge,0.261,0.377,0.253,0.306,Fridge-Freezer shows repeated usage events in the 365-day window. Batch similar usage where possible to reduce repeated spikes.,low,0.06,fridge,0.8247209090909091,0.62875,7.422727272727273,13.6,-84.1,Average,peak-hour usage,"Fridge-Freezer is classified as Average. It is 84.1% below the REFIT similar-appliance average, with 401 detected events and 26.1% peak-hour activity.",5.1,0.0,Smart Plug With Timer,Kmart,,0.2423,0.06
4,Washing Machine 1,Washing Machine 1,Appliance4,384523,4.0,365.0,148.71,230.168,2566.0,98.33882,0.26942,0.08,2.42,82,66.05,0.13,1.1288,0.286,high-power / large-use,washing machine,0.242,0.365,0.145,0.286,Washing Machine 1 shows repeated usage events in the 365-day window. Batch similar usage where possible to reduce repeated spikes.,low,0.12,washing machine,1.958721081081081,1.22083,17.62810810810811,18.9,-86.2,Efficient,normal usage pattern,"Washing Machine 1 is classified as Efficient. It is 86.2% below the REFIT similar-appliance average, with 82 detected events and 24.2% peak-hour activity.",5.0,0.42,Smart Plug With Timer,Kmart,44.73,0.2579,0.54
4,Washing Machine 2,Washing Machine 2,Appliance5,384523,4.0,365.0,86.19,114.911,2693.0,49.09544,0.13451,0.04,1.21,328,13.81,0.13,0.1183,0.6,medium-use,washing machine,0.238,0.334,0.177,0.261,Washing Machine 2 shows repeated usage events in the 365-day window. Batch similar usage where possible to reduce repeated spikes.,low,0.06,washing machine,1.958721081081081,1.22083,17.62810810810811,8.1,-93.1,Efficient,normal usage pattern,"Washing Machine 2 is classified as Efficient. It is 93.1% below the REFIT similar-appliance average, with 328 detected events and 23.8% peak-hour activity.",5.0,0.0,Smart Plug With Timer,Kmart,,0.2368,0.06
4,Computer Site,Computer Site,Appliance6,384523,4.0,365.0,10.5,16.231,153.0,6.93479,0.019,0.01,0.17,850,3.55,0.13,0.004,0.914,low-use / standby,computer,0.223,0.191,0.144,0.136,Computer Site shows repeated usage events in the 365-day window. Batch similar usage where possible to reduce repeated spikes.,low,0.01,computer,0.41818333333333335,0.179285,3.763888888888889,5.6,-95.5,Efficient,normal usage pattern,"Computer Site is classified as Efficient. It is 95.5% below the REFIT similar-appliance average, with 850 detected events and 22.3% peak-hour activity.",5.9,0.0,Smart Plug With Timer,Kmart,,0.2343,0.01
4,Television Site,Television Site,Appliance7,384523,4.0,365.0,74.2,45.045,742.0,19.24533,0.05273,0.02,0.47,9825,0.64,0.27,0.0009,1.0,low-use / standby,television,0.402,0.255,0.187,0.156,Television Site is used often during peak hours. Try shifting flexible usage to off-peak times to reduce cost.,low,0.09,television,0.64669,0.36083,5.819047619047619,19.0,-91.8,Average,"peak-hour usage, frequent usage","Television Site is classified as Average. It is 91.8% below the REFIT similar-appliance average, with 9825 detected events and 40.2% peak-hour activity.",19.1,0.0,Standby Saver Powerboard,Kmart,,0.2477,0.09
4,Microwave,Microwave,Appliance8,384523,4.0,365.0,10.0,22.094,3074.0,9.43963,0.02586,0.01,0.23,178,6.4,1.13,0.0484,0.914,low-use / standby,microwave,0.37,0.25,0.055,0.15,Microwave is used often during peak hours. Try shifting flexible usage to off-peak times to reduce cost.,low,0.04,microwave,1.693406875,0.12358,15.23875,25.0,-98.5,Average,peak-hour usage,"Microwave is classified as Average. It is 98.5% below the REFIT similar-appliance average, with 178 detected events and 37.0% peak-hour activity.",17.4,0.0,Smart Plug With Timer,Kmart,,0.2537,0.04
4,Kettle,Kettle,Appliance9,384523,4.0,365.0,150.0,1036.737,1997.0,442.94359,1.21354,0.36,10.92,110,203.18,153.2,4.0015,1.0,high-power / large-use,kettle,0.228,0.356,0.18,0.271,Kettle shows repeated usage events in the 365-day window. Batch similar usage where possible to reduce repeated spikes.,high,1.64,kettle,16.07417125,13.334344999999999,144.66750000000002,6.2,-92.5,Efficient,normal usage pattern,"Kettle is classified as Efficient. It is 92.5% below the REFIT similar-appliance average, with 110 detected events and 22.8% peak-hour activity.",15.0,8.92,Smart Plug With Timer,Kmart,2.13,0.3461,10.56
5,Fridge-Freezer,Fridge-Freezer,Appliance1,3947000,5.0,334.082,150.0,59.753,2807.0,327.56469,0.98049,0.29,8.82,1946,3.26,0.17,0.0211,0.973,low-use / standby,fridge,0.338,0.191,0.329,0.154,Fridge-Freezer shows repeated usage events in the 365-day window. Batch similar usage where possible to reduce repeated spikes.,high,1.32,fridge,0.8247209090909091,0.62875,7.422727272727273,72.7,18.9,Average,"peak-hour usage, frequent usage, higher monthly cost","Fridge-Freezer is classified as Average. It is 18.9% above the REFIT similar-appliance average, with 1946 detected events and 33.8% peak-hour activity.",15.0,6.82,Smart Plug With Timer,Kmart,2.78,0.4054,8.14
5,Tumble Dryer,Tumble Dryer,Appliance2,3947000,5.0,334.082,150.0,427.503,3922.0,2343.5466,7.01489,2.1,63.13,4937,35.47,1.25,0.4471,0.814,medium-use,generic,0.25,0.316,0.31,0.241,Tumble Dryer shows repeated usage events in the 365-day window. Batch similar usage where possible to reduce repeated spikes.,high,9.47,generic,3.5444526086956527,1.83936,31.899565217391302,87.0,97.9,Needs attention,"above similar-house benchmark, peak-hour usage, frequent usage, higher monthly cost","Tumble Dryer is classified as Needs attention. It is 97.9% above the REFIT similar-appliance average, with 4937 detected events and 25.0% peak-hour activity.",15.0,61.13,Smart Plug With Timer,Kmart,0.31,0.5319,70.6
5,Washing Machine,Washing Machine,Appliance3,3947000,5.0,334.082,49.65,147.002,2285.0,805.856,2.41215,0.72,21.71,9390,8.01,0.25,0.0831,0.727,low-use / standby,washing machine,0.248,0.323,0.205,0.243,Washing Machine shows repeated usage events in the 365-day window. Batch similar usage where possible to reduce repeated spikes.,high,3.26,washing machine,1.958721081081081,1.22083,17.62810810810811,78.4,23.1,Average,"above similar-house benchmark, frequent usage, higher monthly cost","Washing Machine is classified as Average. It is 23.1% above the REFIT similar-appliance average, with 9390 detected events and 24.8% peak-hour activity.",15.0,19.71,Smart Plug With Timer,Kmart,0.96,0.4443,22.97
5,Dishwasher,Dishwasher,Appliance4,3947000,5.0,334.082,10.0,65.96,2587.0,361.58648,1.08233,0.32,9.74,3912,15.47,0.67,0.0868,0.883,low-use / standby,washing machine,0.215,0.374,0.265,0.336,Dishwasher shows repeated usage events in the 365-day window. Batch similar usage where possible to reduce repeated spikes.,high,1.46,washing machine,1.958721081081081,1.22083,17.62810810810811,40.5,-44.7,Efficient,normal usage pattern,"Dishwasher is classified as Efficient. It is 44.7% below the REFIT similar-appliance average, with 3912 detected events and 21.5% peak-hour activity.",15.0,7.74,Smart Plug With Timer,Kmart,2.45,0.3765,9.2
5,Computer Site,Computer Site,Appliance5,3947000,5.0,334.082,121.5,42.513,2191.0,233.0559,0.6976,0.21,6.28,42323,0.64,0.17,0.0015,0.772,low-use / standby,computer,0.394,0.162,0.336,0.121,Computer Site is used often during peak hours. Try shifting flexible usage to off-peak times to reduce cost.,high,1.13,computer,0.41818333333333335,0.179285,3.763888888888889,77.8,66.8,Average,"above similar-house benchmark, peak-hour usage, frequent usage, higher monthly cost","Computer Site is classified as Average. It is 66.8% above the REFIT similar-appliance average, with 42323 detected events and 39.4% peak-hour activity.",18.0,4.28,Smart Plug With Timer,Kmart,4.44,0.398,5.41
5,Television Site,Television Site,Appliance6,3947000,5.0,334.082,81.14,37.102,3501.0,203.39121,0.60881,0.18,5.48,8682,2.13,0.33,0.005,0.595,low-use / standby,television,0.514,0.07,0.279,0.062,Television Site is used often during peak hours. Try shifting flexible usage to off-peak times to reduce cost.,high,0.99,television,0.64669,0.36083,5.819047619047619,61.9,-5.9,Needs attention,"peak-hour usage, frequent usage","Television Site is classified as Needs attention. It is 5.9% below the REFIT similar-appliance average, with 8682 detected events and 51.4% peak-hour activity.",18.1,3.48,Smart Plug With Timer,Kmart,5.46,0.3763,4.47
5,Combination Microwave,Combination Microwave,Appliance7,3947000,5.0,334.082,133.26,212.507,2905.0,1164.95396,3.48703,1.05,31.38,3289,21.49,0.92,0.3308,0.961,medium-use,microwave,0.223,0.313,0.369,0.243,Combination Microwave shows repeated usage events in the 365-day window. Batch similar usage where possible to reduce repeated spikes.,high,4.71,microwave,1.693406875,0.12358,15.23875,81.2,105.9,Needs attention,"above similar-house benchmark, frequent usage, higher monthly cost","Combination Microwave is classified as Needs attention. It is 105.9% above the REFIT similar-appliance average, with 3289 detected events and 22.3% peak-hour activity.",15.0,29.38,Smart Plug With Timer,Kmart,0.65,0.4665,34.09
5,Kettle,Kettle,Appliance8,3947000,5.0,334.082,150.0,1455.484,3456.0,7978.88035,23.88303,7.16,214.95,1940,158.54,67.79,4.0999,0.997,high-power / large-use,kettle,0.241,0.344,0.292,0.258,Kettle shows repeated usage events in the 365-day window. Batch similar usage where possible to reduce repeated spikes.,high,32.24,kettle,16.07417125,13.334344999999999,144.66750000000002,68.8,48.6,Average,"above similar-house benchmark, frequent usage, higher monthly cost","Kettle is classified as Average. It is 48.6% above the REFIT similar-appliance average, with 1940 detected events and 24.1% peak-hour activity.",15.0,212.95,Smart Plug With Timer,Kmart,0.09,0.7906,245.19
5,Toaster,Toaster,Appliance9,3947000,5.0,334.082,150.0,742.696,2688.0,4071.41802,12.1869,3.66,109.68,544,519.97,411.04,7.3932,0.973,high-power / large-use,toaster,0.246,0.358,0.293,0.269,Toaster shows repeated usage events in the 365-day window. Batch similar usage where possible to reduce repeated spikes.,high,16.45,toaster,6.3147199999999994,4.68782,56.83111111111111,100.0,93.0,Needs attention,"above similar-house benchmark, frequent usage, higher monthly cost","Toaster is classified as Needs attention. It is 93.0% above the REFIT similar-appliance average, with 544 detected events and 24.6% peak-hour activity.",15.0,107.68,Smart Plug With Timer,Kmart,0.18,0.6302,124.13
6,Freezer Utility Room,Freezer Utility Room,Appliance1,3947000,7.0,361.507,65.26,99.982,3640.0,767.33661,2.12261,0.64,19.1,4332,16.77,12.13,0.0997,0.994,low-use / standby,freezer,0.249,0.339,0.261,0.252,Freezer Utility Room shows repeated usage events in the 365-day window. Batch similar usage where possible to reduce repeated spikes.,high,2.87,freezer,1.02615,0.92847,9.235384615384616,92.3,106.9,Needs attention,"above similar-house benchmark, frequent usage, higher monthly cost","Freezer Utility Room is classified as Needs attention. It is 106.9% above the REFIT similar-appliance average, with 4332 detected events and 24.9% peak-hour activity.",15.0,17.1,Smart Plug With Timer,Kmart,1.11,0.4526,19.97
6,Washing Machine,Washing Machine,Appliance2,3947000,7.0,361.507,150.0,259.085,3968.0,1988.40877,5.50034,1.65,49.5,6914,16.5,0.23,0.2738,0.472,medium-use,washing machine,0.251,0.331,0.22,0.246,Washing Machine shows repeated usage events in the 365-day window. Batch similar usage where possible to reduce repeated spikes.,high,7.43,washing machine,1.958721081081081,1.22083,17.62810810810811,94.6,180.8,Needs attention,"above similar-house benchmark, peak-hour usage, frequent usage, higher monthly cost","Washing Machine is classified as Needs attention. It is 180.8% above the REFIT similar-appliance average, with 6914 detected events and 25.1% peak-hour activity.",15.0,47.5,Smart Plug With Timer,Kmart,0.4,0.5142,54.93
6,Dishwasher,Dishwasher,Appliance3,3947000,7.0,361.507,38.68,70.849,2403.0,543.74374,1.5041,0.45,13.54,620,107.9,0.76,0.6529,0.319,high-power / large-use,washing machine,0.266,0.298,0.236,0.216,Dishwasher shows repeated usage events in the 365-day window. Batch similar usage where possible to reduce repeated spikes.,high,2.03,washing machine,1.958721081081081,1.22083,17.62810810810811,62.2,-23.2,Average,peak-hour usage,"Dishwasher is classified as Average. It is 23.2% below the REFIT similar-appliance average, with 620 detected events and 26.6% peak-hour activity.",15.0,11.54,Smart Plug With Timer,Kmart,1.65,0.4094,13.57
6,MJY Computer,MJY Computer,Appliance4,3947000,7.0,361.507,150.0,61.103,3076.0,468.94598,1.2972,0.39,11.67,19473,5.38,0.23,0.0166,0.938,low-use / standby,computer,0.358,0.184,0.28,0.035,MJY Computer is used often during peak hours. Try shifting flexible usage to off-peak times to reduce cost.,high,2.1,computer,0.41818333333333335,0.179285,3.763888888888889,94.4,210.2,Needs attention,"above similar-house benchmark, peak-hour usage, frequent usage, higher monthly cost","MJY Computer is classified as Needs attention. It is 210.2% above the REFIT similar-appliance average, with 19473 detected events and 35.8% peak-hour activity.",18.0,9.67,Smart Plug With Timer,Kmart,1.96,0.4365,11.77
6,Television Site,Television Site,Appliance5,3947000,7.0,361.507,21.5,39.416,3806.0,302.50923,0.8368,0.25,7.53,2079,53.81,1.98,0.1031,0.994,medium-use,television,0.612,0.236,0.293,0.037,Television Site is used often during peak hours. Try shifting flexible usage to off-peak times to reduce cost.,high,1.36,television,0.64669,0.36083,5.819047619047619,71.4,29.4,Needs attention,"above similar-house benchmark, peak-hour usage, higher monthly cost","Television Site is classified as Needs attention. It is 29.4% above the REFIT similar-appliance average, with 2079 detected events and 61.2% peak-hour activity.",18.1,5.53,Smart Plug With Timer,Kmart,3.44,0.3985,6.89
6,Microwave,Microwave,Appliance6,3947000,7.0,361.507,10.0,8.238,2689.0,63.22191,0.17488,0.05,1.57,1828,3.35,1.4,0.0304,0.922,low-use / standby,microwave,0.608,0.03,0.281,0.001,Microwave is used often during peak hours. Try shifting flexible usage to off-peak times to reduce cost.,low,0.28,microwave,1.693406875,0.12358,15.23875,62.5,-89.7,Needs attention,"peak-hour usage, frequent usage","Microwave is classified as Needs attention. It is 89.7% below the REFIT similar-appliance average, with 1828 detected events and 60.8% peak-hour activity.",17.8,0.0,Smart Plug With Timer,Kmart,,0.2912,0.28
6,Kettle,Kettle,Appliance7,3947000,7.0,361.507,150.0,1396.053,2814.0,10714.31791,29.63795,8.89,266.74,2847,152.21,73.62,3.7513,0.997,high-power / large-use,kettle,0.256,0.327,0.28,0.251,Kettle shows repeated usage events in the 365-day window. Batch similar usage where possible to reduce repeated spikes.,high,40.01,kettle,16.07417125,13.334344999999999,144.66750000000002,87.5,84.4,Needs attention,"above similar-house benchmark, peak-hour usage, frequent usage, higher monthly cost","Kettle is classified as Needs attention. It is 84.4% above the REFIT similar-appliance average, with 2847 detected events and 25.6% peak-hour activity.",15.0,264.74,Smart Plug With Timer,Kmart,0.07,0.9034,304.75
6,Toaster,Toaster,Appliance8,3947000,7.0,361.507,150.0,499.788,2197.0,3835.73565,10.61041,3.18,95.49,781,435.72,2.57,4.7946,0.956,high-power / large-use,toaster,0.262,0.362,0.269,0.273,Toaster shows repeated usage events in the 365-day window. Batch similar usage where possible to reduce repeated spikes.,high,14.32,toaster,6.3147199999999994,4.68782,56.83111111111111,77.8,68.0,Average,"above similar-house benchmark, peak-hour usage, frequent usage, higher monthly cost","Toaster is classified as Average. It is 68.0% above the REFIT similar-appliance average, with 781 detected events and 26.2% peak-hour activity.",15.0,93.49,Smart Plug With Timer,Kmart,0.2,0.5821,107.81
6,PGM Computer,PGM Computer,Appliance9,3947000,7.0,361.507,10.0,14.692,1107.0,112.75539,0.3119,0.09,2.81,3048,22.39,0.47,0.0218,0.884,low-use / standby,computer,0.39,0.132,0.275,0.039,PGM Computer is used often during peak hours. Try shifting flexible usage to off-peak times to reduce cost.,high,0.51,computer,0.41818333333333335,0.179285,3.763888888888889,66.7,-25.4,Average,peak-hour usage,"PGM Computer is classified as Average. It is 25.4% below the REFIT similar-appliance average, with 3048 detected events and 39.0% peak-hour activity.",18.1,0.81,Smart Plug With Timer,Kmart,23.54,0.3298,1.32
7,Fridge,Fridge,Appliance1,334170,8.0,364.082,102.58,62.991,1236.0,46.7772,0.12848,0.04,1.16,114,11.24,0.27,0.0694,0.875,low-use / standby,fridge,0.126,0.421,0.203,0.402,Fridge shows repeated usage events in the 365-day window. Batch similar usage where possible to reduce repeated spikes.,low,0.06,fridge,0.8247209090909091,0.62875,7.422727272727273,9.1,-84.4,Efficient,normal usage pattern,"Fridge is classified as Efficient. It is 84.4% below the REFIT similar-appliance average, with 114 detected events and 12.6% peak-hour activity.",5.2,0.0,Smart Plug With Timer,Kmart,,0.2378,0.06
7,Freezer Garage,Freezer Garage,Appliance2,334170,8.0,364.082,132.0,43.68,1611.0,32.43659,0.08909,0.03,0.8,147,0.22,0.27,0.0029,0.969,low-use / standby,freezer,0.251,0.385,0.213,0.289,Freezer Garage shows repeated usage events in the 365-day window. Batch similar usage where possible to reduce repeated spikes.,low,0.04,freezer,1.02615,0.92847,9.235384615384616,7.7,-91.3,Average,peak-hour usage,"Freezer Garage is classified as Average. It is 91.3% below the REFIT similar-appliance average, with 147 detected events and 25.1% peak-hour activity.",5.0,0.0,Freezer Timer Reminder Plug,Kmart,,0.2364,0.04
7,Freezer,Freezer,Appliance3,334170,8.0,364.082,52.5,122.309,1991.0,90.82666,0.24947,0.07,2.25,544,17.08,3.47,0.1159,0.625,medium-use,freezer,0.167,0.365,0.195,0.288,Freezer shows repeated usage events in the 365-day window. Batch similar usage where possible to reduce repeated spikes.,low,0.11,freezer,1.02615,0.92847,9.235384615384616,46.2,-75.7,Efficient,normal usage pattern,"Freezer is classified as Efficient. It is 75.7% below the REFIT similar-appliance average, with 544 detected events and 16.7% peak-hour activity.",4.9,0.0,Freezer Timer Reminder Plug,Kmart,,0.2749,0.11
7,Tumble Dryer,Tumble Dryer,Appliance4,334170,8.0,364.082,150.0,902.853,3537.0,670.45897,1.8415,0.55,16.57,284,96.66,6.27,2.3445,0.75,high-power / large-use,generic,0.224,0.341,0.3,0.255,Tumble Dryer shows repeated usage events in the 365-day window. Batch similar usage where possible to reduce repeated spikes.,high,2.49,generic,3.5444526086956527,1.83936,31.899565217391302,56.5,-48.0,Average,normal usage pattern,"Tumble Dryer is classified as Average. It is 48.0% below the REFIT similar-appliance average, with 284 detected events and 22.4% peak-hour activity.",15.0,14.57,Smart Plug With Timer,Kmart,1.3,0.4111,17.06
7,Washing Machine,Washing Machine,Appliance5,334170,8.0,364.082,30.75,126.767,2264.0,94.13681,0.25856,0.08,2.33,3413,2.84,0.4,0.0269,0.875,low-use / standby,washing machine,0.286,0.192,0.4,0.133,Washing Machine shows repeated usage events in the 365-day window. Batch similar usage where possible to reduce repeated spikes.,low,0.12,washing machine,1.958721081081081,1.22083,17.62810810810811,13.5,-86.8,Average,peak-hour usage,"Washing Machine is classified as Average. It is 86.8% below the REFIT similar-appliance average, with 3413 detected events and 28.6% peak-hour activity.",5.2,0.33,Smart Plug With Timer,Kmart,58.1,0.2438,0.45
7,Dishwasher,Dishwasher,Appliance6,334170,8.0,364.082,19.23,116.242,2327.0,86.32165,0.23709,0.07,2.13,216,43.88,7.87,0.3844,0.875,medium-use,washing machine,0.268,0.232,0.129,0.171,Dishwasher shows repeated usage events in the 365-day window. Batch similar usage where possible to reduce repeated spikes.,low,0.11,washing machine,1.958721081081081,1.22083,17.62810810810811,10.8,-87.9,Average,peak-hour usage,"Dishwasher is classified as Average. It is 87.9% below the REFIT similar-appliance average, with 216 detected events and 26.8% peak-hour activity.",5.2,0.0,Laundry Smart Timer Plug,Big W,,0.2329,0.11
7,Television Site,Television Site,Appliance7,334170,8.0,364.082,56.88,25.691,2076.0,19.07805,0.0524,0.02,0.47,3,36.4,0.27,0.0433,0.094,low-use / standby,television,0.001,0.0,0.999,0.0,Television Site contributes to the daily energy use. Monitor this appliance and reduce unnecessary standby or repeated use.,low,0.02,television,0.64669,0.36083,5.819047619047619,14.3,-91.9,Efficient,normal usage pattern,"Television Site is classified as Efficient. It is 91.9% below the REFIT similar-appliance average, with 3 detected events and 0.1% peak-hour activity.",4.3,0.0,Standby Saver Powerboard,Kmart,,0.243,0.02
7,Toaster,Toaster,Appliance8,334170,8.0,364.082,150.0,454.959,2048.0,337.8525,0.92796,0.28,8.35,43,733.91,536.4,7.5318,0.906,high-power / large-use,toaster,0.252,0.311,0.239,0.236,Toaster shows repeated usage events in the 365-day window. Batch similar usage where possible to reduce repeated spikes.,high,1.25,toaster,6.3147199999999994,4.68782,56.83111111111111,22.2,-85.3,Average,peak-hour usage,"Toaster is classified as Average. It is 85.3% below the REFIT similar-appliance average, with 43 detected events and 25.2% peak-hour activity.",15.0,6.35,Smart Plug With Timer,Kmart,2.99,0.353,7.6
7,Kettle,Kettle,Appliance9,334170,8.0,364.082,150.0,1164.914,2363.0,865.06533,2.37602,0.71,21.38,121,342.62,175.07,7.1132,1.0,high-power / large-use,kettle,0.231,0.341,0.227,0.257,Kettle shows repeated usage events in the 365-day window. Batch similar usage where possible to reduce repeated spikes.,high,3.21,kettle,16.07417125,13.334344999999999,144.66750000000002,12.5,-85.2,Efficient,normal usage pattern,"Kettle is classified as Efficient. It is 85.2% below the REFIT similar-appliance average, with 121 detected events and 23.1% peak-hour activity.",15.0,19.38,Smart Plug With Timer,Kmart,0.98,0.3777,22.59
8,Fridge,Fridge,Appliance1,373326,6.0,365.0,60.8,88.556,1397.0,55.1003,0.15096,0.05,1.36,187,44.5,44.7,0.2052,1.0,medium-use,fridge,0.254,0.376,0.235,0.293,Fridge shows repeated usage events in the 365-day window. Batch similar usage where possible to reduce repeated spikes.,low,0.07,fridge,0.8247209090909091,0.62875,7.422727272727273,22.7,-81.7,Average,peak-hour usage,"Fridge is classified as Average. It is 81.7% below the REFIT similar-appliance average, with 187 detected events and 25.4% peak-hour activity.",5.1,0.0,Smart Plug With Timer,Kmart,,0.2514,0.07
8,Freezer,Freezer,Appliance2,373326,6.0,365.0,96.84,108.288,2126.0,67.37767,0.1846,0.06,1.66,186,20.99,18.1,0.1576,0.97,medium-use,freezer,0.187,0.366,0.277,0.305,Freezer shows repeated usage events in the 365-day window. Batch similar usage where possible to reduce repeated spikes.,low,0.08,freezer,1.02615,0.92847,9.235384615384616,38.5,-82.0,Efficient,normal usage pattern,"Freezer is classified as Efficient. It is 82.0% below the REFIT similar-appliance average, with 186 detected events and 18.7% peak-hour activity.",4.8,0.0,Freezer Timer Reminder Plug,Kmart,,0.2672,0.08
8,Dryer,Dryer,Appliance3,373326,6.0,365.0,21.2,49.405,2256.0,30.74001,0.08422,0.03,0.76,125,71.02,0.2,0.2358,0.455,medium-use,generic,0.251,0.37,0.171,0.29,Dryer shows repeated usage events in the 365-day window. Batch similar usage where possible to reduce repeated spikes.,low,0.04,generic,3.5444526086956527,1.83936,31.899565217391302,17.4,-97.6,Average,peak-hour usage,"Dryer is classified as Average. It is 97.6% below the REFIT similar-appliance average, with 125 detected events and 25.1% peak-hour activity.",5.3,0.0,Smart Plug With Timer,Kmart,,0.2461,0.04
8,Washing Machine,Washing Machine,Appliance4,373326,6.0,365.0,10.0,29.637,2789.0,18.44022,0.05052,0.02,0.45,460,10.98,0.5,0.0376,0.576,low-use / standby,washing machine,0.224,0.344,0.326,0.289,Washing Machine shows repeated usage events in the 365-day window. Batch similar usage where possible to reduce repeated spikes.,low,0.02,washing machine,1.958721081081081,1.22083,17.62810810810811,5.4,-97.4,Efficient,normal usage pattern,"Washing Machine is classified as Efficient. It is 97.4% below the REFIT similar-appliance average, with 460 detected events and 22.4% peak-hour activity.",4.4,0.0,Smart Plug With Timer,Kmart,,0.2341,0.02
8,Toaster,Toaster,Appliance5,373326,6.0,365.0,88.5,391.956,885.0,243.87911,0.66816,0.2,6.01,49,613.06,288.4,4.8767,0.939,high-power / large-use,toaster,0.257,0.37,0.167,0.279,Toaster shows repeated usage events in the 365-day window. Batch similar usage where possible to reduce repeated spikes.,medium,0.6,toaster,6.3147199999999994,4.68782,56.83111111111111,11.1,-89.4,Average,peak-hour usage,"Toaster is classified as Average. It is 89.4% below the REFIT similar-appliance average, with 49 detected events and 25.7% peak-hour activity.",10.0,4.01,Smart Plug With Timer,Kmart,4.73,0.3296,4.61
8,Computer,Computer,Appliance6,373326,6.0,365.0,18.5,20.331,2108.0,12.6504,0.03466,0.01,0.31,15440,0.59,0.2,0.0003,1.0,low-use / standby,computer,0.224,0.275,0.344,0.206,Computer shows repeated usage events in the 365-day window. Batch similar usage where possible to reduce repeated spikes.,low,0.02,computer,0.41818333333333335,0.179285,3.763888888888889,11.1,-91.7,Efficient,frequent usage,"Computer is classified as Efficient. It is 91.7% below the REFIT similar-appliance average, with 15440 detected events and 22.4% peak-hour activity.",6.5,0.0,Smart Plug With Timer,Kmart,,0.2398,0.02
8,Television Site,Television Site,Appliance7,373326,6.0,365.0,10.0,26.365,1029.0,16.40453,0.04494,0.01,0.4,122,71.09,41.15,0.1147,1.0,medium-use,television,0.616,0.243,0.25,0.122,Television Site is used often during peak hours. Try shifting flexible usage to off-peak times to reduce cost.,low,0.07,television,0.64669,0.36083,5.819047619047619,9.5,-93.1,Needs attention,peak-hour usage,"Television Site is classified as Needs attention. It is 93.1% below the REFIT similar-appliance average, with 122 detected events and 61.6% peak-hour activity.",17.5,0.0,Standby Saver Powerboard,Kmart,,0.2382,0.07
8,Microwave,Microwave,Appliance8,373326,6.0,365.0,10.0,10.824,1708.0,6.73471,0.01845,0.01,0.17,184,2.46,1.6,0.0305,0.909,low-use / standby,microwave,0.334,0.03,0.24,0.03,Microwave shows repeated usage events in the 365-day window. Batch similar usage where possible to reduce repeated spikes.,low,0.01,microwave,1.693406875,0.12358,15.23875,12.5,-98.9,Average,peak-hour usage,"Microwave is classified as Average. It is 98.9% below the REFIT similar-appliance average, with 184 detected events and 33.4% peak-hour activity.",5.9,0.0,Smart Plug With Timer,Kmart,,0.2412,0.01
8,Kettle,Kettle,Appliance9,373326,6.0,365.0,150.0,1466.556,2926.0,912.50603,2.50002,0.75,22.5,211,161.39,81.7,4.3102,0.97,high-power / large-use,kettle,0.232,0.348,0.226,0.263,Kettle shows repeated usage events in the 365-day window. Batch similar usage where possible to reduce repeated spikes.,high,3.38,kettle,16.07417125,13.334344999999999,144.66750000000002,18.8,-84.4,Efficient,normal usage pattern,"Kettle is classified as Efficient. It is 84.4% below the REFIT similar-appliance average, with 211 detected events and 23.2% peak-hour activity.",15.0,20.5,Smart Plug With Timer,Kmart,0.93,0.3863,23.88
9,Fridge-Freezer,Fridge-Freezer,Appliance1,3947000,7.0,364.757,89.88,96.047,3106.0,737.13522,2.02089,0.61,18.19,3773,16.91,4.2,0.0843,0.984,low-use / standby,fridge,0.237,0.344,0.296,0.26,Fridge-Freezer shows repeated usage events in the 365-day window. Batch similar usage where possible to reduce repeated spikes.,high,2.73,fridge,0.8247209090909091,0.62875,7.422727272727273,90.9,145.0,Needs attention,"above similar-house benchmark, frequent usage, higher monthly cost","Fridge-Freezer is classified as Needs attention. It is 145.0% above the REFIT similar-appliance average, with 3773 detected events and 23.7% peak-hour activity.",15.0,16.19,Smart Plug With Timer,Kmart,1.17,0.4492,18.92
9,Washer Dryer,Washer Dryer,Appliance2,3947000,7.0,364.757,150.0,609.675,3584.0,4679.08789,12.82796,3.85,115.45,1310,228.75,10.03,3.4759,0.846,high-power / large-use,washing machine,0.256,0.325,0.32,0.245,Washer Dryer shows repeated usage events in the 365-day window. Batch similar usage where possible to reduce repeated spikes.,high,17.32,washing machine,1.958721081081081,1.22083,17.62810810810811,100.0,554.9,Needs attention,"above similar-house benchmark, peak-hour usage, higher monthly cost","Washer Dryer is classified as Needs attention. It is 554.9% above the REFIT similar-appliance average, with 1310 detected events and 25.6% peak-hour activity.",15.0,113.45,Smart Plug With Timer,Kmart,0.17,0.6407,130.77
9,Washing Machine,Washing Machine,Appliance3,3947000,7.0,364.757,14.96,52.413,2484.0,402.25853,1.10281,0.33,9.93,6859,15.08,0.35,0.0551,0.508,low-use / standby,washing machine,0.251,0.314,0.283,0.237,Washing Machine shows repeated usage events in the 365-day window. Batch similar usage where possible to reduce repeated spikes.,high,1.49,washing machine,1.958721081081081,1.22083,17.62810810810811,43.2,-43.7,Average,"peak-hour usage, frequent usage","Washing Machine is classified as Average. It is 43.7% below the REFIT similar-appliance average, with 6859 detected events and 25.1% peak-hour activity.",15.0,7.93,Smart Plug With Timer,Kmart,2.4,0.3798,9.42
9,Dishwasher,Dishwasher,Appliance4,3947000,7.0,364.757,57.9,121.389,3072.0,931.6286,2.55411,0.77,22.99,1802,51.83,5.83,0.4278,0.775,medium-use,washing machine,0.259,0.294,0.287,0.196,Dishwasher shows repeated usage events in the 365-day window. Batch similar usage where possible to reduce repeated spikes.,high,3.45,washing machine,1.958721081081081,1.22083,17.62810810810811,81.1,30.4,Needs attention,"above similar-house benchmark, peak-hour usage, higher monthly cost","Dishwasher is classified as Needs attention. It is 30.4% above the REFIT similar-appliance average, with 1802 detected events and 25.9% peak-hour activity.",15.0,20.99,Smart Plug With Timer,Kmart,0.91,0.4496,24.44
9,Television Site,Television Site,Appliance5,3947000,7.0,364.757,17.5,24.379,1537.0,187.1005,0.51295,0.15,4.62,402,203.16,198.1,0.3428,0.852,medium-use,television,0.703,0.159,0.413,0.016,Television Site is used often during peak hours. Try shifting flexible usage to off-peak times to reduce cost.,high,0.83,television,0.64669,0.36083,5.819047619047619,57.1,-20.7,Needs attention,peak-hour usage,"Television Site is classified as Needs attention. It is 20.7% below the REFIT similar-appliance average, with 402 detected events and 70.3% peak-hour activity.",18.0,2.62,Smart Plug With Timer,Kmart,7.26,0.3629,3.45
9,Microwave,Microwave,Appliance6,3947000,7.0,364.757,150.0,492.417,3584.0,3779.16067,10.36076,3.11,93.25,178,1631.08,609.06,20.4083,0.807,high-power / large-use,microwave,0.234,0.328,0.285,0.25,Microwave shows repeated usage events in the 365-day window. Batch similar usage where possible to reduce repeated spikes.,high,13.99,microwave,1.693406875,0.12358,15.23875,100.0,511.8,Needs attention,"above similar-house benchmark, higher monthly cost","Microwave is classified as Needs attention. It is 511.8% above the REFIT similar-appliance average, with 178 detected events and 23.4% peak-hour activity.",15.0,91.25,Smart Plug With Timer,Kmart,0.21,0.6002,105.24
9,Kettle,Kettle,Appliance7,3947000,7.0,364.757,150.0,1392.451,3072.0,10686.67096,29.29805,8.79,263.68,1721,242.14,106.4,6.1864,1.0,high-power / large-use,kettle,0.248,0.338,0.275,0.258,Kettle shows repeated usage events in the 365-day window. Batch similar usage where possible to reduce repeated spikes.,high,39.55,kettle,16.07417125,13.334344999999999,144.66750000000002,81.2,82.3,Needs attention,"above similar-house benchmark, frequent usage, higher monthly cost","Kettle is classified as Needs attention. It is 82.3% above the REFIT similar-appliance average, with 1721 detected events and 24.8% peak-hour activity.",15.0,261.68,Smart Plug With Timer,Kmart,0.07,0.8916,301.23
9,Hi-Fi,Hi-Fi,Appliance8,3947000,7.0,364.757,10.0,7.274,21.0,55.8285,0.15306,0.05,1.38,3742,28.32,0.35,0.0058,0.286,low-use / standby,computer,0.261,0.332,0.269,0.248,Hi-Fi shows repeated usage events in the 365-day window. Batch similar usage where possible to reduce repeated spikes.,low,0.07,computer,0.41818333333333335,0.179285,3.763888888888889,44.4,-63.4,Average,peak-hour usage,"Hi-Fi is classified as Average. It is 63.4% below the REFIT similar-appliance average, with 3742 detected events and 26.1% peak-hour activity.",5.1,0.0,Smart Plug With Timer,Kmart,,0.2731,0.07
9,Electric Heater,Electric Heater,Appliance9,3947000,7.0,364.757,150.0,835.673,2144.0,6413.55806,17.58309,5.27,158.25,923,393.35,1.98,6.8633,0.859,high-power / large-use,heater,0.247,0.331,0.275,0.252,Electric Heater shows repeated usage events in the 365-day window. Batch similar usage where possible to reduce repeated spikes.,high,23.74,heater,4.664432,1.54766,41.977999999999994,100.0,277.0,Needs attention,"above similar-house benchmark, frequent usage, higher monthly cost","Electric Heater is classified as Needs attention. It is 277.0% above the REFIT similar-appliance average, with 923 detected events and 24.7% peak-hour activity.",15.0,156.25,Smart Plug With Timer,Kmart,0.12,0.7187,179.99
10,Magimix Blender,Magimix Blender,Appliance1,3947000,6.0,331.756,144.72,164.089,3584.0,1079.43219,3.25369,0.98,29.28,146,539.46,293.8,5.0231,0.471,high-power / large-use,generic,0.212,0.318,0.297,0.25,Magimix Blender shows repeated usage events in the 365-day window. Batch similar usage where possible to reduce repeated spikes.,high,4.39,generic,3.5444526086956527,1.83936,31.899565217391302,69.6,-8.2,Average,normal usage pattern,"Magimix Blender is classified as Average. It is 8.2% below the REFIT similar-appliance average, with 146 detected events and 21.2% peak-hour activity.",15.0,27.28,Smart Plug With Timer,Kmart,0.7,0.4508,31.67
10,Freezer,Freezer,Appliance2,3947000,6.0,331.756,86.1,192.575,2632.0,1266.82302,3.81854,1.15,34.37,485,154.45,10.4,2.0239,0.653,high-power / large-use,freezer,0.251,0.332,0.244,0.25,Freezer shows repeated usage events in the 365-day window. Batch similar usage where possible to reduce repeated spikes.,high,5.16,freezer,1.02615,0.92847,9.235384615384616,100.0,272.1,Needs attention,"above similar-house benchmark, peak-hour usage, higher monthly cost","Freezer is classified as Needs attention. It is 272.1% above the REFIT similar-appliance average, with 485 detected events and 25.1% peak-hour activity.",15.0,32.37,Smart Plug With Timer,Kmart,0.59,0.491,37.53
10,Chest Freezer Garage,Chest Freezer Garage,Appliance3,3947000,6.0,331.756,86.5,98.467,2116.0,647.75039,1.95249,0.59,17.57,5417,12.4,2.5,0.051,0.656,low-use / standby,freezer,0.241,0.349,0.305,0.263,Chest Freezer Garage shows repeated usage events in the 365-day window. Batch similar usage where possible to reduce repeated spikes.,high,2.64,freezer,1.02615,0.92847,9.235384615384616,84.6,90.3,Needs attention,"above similar-house benchmark, frequent usage, higher monthly cost","Chest Freezer Garage is classified as Needs attention. It is 90.3% above the REFIT similar-appliance average, with 5417 detected events and 24.1% peak-hour activity.",15.0,15.57,Smart Plug With Timer,Kmart,1.22,0.4415,18.21
10,Fridge-Freezer,Fridge-Freezer,Appliance4,3947000,6.0,331.756,136.17,108.892,2159.0,716.32722,2.1592,0.65,19.43,1960,16.23,0.8,0.1101,0.849,medium-use,fridge,0.257,0.32,0.262,0.239,Fridge-Freezer shows repeated usage events in the 365-day window. Batch similar usage where possible to reduce repeated spikes.,high,2.91,fridge,0.8247209090909091,0.62875,7.422727272727273,95.5,161.8,Needs attention,"above similar-house benchmark, peak-hour usage, frequent usage, higher monthly cost","Fridge-Freezer is classified as Needs attention. It is 161.8% above the REFIT similar-appliance average, with 1960 detected events and 25.7% peak-hour activity.",15.0,17.43,Smart Plug With Timer,Kmart,1.09,0.4565,20.34
10,Washing Machine,Washing Machine,Appliance5,3947000,6.0,331.756,37.77,92.342,2720.0,607.45869,1.83104,0.55,16.48,38336,2.25,0.3,0.015,0.804,low-use / standby,washing machine,0.321,0.235,0.223,0.181,Washing Machine shows repeated usage events in the 365-day window. Batch similar usage where possible to reduce repeated spikes.,high,2.47,washing machine,1.958721081081081,1.22083,17.62810810810811,73.0,-6.5,Average,"peak-hour usage, frequent usage","Washing Machine is classified as Average. It is 6.5% below the REFIT similar-appliance average, with 38336 detected events and 32.1% peak-hour activity.",15.0,14.48,Smart Plug With Timer,Kmart,1.31,0.4274,16.95
10,Dishwasher,Dishwasher,Appliance6,3947000,6.0,331.756,10.0,230.491,3585.0,1516.24815,4.57037,1.37,41.13,2948,23.46,0.7,0.5116,0.873,high-power / large-use,washing machine,0.372,0.223,0.324,0.162,Dishwasher is used often during peak hours. Try shifting flexible usage to off-peak times to reduce cost.,high,7.4,washing machine,1.958721081081081,1.22083,17.62810810810811,91.9,133.3,Needs attention,"above similar-house benchmark, peak-hour usage, higher monthly cost","Dishwasher is classified as Needs attention. It is 133.3% above the REFIT similar-appliance average, with 2948 detected events and 37.2% peak-hour activity.",18.0,39.13,Smart Plug With Timer,Kmart,0.49,0.4958,46.53
10,Television Site,Television Site,Appliance7,3947000,6.0,331.756,96.0,58.294,2103.0,383.47911,1.15591,0.35,10.4,2994,15.01,2.5,0.0314,0.743,low-use / standby,television,0.574,0.023,0.278,0.01,Television Site is used often during peak hours. Try shifting flexible usage to off-peak times to reduce cost.,high,1.87,television,0.64669,0.36083,5.819047619047619,85.7,78.7,Needs attention,"above similar-house benchmark, peak-hour usage, higher monthly cost","Television Site is classified as Needs attention. It is 78.7% above the REFIT similar-appliance average, with 2994 detected events and 57.4% peak-hour activity.",18.0,8.4,Smart Plug With Timer,Kmart,2.26,0.4239,10.27
10,Microwave,Microwave,Appliance8,3947000,6.0,331.756,150.0,242.264,2974.0,1593.69604,4.80382,1.44,43.23,1478,89.91,0.5,0.959,0.819,high-power / large-use,microwave,0.242,0.353,0.232,0.268,Microwave shows repeated usage events in the 365-day window. Batch similar usage where possible to reduce repeated spikes.,high,6.49,microwave,1.693406875,0.12358,15.23875,93.8,183.7,Needs attention,"above similar-house benchmark, frequent usage, higher monthly cost","Microwave is classified as Needs attention. It is 183.7% above the REFIT similar-appliance average, with 1478 detected events and 24.2% peak-hour activity.",15.0,41.23,Smart Plug With Timer,Kmart,0.46,0.5017,47.72
10,Kenwood KMix,Kenwood KMix,Appliance9,3947000,6.0,331.756,27.0,148.274,3928.0,975.39506,2.9401,0.88,26.46,247,308.51,4.4,3.4388,0.254,high-power / large-use,generic,0.257,0.327,0.301,0.246,Kenwood KMix shows repeated usage events in the 365-day window. Batch similar usage where possible to reduce repeated spikes.,high,3.97,generic,3.5444526086956527,1.83936,31.899565217391302,65.2,-17.1,Average,peak-hour usage,"Kenwood KMix is classified as Average. It is 17.1% below the REFIT similar-appliance average, with 247 detected events and 25.7% peak-hour activity.",15.0,24.46,Smart Plug With Timer,Kmart,0.78,0.4408,28.43
11,Fridge,Fridge,Appliance1,1013921,7.0,364.0,50.1,79.57,2859.0,156.87325,0.43097,0.13,3.88,246,83.05,42.17,0.4148,0.476,medium-use,fridge,0.258,0.307,0.125,0.234,Fridge shows repeated usage events in the 365-day window. Batch similar usage where possible to reduce repeated spikes.,medium,0.39,fridge,0.8247209090909091,0.62875,7.422727272727273,31.8,-47.7,Average,peak-hour usage,"Fridge is classified as Average. It is 47.7% below the REFIT similar-appliance average, with 246 detected events and 25.8% peak-hour activity.",10.1,1.88,Smart Plug With Timer,Kmart,10.11,0.3266,2.27
11,Fridge-Freezer,Fridge-Freezer,Appliance2,1013921,7.0,364.0,107.22,109.002,2178.0,214.89899,0.59038,0.18,5.31,295,46.76,16.1,0.3474,0.988,medium-use,fridge,0.255,0.301,0.245,0.243,Fridge-Freezer shows repeated usage events in the 365-day window. Batch similar usage where possible to reduce repeated spikes.,medium,0.53,fridge,0.8247209090909091,0.62875,7.422727272727273,50.0,-28.4,Average,peak-hour usage,"Fridge-Freezer is classified as Average. It is 28.4% below the REFIT similar-appliance average, with 295 detected events and 25.5% peak-hour activity.",10.0,3.31,Smart Plug With Timer,Kmart,5.73,0.363,3.84
11,Washing Machine,Washing Machine,Appliance3,1013921,7.0,364.0,66.33,47.927,2427.0,94.48969,0.25959,0.08,2.34,1614,11.45,0.35,0.0402,0.405,low-use / standby,washing machine,0.265,0.306,0.482,0.217,Washing Machine shows repeated usage events in the 365-day window. Batch similar usage where possible to reduce repeated spikes.,low,0.12,washing machine,1.958721081081081,1.22083,17.62810810810811,16.2,-86.7,Average,peak-hour usage,"Washing Machine is classified as Average. It is 86.7% below the REFIT similar-appliance average, with 1614 detected events and 26.5% peak-hour activity.",5.1,0.34,Smart Plug With Timer,Kmart,56.5,0.2474,0.46
11,Dishwasher,Dishwasher,Appliance4,1013921,7.0,364.0,150.0,323.331,2974.0,637.45098,1.75124,0.53,15.76,45,738.53,2.92,13.4071,0.393,high-power / large-use,washing machine,0.264,0.323,0.276,0.24,Dishwasher shows repeated usage events in the 365-day window. Batch similar usage where possible to reduce repeated spikes.,high,2.36,washing machine,1.958721081081081,1.22083,17.62810810810811,70.3,-10.6,Average,peak-hour usage,"Dishwasher is classified as Average. It is 10.6% below the REFIT similar-appliance average, with 45 detected events and 26.4% peak-hour activity.",15.0,13.76,Smart Plug With Timer,Kmart,1.38,0.423,16.12
11,Computer Site,Computer Site,Appliance5,1013921,7.0,364.0,10.4,18.807,104.0,37.07747,0.10186,0.03,0.92,288,237.76,0.23,0.1119,0.821,medium-use,computer,0.252,0.318,0.304,0.23,Computer Site shows repeated usage events in the 365-day window. Batch similar usage where possible to reduce repeated spikes.,low,0.05,computer,0.41818333333333335,0.179285,3.763888888888889,33.3,-75.6,Average,peak-hour usage,"Computer Site is classified as Average. It is 75.6% below the REFIT similar-appliance average, with 288 detected events and 25.2% peak-hour activity.",5.4,0.0,Smart Plug With Timer,Kmart,,0.262,0.05
11,Microwave,Microwave,Appliance6,1013921,7.0,364.0,10.0,3.352,2050.0,6.60858,0.01816,0.01,0.16,147,1.71,0.82,0.0209,0.56,low-use / standby,microwave,0.389,0.387,0.33,0.064,Microwave is used often during peak hours. Try shifting flexible usage to off-peak times to reduce cost.,low,0.03,microwave,1.693406875,0.12358,15.23875,6.2,-98.9,Average,peak-hour usage,"Microwave is classified as Average. It is 98.9% below the REFIT similar-appliance average, with 147 detected events and 38.9% peak-hour activity.",18.8,0.0,Smart Plug With Timer,Kmart,,0.2349,0.03
11,Kettle,Kettle,Appliance7,1013921,7.0,364.0,150.0,1082.795,2232.0,2134.745,5.86469,1.76,52.78,573,190.53,76.42,3.7048,1.0,high-power / large-use,kettle,0.259,0.325,0.296,0.246,Kettle shows repeated usage events in the 365-day window. Batch similar usage where possible to reduce repeated spikes.,high,7.92,kettle,16.07417125,13.334344999999999,144.66750000000002,25.0,-63.5,Average,peak-hour usage,"Kettle is classified as Average. It is 63.5% below the REFIT similar-appliance average, with 573 detected events and 25.9% peak-hour activity.",15.0,50.78,Smart Plug With Timer,Kmart,0.37,0.4508,58.7
11,Router,Router,Appliance8,1013921,7.0,364.0,13.0,10.887,333.0,21.46467,0.05897,0.02,0.53,447,0.13,0.12,0.0,0.31,low-use / standby,computer,0.179,0.475,0.249,0.383,Router shows repeated usage events in the 365-day window. Batch similar usage where possible to reduce repeated spikes.,low,0.03,computer,0.41818333333333335,0.179285,3.763888888888889,27.8,-85.9,Efficient,normal usage pattern,"Router is classified as Efficient. It is 85.9% below the REFIT similar-appliance average, with 447 detected events and 17.9% peak-hour activity.",5.7,0.0,Smart Plug With Timer,Kmart,,0.2565,0.03
11,Hi-Fi,Hi-Fi,Appliance9,1013921,7.0,364.0,21.03,19.134,2465.0,37.72354,0.10364,0.03,0.93,1746,2.13,0.12,0.0014,0.631,low-use / standby,computer,0.316,0.221,0.089,0.134,Hi-Fi shows repeated usage events in the 365-day window. Batch similar usage where possible to reduce repeated spikes.,low,0.05,computer,0.41818333333333335,0.179285,3.763888888888889,38.9,-75.2,Average,peak-hour usage,"Hi-Fi is classified as Average. It is 75.2% below the REFIT similar-appliance average, with 1746 detected events and 31.6% peak-hour activity.",5.4,0.0,Smart Plug With Timer,Kmart,,0.2676,0.05
12,Fridge-Freezer,Fridge-Freezer,Appliance1,1458103,7.0,363.0,123.23,95.675,2135.0,271.25822,0.74727,0.22,6.73,416,24.08,7.58,0.2111,0.948,medium-use,fridge,0.173,0.41,0.299,0.312,Fridge-Freezer shows repeated usage events in the 365-day window. Batch similar usage where possible to reduce repeated spikes.,medium,0.67,fridge,0.8247209090909091,0.62875,7.422727272727273,59.1,-9.4,Average,normal usage pattern,"Fridge-Freezer is classified as Average. It is 9.4% below the REFIT similar-appliance average, with 416 detected events and 17.3% peak-hour activity.",10.0,4.73,Smart Plug With Timer,Kmart,4.02,0.3821,5.4
12,Television Site Lounge,Television Site Lounge,Appliance2,1458103,7.0,363.0,30.5,42.422,2053.0,120.27423,0.33133,0.1,2.98,702,52.09,12.83,0.148,1.0,medium-use,television,0.609,0.121,0.293,0.039,Television Site Lounge is used often during peak hours. Try shifting flexible usage to off-peak times to reduce cost.,high,0.54,television,0.64669,0.36083,5.819047619047619,47.6,-48.8,Needs attention,peak-hour usage,"Television Site Lounge is classified as Needs attention. It is 48.8% below the REFIT similar-appliance average, with 702 detected events and 60.9% peak-hour activity.",18.1,0.98,Smart Plug With Timer,Kmart,19.35,0.3183,1.52
12,Microwave,Microwave,Appliance3,1458103,7.0,363.0,10.0,5.712,1672.0,16.19403,0.04461,0.01,0.4,441,11.15,0.82,0.0302,0.861,low-use / standby,microwave,0.288,0.212,0.136,0.158,Microwave shows repeated usage events in the 365-day window. Batch similar usage where possible to reduce repeated spikes.,low,0.02,microwave,1.693406875,0.12358,15.23875,31.2,-97.4,Average,peak-hour usage,"Microwave is classified as Average. It is 97.4% below the REFIT similar-appliance average, with 441 detected events and 28.8% peak-hour activity.",5.0,0.0,Smart Plug With Timer,Kmart,,0.2599,0.02
12,Kettle,Kettle,Appliance4,1458103,7.0,363.0,150.0,1417.711,3712.0,4019.49432,11.07299,3.32,99.66,636,243.65,149.28,6.2947,1.0,high-power / large-use,kettle,0.24,0.34,0.274,0.26,Kettle shows repeated usage events in the 365-day window. Batch similar usage where possible to reduce repeated spikes.,high,14.95,kettle,16.07417125,13.334344999999999,144.66750000000002,43.8,-31.1,Efficient,normal usage pattern,"Kettle is classified as Efficient. It is 31.1% below the REFIT similar-appliance average, with 636 detected events and 24.0% peak-hour activity.",15.0,97.66,Smart Plug With Timer,Kmart,0.19,0.5557,112.61
12,Toaster,Toaster,Appliance5,1458103,7.0,363.0,150.0,480.67,2048.0,1362.79664,3.75426,1.13,33.79,91,1363.11,990.85,14.4896,0.922,high-power / large-use,toaster,0.241,0.363,0.27,0.275,Toaster shows repeated usage events in the 365-day window. Batch similar usage where possible to reduce repeated spikes.,high,5.07,toaster,6.3147199999999994,4.68782,56.83111111111111,44.4,-40.5,Efficient,normal usage pattern,"Toaster is classified as Efficient. It is 40.5% below the REFIT similar-appliance average, with 91 detected events and 24.1% peak-hour activity.",15.0,31.79,Smart Plug With Timer,Kmart,0.6,0.4343,36.86
12,Television Site Bedroom,Television Site Bedroom,Appliance6,1458103,7.0,363.0,32.72,37.961,1024.0,107.62702,0.29649,0.09,2.67,194,203.26,38.73,0.3002,0.896,medium-use,television,0.266,0.307,0.348,0.227,Television Site Bedroom shows repeated usage events in the 365-day window. Batch similar usage where possible to reduce repeated spikes.,low,0.13,television,0.64669,0.36083,5.819047619047619,42.9,-54.2,Average,peak-hour usage,"Television Site Bedroom is classified as Average. It is 54.2% below the REFIT similar-appliance average, with 194 detected events and 26.6% peak-hour activity.",4.9,0.67,Smart Plug With Timer,Kmart,28.42,0.2987,0.8
12,Not Used,Not Used,Appliance7,1458103,7.0,363.0,10.0,0.001,0.001,0.00284,1e-05,0.0,0.0,0,0.0,0.0,0.0,0.0,low-use / standby,generic,0.0,0.0,0.0,0.0,Not Used contributes to the daily energy use. Monitor this appliance and reduce unnecessary standby or repeated use.,low,0.0,generic,3.5444526086956527,1.83936,31.899565217391302,13.0,-100.0,Efficient,normal usage pattern,"Not Used is classified as Efficient. It is 100.0% below the REFIT similar-appliance average, with 0 detected events and 0.0% peak-hour activity.",0.0,,,,,,0.0
12,Not Used,Not Used,Appliance8,1458103,7.0,363.0,10.0,0.001,0.001,0.00284,1e-05,0.0,0.0,0,0.0,0.0,0.0,0.0,low-use / standby,generic,0.0,0.0,0.0,0.0,Not Used contributes to the daily energy use. Monitor this appliance and reduce unnecessary standby or repeated use.,low,0.0,generic,3.5444526086956527,1.83936,31.899565217391302,13.0,-100.0,Efficient,normal usage pattern,"Not Used is classified as Efficient. It is 100.0% below the REFIT similar-appliance average, with 0 detected events and 0.0% peak-hour activity.",0.0,,,,,,0.0
12,Not Used,Not Used,Appliance9,1458103,7.0,363.0,10.0,0.001,0.001,0.00284,1e-05,0.0,0.0,0,0.0,0.0,0.0,0.0,low-use / standby,generic,0.0,0.0,0.0,0.0,Not Used contributes to the daily energy use. Monitor this appliance and reduce unnecessary standby or repeated use.,low,0.0,generic,3.5444526086956527,1.83936,31.899565217391302,13.0,-100.0,Efficient,normal usage pattern,"Not Used is classified as Efficient. It is 100.0% below the REFIT similar-appliance average, with 0 detected events and 0.0% peak-hour activity.",0.0,,,,,,0.0
13,Television Site,Television Site,Appliance1,3419454,7.0,365.0,85.85,105.344,2688.0,700.42594,1.91898,0.58,17.27,131,660.51,122.73,4.3041,0.478,high-power / large-use,television,0.299,0.317,0.285,0.235,Television Site shows repeated usage events in the 365-day window. Batch similar usage where possible to reduce repeated spikes.,high,2.59,television,0.64669,0.36083,5.819047619047619,95.2,196.7,Needs attention,"above similar-house benchmark, peak-hour usage, higher monthly cost","Television Site is classified as Needs attention. It is 196.7% above the REFIT similar-appliance average, with 131 detected events and 29.9% peak-hour activity.",15.0,15.27,Smart Plug With Timer,Kmart,1.24,0.4514,17.86
13,Unknown,Unknown,Appliance2,3419454,7.0,365.0,150.0,324.69,2048.0,2158.84474,5.91464,1.77,53.23,1845,75.98,5.37,1.1346,0.478,high-power / large-use,generic,0.228,0.342,0.278,0.26,Unknown shows repeated usage events in the 365-day window. Batch similar usage where possible to reduce repeated spikes.,high,7.98,generic,3.5444526086956527,1.83936,31.899565217391302,82.6,66.9,Needs attention,"above similar-house benchmark, higher monthly cost","Unknown is classified as Needs attention. It is 66.9% above the REFIT similar-appliance average, with 1845 detected events and 22.8% peak-hour activity.",15.0,51.23,Smart Plug With Timer,Kmart,0.37,0.5092,59.21
13,Washing Machine,Washing Machine,Appliance3,3419454,7.0,365.0,31.86,64.131,3074.0,426.40011,1.16822,0.35,10.51,23513,3.14,0.35,0.0169,0.633,low-use / standby,washing machine,0.227,0.307,0.277,0.233,Washing Machine shows repeated usage events in the 365-day window. Batch similar usage where possible to reduce repeated spikes.,high,1.58,washing machine,1.958721081081081,1.22083,17.62810810810811,48.6,-40.4,Efficient,frequent usage,"Washing Machine is classified as Efficient. It is 40.4% below the REFIT similar-appliance average, with 23513 detected events and 22.7% peak-hour activity.",15.0,8.51,Smart Plug With Timer,Kmart,2.23,0.3872,10.09
13,Dishwasher,Dishwasher,Appliance4,3419454,7.0,365.0,14.4,81.24,2448.0,540.15895,1.47989,0.44,13.32,491,108.24,14.47,1.0402,0.549,high-power / large-use,washing machine,0.271,0.281,0.209,0.216,Dishwasher shows repeated usage events in the 365-day window. Batch similar usage where possible to reduce repeated spikes.,high,2.0,washing machine,1.958721081081081,1.22083,17.62810810810811,59.5,-24.4,Average,peak-hour usage,"Dishwasher is classified as Average. It is 24.4% below the REFIT similar-appliance average, with 491 detected events and 27.1% peak-hour activity.",15.0,11.32,Smart Plug With Timer,Kmart,1.68,0.4061,13.32
13,Tumble Dryer,Tumble Dryer,Appliance5,3419454,7.0,365.0,134.39,136.331,2960.0,906.45549,2.48344,0.75,22.35,1266,52.43,0.47,0.5938,0.253,high-power / large-use,generic,0.243,0.345,0.336,0.258,Tumble Dryer shows repeated usage events in the 365-day window. Batch similar usage where possible to reduce repeated spikes.,high,3.35,generic,3.5444526086956527,1.83936,31.899565217391302,60.9,-29.9,Average,normal usage pattern,"Tumble Dryer is classified as Average. It is 29.9% below the REFIT similar-appliance average, with 1266 detected events and 24.3% peak-hour activity.",15.0,20.35,Smart Plug With Timer,Kmart,0.93,0.4281,23.7
13,Television Site,Television Site,Appliance6,3419454,7.0,365.0,150.0,136.592,3593.0,908.19139,2.4882,0.75,22.39,42136,1.92,0.23,0.0112,0.99,low-use / standby,television,0.465,0.135,0.338,0.098,Television Site is used often during peak hours. Try shifting flexible usage to off-peak times to reduce cost.,high,4.03,television,0.64669,0.36083,5.819047619047619,100.0,284.8,Needs attention,"above similar-house benchmark, peak-hour usage, frequent usage, higher monthly cost","Television Site is classified as Needs attention. It is 284.8% above the REFIT similar-appliance average, with 42136 detected events and 46.5% peak-hour activity.",18.0,20.39,Smart Plug With Timer,Kmart,0.93,0.4673,24.42
13,Computer Site,Computer Site,Appliance7,3419454,7.0,365.0,63.0,29.625,3348.0,196.97251,0.53965,0.16,4.86,19580,0.75,0.23,0.0011,0.343,low-use / standby,computer,0.407,0.485,0.328,0.37,Computer Site is used often during peak hours. Try shifting flexible usage to off-peak times to reduce cost.,high,0.87,computer,0.41818333333333335,0.179285,3.763888888888889,72.2,29.0,Average,"above similar-house benchmark, peak-hour usage, frequent usage, higher monthly cost","Computer Site is classified as Average. It is 29.0% above the REFIT similar-appliance average, with 19580 detected events and 40.7% peak-hour activity.",17.9,2.86,Smart Plug With Timer,Kmart,6.65,0.3807,3.73
13,Microwave,Microwave,Appliance8,3419454,7.0,365.0,10.0,4.474,2049.0,29.74923,0.0815,0.02,0.73,634,2.13,1.05,0.0365,0.7,low-use / standby,microwave,0.753,0.07,0.382,0.059,Microwave is used often during peak hours. Try shifting flexible usage to off-peak times to reduce cost.,low,0.13,microwave,1.693406875,0.12358,15.23875,50.0,-95.2,Needs attention,peak-hour usage,"Microwave is classified as Needs attention. It is 95.2% below the REFIT similar-appliance average, with 634 detected events and 75.3% peak-hour activity.",17.8,0.0,Smart Plug With Timer,Kmart,,0.2787,0.13
13,Kettle,Kettle,Appliance9,3419454,7.0,365.0,150.0,1354.432,3840.0,9005.53573,24.6727,7.4,222.05,764,485.13,391.53,11.7445,1.0,high-power / large-use,kettle,0.239,0.354,0.28,0.265,Kettle shows repeated usage events in the 365-day window. Batch similar usage where possible to reduce repeated spikes.,high,33.31,kettle,16.07417125,13.334344999999999,144.66750000000002,75.0,53.5,Average,"above similar-house benchmark, higher monthly cost","Kettle is classified as Average. It is 53.5% above the REFIT similar-appliance average, with 764 detected events and 23.9% peak-hour activity.",15.0,220.05,Smart Plug With Timer,Kmart,0.09,0.8097,253.36
15,Fridge-Freezer,Fridge-Freezer,Appliance1,3947000,7.0,360.016,97.92,84.012,2048.0,644.7674,1.79094,0.54,16.12,1119,25.55,19.37,0.191,0.865,medium-use,fridge,0.213,0.391,0.276,0.294,Fridge-Freezer shows repeated usage events in the 365-day window. Batch similar usage where possible to reduce repeated spikes.,high,2.42,fridge,0.8247209090909091,0.62875,7.422727272727273,86.4,117.2,Needs attention,"above similar-house benchmark, higher monthly cost","Fridge-Freezer is classified as Needs attention. It is 117.2% above the REFIT similar-appliance average, with 1119 detected events and 21.3% peak-hour activity.",15.0,14.12,Smart Plug With Timer,Kmart,1.35,0.4399,16.54
15,Tumble Dryer,Tumble Dryer,Appliance2,3947000,7.0,360.016,150.0,794.153,2705.0,6094.90203,16.92955,5.08,152.37,383,819.08,10.85,15.6637,0.807,high-power / large-use,generic,0.249,0.328,0.291,0.246,Tumble Dryer shows repeated usage events in the 365-day window. Batch similar usage where possible to reduce repeated spikes.,high,22.85,generic,3.5444526086956527,1.83936,31.899565217391302,100.0,377.6,Needs attention,"above similar-house benchmark, higher monthly cost","Tumble Dryer is classified as Needs attention. It is 377.6% above the REFIT similar-appliance average, with 383 detected events and 24.9% peak-hour activity.",15.0,150.37,Smart Plug With Timer,Kmart,0.13,0.708,173.22
15,Washing Machine,Washing Machine,Appliance3,3947000,7.0,360.016,17.28,95.251,3072.0,731.02816,2.03055,0.61,18.27,8650,11.07,0.47,0.0813,0.533,low-use / standby,washing machine,0.246,0.301,0.294,0.231,Washing Machine shows repeated usage events in the 365-day window. Batch similar usage where possible to reduce repeated spikes.,high,2.74,washing machine,1.958721081081081,1.22083,17.62810810810811,75.7,3.7,Average,"frequent usage, higher monthly cost","Washing Machine is classified as Average. It is 3.7% above the REFIT similar-appliance average, with 8650 detected events and 24.6% peak-hour activity.",15.0,16.27,Smart Plug With Timer,Kmart,1.17,0.4342,19.01
15,Dishwasher,Dishwasher,Appliance4,3947000,7.0,360.016,150.0,388.634,3328.0,2982.66009,8.28481,2.49,74.56,39,4329.91,84.47,71.8865,0.406,high-power / large-use,washing machine,0.252,0.336,0.283,0.252,Dishwasher shows repeated usage events in the 365-day window. Batch similar usage where possible to reduce repeated spikes.,high,11.18,washing machine,1.958721081081081,1.22083,17.62810810810811,97.3,323.0,Needs attention,"above similar-house benchmark, peak-hour usage, higher monthly cost","Dishwasher is classified as Needs attention. It is 323.0% above the REFIT similar-appliance average, with 39 detected events and 25.2% peak-hour activity.",15.0,72.56,Smart Plug With Timer,Kmart,0.26,0.5633,83.74
15,Computer Site,Computer Site,Appliance5,3947000,7.0,360.016,52.86,59.5,2048.0,456.64919,1.26842,0.38,11.42,342,161.39,0.23,0.7519,0.28,high-power / large-use,computer,0.232,0.316,0.214,0.241,Computer Site shows repeated usage events in the 365-day window. Batch similar usage where possible to reduce repeated spikes.,high,1.71,computer,0.41818333333333335,0.179285,3.763888888888889,88.9,203.3,Needs attention,"above similar-house benchmark, higher monthly cost","Computer Site is classified as Needs attention. It is 203.3% above the REFIT similar-appliance average, with 342 detected events and 23.2% peak-hour activity.",15.0,9.42,Smart Plug With Timer,Kmart,2.02,0.4302,11.13
15,Television Site,Television Site,Appliance6,3947000,7.0,360.016,99.94,38.728,2048.0,297.22862,0.8256,0.25,7.43,14,497.53,440.24,3.5792,0.052,high-power / large-use,television,0.094,0.483,0.475,0.413,Television Site shows repeated usage events in the 365-day window. Batch similar usage where possible to reduce repeated spikes.,medium,0.74,television,0.64669,0.36083,5.819047619047619,66.7,27.7,Average,"above similar-house benchmark, higher monthly cost","Television Site is classified as Average. It is 27.7% above the REFIT similar-appliance average, with 14 detected events and 9.4% peak-hour activity.",10.0,5.43,Smart Plug With Timer,Kmart,3.5,0.3934,6.17
15,Microwave,Microwave,Appliance7,3947000,7.0,360.016,10.0,3.357,3585.0,25.76259,0.07156,0.02,0.64,416,3.55,2.22,0.0435,0.484,low-use / standby,microwave,0.739,0.055,0.194,0.047,Microwave is used often during peak hours. Try shifting flexible usage to off-peak times to reduce cost.,low,0.12,microwave,1.693406875,0.12358,15.23875,43.8,-95.8,Needs attention,peak-hour usage,"Microwave is classified as Needs attention. It is 95.8% below the REFIT similar-appliance average, with 416 detected events and 73.9% peak-hour activity.",18.8,0.0,Smart Plug With Timer,Kmart,,0.2725,0.12
15,Kettle,Kettle,Appliance8,3947000,7.0,360.016,150.0,1398.658,3032.0,10734.31226,29.81624,8.94,268.35,962,427.01,205.16,11.1103,0.983,high-power / large-use,kettle,0.247,0.346,0.275,0.26,Kettle shows repeated usage events in the 365-day window. Batch similar usage where possible to reduce repeated spikes.,high,40.25,kettle,16.07417125,13.334344999999999,144.66750000000002,93.8,85.5,Needs attention,"above similar-house benchmark, higher monthly cost","Kettle is classified as Needs attention. It is 85.5% above the REFIT similar-appliance average, with 962 detected events and 24.7% peak-hour activity.",15.0,266.35,Smart Plug With Timer,Kmart,0.07,0.9126,306.6
15,Toaster,Toaster,Appliance9,3947000,7.0,360.016,150.0,522.436,2560.0,4009.54775,11.13715,3.34,100.23,87,3734.17,504.35,45.0764,0.795,high-power / large-use,toaster,0.25,0.33,0.267,0.248,Toaster shows repeated usage events in the 365-day window. Batch similar usage where possible to reduce repeated spikes.,high,15.04,toaster,6.3147199999999994,4.68782,56.83111111111111,88.9,76.4,Needs attention,"above similar-house benchmark, peak-hour usage, higher monthly cost","Toaster is classified as Needs attention. It is 76.4% above the REFIT similar-appliance average, with 87 detected events and 25.0% peak-hour activity.",15.0,98.23,Smart Plug With Timer,Kmart,0.19,0.6019,113.27
16,Fridge-Freezer 1,Fridge-Freezer 1,Appliance1,1407452,7.0,364.996,148.5,66.92,2048.0,183.14192,0.50176,0.15,4.52,136,10.48,0.23,0.1112,0.627,medium-use,fridge,0.138,0.286,0.257,0.159,Fridge-Freezer 1 shows repeated usage events in the 365-day window. Batch similar usage where possible to reduce repeated spikes.,medium,0.45,fridge,0.8247209090909091,0.62875,7.422727272727273,40.9,-39.2,Efficient,normal usage pattern,"Fridge-Freezer 1 is classified as Efficient. It is 39.2% below the REFIT similar-appliance average, with 136 detected events and 13.8% peak-hour activity.",10.0,2.52,Smart Plug With Timer,Kmart,7.55,0.3455,2.97
16,Fridge-Freezer 2,Fridge-Freezer 2,Appliance2,1407452,7.0,364.996,108.32,135.591,1314.0,371.07237,1.01665,0.3,9.15,1210,22.43,22.23,0.178,0.96,medium-use,fridge,0.237,0.338,0.262,0.262,Fridge-Freezer 2 shows repeated usage events in the 365-day window. Batch similar usage where possible to reduce repeated spikes.,high,1.37,fridge,0.8247209090909091,0.62875,7.422727272727273,77.3,23.3,Average,"above similar-house benchmark, higher monthly cost","Fridge-Freezer 2 is classified as Average. It is 23.3% above the REFIT similar-appliance average, with 1210 detected events and 23.7% peak-hour activity.",15.0,7.15,Smart Plug With Timer,Kmart,2.66,0.4112,8.52
16,Electric Heater 1,Electric Heater 1,Appliance3,1407452,7.0,364.996,150.0,460.048,2560.0,1259.0192,3.4494,1.03,31.04,28,3692.83,46.78,43.1513,0.714,high-power / large-use,heater,0.254,0.333,0.276,0.247,Electric Heater 1 shows repeated usage events in the 365-day window. Batch similar usage where possible to reduce repeated spikes.,high,4.66,heater,4.664432,1.54766,41.977999999999994,80.0,-26.0,Needs attention,peak-hour usage,"Electric Heater 1 is classified as Needs attention. It is 26.0% below the REFIT similar-appliance average, with 28 detected events and 25.4% peak-hour activity.",15.0,29.04,Smart Plug With Timer,Kmart,0.65,0.4646,33.7
16,Electric Heater 2,Electric Heater 2,Appliance4,1407452,7.0,364.996,22.0,72.38,3421.0,198.08435,0.5427,0.16,4.88,1206,25.87,0.23,0.156,0.516,medium-use,heater,0.233,0.296,0.301,0.224,Electric Heater 2 shows repeated usage events in the 365-day window. Batch similar usage where possible to reduce repeated spikes.,medium,0.49,heater,4.664432,1.54766,41.977999999999994,40.0,-88.4,Efficient,frequent usage,"Electric Heater 2 is classified as Efficient. It is 88.4% below the REFIT similar-appliance average, with 1206 detected events and 23.3% peak-hour activity.",10.0,2.88,Smart Plug With Timer,Kmart,6.59,0.3488,3.37
16,Washing Machine,Washing Machine,Appliance5,1407452,7.0,364.996,14.94,101.117,3076.0,276.72789,0.75817,0.23,6.82,4378,7.64,0.47,0.0614,0.722,low-use / standby,washing machine,0.284,0.303,0.306,0.232,Washing Machine shows repeated usage events in the 365-day window. Batch similar usage where possible to reduce repeated spikes.,medium,0.68,washing machine,1.958721081081081,1.22083,17.62810810810811,35.1,-61.3,Average,peak-hour usage,"Washing Machine is classified as Average. It is 61.3% below the REFIT similar-appliance average, with 4378 detected events and 28.4% peak-hour activity.",10.0,4.82,Smart Plug With Timer,Kmart,3.94,0.3586,5.5
16,Dishwasher,Dishwasher,Appliance6,1407452,7.0,364.996,22.83,98.692,2340.0,270.09178,0.73999,0.22,6.66,555,47.07,3.27,0.4548,0.73,medium-use,washing machine,0.291,0.308,0.394,0.223,Dishwasher shows repeated usage events in the 365-day window. Batch similar usage where possible to reduce repeated spikes.,medium,0.67,washing machine,1.958721081081081,1.22083,17.62810810810811,32.4,-62.2,Average,peak-hour usage,"Dishwasher is classified as Average. It is 62.2% below the REFIT similar-appliance average, with 555 detected events and 29.1% peak-hour activity.",10.1,4.66,Smart Plug With Timer,Kmart,4.08,0.355,5.33
16,Computer Site,Computer Site,Appliance7,1407452,7.0,364.996,54.0,28.756,564.0,78.6982,0.21561,0.06,1.94,10910,0.97,0.23,0.0011,0.754,low-use / standby,computer,0.289,0.138,0.179,0.094,Computer Site shows repeated usage events in the 365-day window. Batch similar usage where possible to reduce repeated spikes.,low,0.1,computer,0.41818333333333335,0.179285,3.763888888888889,61.1,-48.4,Average,"peak-hour usage, frequent usage","Computer Site is classified as Average. It is 48.4% below the REFIT similar-appliance average, with 10910 detected events and 28.9% peak-hour activity.",5.2,0.0,Smart Plug With Timer,Kmart,,0.2898,0.1
16,Television Site,Television Site,Appliance8,1407452,7.0,364.996,119.4,111.643,1194.0,305.53611,0.83709,0.25,7.53,1176,66.85,23.22,0.1979,0.992,medium-use,television,0.341,0.257,0.263,0.168,Television Site shows repeated usage events in the 365-day window. Batch similar usage where possible to reduce repeated spikes.,medium,0.75,television,0.64669,0.36083,5.819047619047619,76.2,29.4,Average,"above similar-house benchmark, peak-hour usage, higher monthly cost","Television Site is classified as Average. It is 29.4% above the REFIT similar-appliance average, with 1176 detected events and 34.1% peak-hour activity.",10.0,5.53,Smart Plug With Timer,Kmart,3.43,0.4034,6.28
16,Dehumidifier / Heater,Dehumidifier / Heater,Appliance9,1407452,7.0,364.996,128.0,206.412,1280.0,564.89053,1.54766,0.46,13.93,289,260.9,17.62,1.7722,0.762,high-power / large-use,heater,0.276,0.323,0.248,0.243,Dehumidifier / Heater shows repeated usage events in the 365-day window. Batch similar usage where possible to reduce repeated spikes.,high,2.09,heater,4.664432,1.54766,41.977999999999994,60.0,-66.8,Average,peak-hour usage,"Dehumidifier / Heater is classified as Average. It is 66.8% below the REFIT similar-appliance average, with 289 detected events and 27.6% peak-hour activity.",15.0,11.93,Smart Plug With Timer,Kmart,1.59,0.4082,14.02
17,Freezer Garage,Freezer Garage,Appliance1,1350111,7.0,363.0,150.0,128.384,2048.0,337.03598,0.92847,0.28,8.36,5016,6.86,0.58,0.0212,1.0,low-use / standby,freezer,0.233,0.354,0.271,0.268,Freezer Garage shows repeated usage events in the 365-day window. Batch similar usage where possible to reduce repeated spikes.,high,1.25,freezer,1.02615,0.92847,9.235384615384616,53.8,-9.5,Efficient,frequent usage,"Freezer Garage is classified as Efficient. It is 9.5% below the REFIT similar-appliance average, with 5016 detected events and 23.3% peak-hour activity.",15.0,6.36,Smart Plug With Timer,Kmart,2.99,0.3846,7.61
17,Fridge-Freezer,Fridge-Freezer,Appliance2,1350111,7.0,363.0,103.16,92.246,2128.0,242.16483,0.66712,0.2,6.0,1572,8.31,2.45,0.0576,0.991,low-use / standby,fridge,0.173,0.439,0.269,0.329,Fridge-Freezer shows repeated usage events in the 365-day window. Batch similar usage where possible to reduce repeated spikes.,medium,0.6,fridge,0.8247209090909091,0.62875,7.422727272727273,54.5,-19.1,Efficient,frequent usage,"Fridge-Freezer is classified as Efficient. It is 19.1% below the REFIT similar-appliance average, with 1572 detected events and 17.3% peak-hour activity.",10.0,4.0,Smart Plug With Timer,Kmart,4.75,0.3729,4.6
17,Tumble Dryer Garage,Tumble Dryer Garage,Appliance3,1350111,7.0,363.0,150.0,465.628,2688.0,1222.37274,3.36742,1.01,30.31,66,1135.43,5.89,17.8447,0.509,high-power / large-use,generic,0.245,0.323,0.285,0.244,Tumble Dryer Garage shows repeated usage events in the 365-day window. Batch similar usage where possible to reduce repeated spikes.,high,4.55,generic,3.5444526086956527,1.83936,31.899565217391302,73.9,-5.0,Average,normal usage pattern,"Tumble Dryer Garage is classified as Average. It is 5.0% below the REFIT similar-appliance average, with 66 detected events and 24.5% peak-hour activity.",15.0,28.31,Smart Plug With Timer,Kmart,0.67,0.4571,32.86
17,Washing Machine,Washing Machine,Appliance4,1350111,7.0,363.0,44.19,97.286,2332.0,255.39671,0.70357,0.21,6.33,3075,11.2,0.23,0.0778,0.733,low-use / standby,washing machine,0.232,0.349,0.299,0.261,Washing Machine shows repeated usage events in the 365-day window. Batch similar usage where possible to reduce repeated spikes.,medium,0.63,washing machine,1.958721081081081,1.22083,17.62810810810811,29.7,-64.1,Efficient,normal usage pattern,"Washing Machine is classified as Efficient. It is 64.1% below the REFIT similar-appliance average, with 3075 detected events and 23.2% peak-hour activity.",10.0,4.33,Smart Plug With Timer,Kmart,4.39,0.3503,4.96
17,Computer Site,Computer Site,Appliance5,1350111,7.0,363.0,70.5,24.001,965.0,63.00756,0.17357,0.05,1.56,8198,2.12,0.23,0.0033,0.888,low-use / standby,computer,0.541,0.08,0.264,0.006,Computer Site is used often during peak hours. Try shifting flexible usage to off-peak times to reduce cost.,low,0.28,computer,0.41818333333333335,0.179285,3.763888888888889,50.0,-58.5,Needs attention,"peak-hour usage, frequent usage","Computer Site is classified as Needs attention. It is 58.5% below the REFIT similar-appliance average, with 8198 detected events and 54.1% peak-hour activity.",17.9,0.0,Smart Plug With Timer,Kmart,,0.2787,0.28
17,Television Site,Television Site,Appliance6,1350111,7.0,363.0,21.5,20.254,1975.0,53.17144,0.14648,0.04,1.32,5193,3.39,0.23,0.0029,0.845,low-use / standby,television,0.524,0.179,0.177,0.066,Television Site is used often during peak hours. Try shifting flexible usage to off-peak times to reduce cost.,low,0.24,television,0.64669,0.36083,5.819047619047619,28.6,-77.3,Needs attention,"peak-hour usage, frequent usage","Television Site is classified as Needs attention. It is 77.3% below the REFIT similar-appliance average, with 5193 detected events and 52.4% peak-hour activity.",18.2,0.0,Standby Saver Powerboard,Kmart,,0.2573,0.24
17,Microwave,Microwave,Appliance7,1350111,7.0,363.0,10.0,6.807,1457.0,17.86999,0.04923,0.01,0.44,467,1.24,0.93,0.0258,0.828,low-use / standby,microwave,0.627,0.005,0.228,0.001,Microwave is used often during peak hours. Try shifting flexible usage to off-peak times to reduce cost.,low,0.08,microwave,1.693406875,0.12358,15.23875,37.5,-97.1,Needs attention,peak-hour usage,"Microwave is classified as Needs attention. It is 97.1% below the REFIT similar-appliance average, with 467 detected events and 62.7% peak-hour activity.",18.2,0.0,Smart Plug With Timer,Kmart,,0.2662,0.08
17,Kettle,Kettle,Appliance8,1350111,7.0,363.0,150.0,1383.996,3584.0,3633.28724,10.00906,3.0,90.08,1021,137.55,41.07,3.5427,1.0,high-power / large-use,kettle,0.248,0.329,0.27,0.253,Kettle shows repeated usage events in the 365-day window. Batch similar usage where possible to reduce repeated spikes.,high,13.51,kettle,16.07417125,13.334344999999999,144.66750000000002,37.5,-37.7,Efficient,normal usage pattern,"Kettle is classified as Efficient. It is 37.7% below the REFIT similar-appliance average, with 1021 detected events and 24.8% peak-hour activity.",15.0,88.08,Smart Plug With Timer,Kmart,0.22,0.5319,101.59
17,Plug Site Bedroom,Plug Site Bedroom,Appliance9,1350111,7.0,363.0,10.0,11.705,3120.0,30.72816,0.08465,0.03,0.76,126,80.89,0.93,0.209,0.302,medium-use,generic,0.234,0.313,0.21,0.263,Plug Site Bedroom shows repeated usage events in the 365-day window. Batch similar usage where possible to reduce repeated spikes.,low,0.04,generic,3.5444526086956527,1.83936,31.899565217391302,21.7,-97.6,Efficient,normal usage pattern,"Plug Site Bedroom is classified as Efficient. It is 97.6% below the REFIT similar-appliance average, with 126 detected events and 23.4% peak-hour activity.",5.3,0.0,Smart Plug With Timer,Kmart,,0.2504,0.04
18,Fridge Garage,Fridge Garage,Appliance1,1264667,7.0,364.0,145.99,115.41,2159.0,283.80208,0.77968,0.23,7.02,955,13.78,6.65,0.0787,0.938,low-use / standby,fridge,0.199,0.346,0.266,0.283,Fridge Garage shows repeated usage events in the 365-day window. Batch similar usage where possible to reduce repeated spikes.,medium,0.7,fridge,0.8247209090909091,0.62875,7.422727272727273,63.6,-5.5,Average,normal usage pattern,"Fridge Garage is classified as Average. It is 5.5% below the REFIT similar-appliance average, with 955 detected events and 19.9% peak-hour activity.",10.0,5.02,Smart Plug With Timer,Kmart,3.79,0.3881,5.72
18,Freezer Garage,Freezer Garage,Appliance2,1264667,7.0,364.0,150.0,142.695,2560.0,350.89728,0.964,0.29,8.68,2772,29.2,27.77,0.0919,1.0,low-use / standby,freezer,0.26,0.319,0.275,0.236,Freezer Garage shows repeated usage events in the 365-day window. Batch similar usage where possible to reduce repeated spikes.,high,1.3,freezer,1.02615,0.92847,9.235384615384616,61.5,-6.1,Average,"peak-hour usage, frequent usage","Freezer Garage is classified as Average. It is 6.1% below the REFIT similar-appliance average, with 2772 detected events and 26.0% peak-hour activity.",15.0,6.68,Smart Plug With Timer,Kmart,2.85,0.3936,7.98
18,Fridge-Freezer,Fridge-Freezer,Appliance3,1264667,7.0,364.0,150.0,76.139,2057.0,187.2315,0.51437,0.15,4.63,4336,1.07,0.23,0.0046,1.0,low-use / standby,fridge,0.277,0.321,0.274,0.247,Fridge-Freezer shows repeated usage events in the 365-day window. Batch similar usage where possible to reduce repeated spikes.,medium,0.46,fridge,0.8247209090909091,0.62875,7.422727272727273,45.5,-37.6,Average,"peak-hour usage, frequent usage","Fridge-Freezer is classified as Average. It is 37.6% below the REFIT similar-appliance average, with 4336 detected events and 27.7% peak-hour activity.",9.9,2.63,Smart Plug With Timer,Kmart,7.23,0.3514,3.09
18,Washer Dryer Garage,Washer Dryer Garage,Appliance4,1264667,7.0,364.0,150.0,458.033,2431.0,1126.33615,3.09433,0.93,27.85,30,2336.6,22.23,36.154,0.558,high-power / large-use,washing machine,0.248,0.318,0.261,0.237,Washer Dryer Garage shows repeated usage events in the 365-day window. Batch similar usage where possible to reduce repeated spikes.,high,4.18,washing machine,1.958721081081081,1.22083,17.62810810810811,83.8,58.0,Needs attention,"above similar-house benchmark, higher monthly cost","Washer Dryer Garage is classified as Needs attention. It is 58.0% above the REFIT similar-appliance average, with 30 detected events and 24.8% peak-hour activity.",15.0,25.85,Smart Plug With Timer,Kmart,0.74,0.4621,30.03
18,Washing Machine,Washing Machine,Appliance5,1264667,7.0,364.0,150.0,202.792,2460.0,498.67974,1.37,0.41,12.33,1465,24.27,0.23,0.3233,0.522,medium-use,washing machine,0.251,0.332,0.267,0.246,Washing Machine shows repeated usage events in the 365-day window. Batch similar usage where possible to reduce repeated spikes.,high,1.85,washing machine,1.958721081081081,1.22083,17.62810810810811,56.8,-30.1,Average,peak-hour usage,"Washing Machine is classified as Average. It is 30.1% below the REFIT similar-appliance average, with 1465 detected events and 25.1% peak-hour activity.",15.0,10.33,Smart Plug With Timer,Kmart,1.84,0.4008,12.18
18,Dishwasher,Dishwasher,Appliance6,1264667,7.0,364.0,58.17,98.3,3488.0,241.72606,0.66408,0.2,5.98,285,56.23,3.27,0.6129,0.442,high-power / large-use,washing machine,0.284,0.303,0.454,0.225,Dishwasher shows repeated usage events in the 365-day window. Batch similar usage where possible to reduce repeated spikes.,medium,0.6,washing machine,1.958721081081081,1.22083,17.62810810810811,27.0,-66.1,Average,peak-hour usage,"Dishwasher is classified as Average. It is 66.1% below the REFIT similar-appliance average, with 285 detected events and 28.4% peak-hour activity.",10.0,3.98,Smart Plug With Timer,Kmart,4.78,0.3452,4.58
18,Desktop Computer,Desktop Computer,Appliance7,1264667,7.0,364.0,22.0,27.384,3194.0,67.33994,0.185,0.06,1.66,5257,4.31,0.23,0.0049,0.814,low-use / standby,computer,0.22,0.16,0.258,0.117,Desktop Computer shows repeated usage events in the 365-day window. Batch similar usage where possible to reduce repeated spikes.,low,0.08,computer,0.41818333333333335,0.179285,3.763888888888889,55.6,-55.8,Average,normal usage pattern,"Desktop Computer is classified as Average. It is 55.8% below the REFIT similar-appliance average, with 5257 detected events and 22.0% peak-hour activity.",4.8,0.0,Smart Plug With Timer,Kmart,,0.2843,0.08
18,Television Site,Television Site,Appliance8,1264667,7.0,364.0,83.0,40.956,3227.0,100.71284,0.27668,0.08,2.49,3759,9.39,0.82,0.0151,0.779,low-use / standby,television,0.54,0.122,0.258,0.002,Television Site is used often during peak hours. Try shifting flexible usage to off-peak times to reduce cost.,low,0.45,television,0.64669,0.36083,5.819047619047619,33.3,-57.2,Needs attention,peak-hour usage,"Television Site is classified as Needs attention. It is 57.2% below the REFIT similar-appliance average, with 3759 detected events and 54.0% peak-hour activity.",18.1,0.49,Smart Plug With Timer,Kmart,38.76,0.2774,0.94
18,Microwave,Microwave,Appliance9,1264667,7.0,364.0,10.0,3.707,2817.0,9.11468,0.02504,0.01,0.23,189,2.24,0.7,0.0352,0.487,low-use / standby,microwave,0.808,0.009,0.437,0.009,Microwave is used often during peak hours. Try shifting flexible usage to off-peak times to reduce cost.,low,0.04,microwave,1.693406875,0.12358,15.23875,18.8,-98.5,Needs attention,peak-hour usage,"Microwave is classified as Needs attention. It is 98.5% below the REFIT similar-appliance average, with 189 detected events and 80.8% peak-hour activity.",17.4,0.0,Smart Plug With Timer,Kmart,,0.2475,0.04
19,Fridge and Freezer,Fridge and Freezer,Appliance1,1409056,7.0,362.993,114.21,106.455,3159.0,291.6676,0.80351,0.24,7.23,3054,8.54,2.33,0.0414,1.0,low-use / standby,fridge,0.241,0.363,0.299,0.284,Fridge and Freezer shows repeated usage events in the 365-day window. Batch similar usage where possible to reduce repeated spikes.,medium,0.72,fridge,0.8247209090909091,0.62875,7.422727272727273,68.2,-2.6,Average,frequent usage,"Fridge and Freezer is classified as Average. It is 2.6% below the REFIT similar-appliance average, with 3054 detected events and 24.1% peak-hour activity.",10.0,5.23,Smart Plug With Timer,Kmart,3.63,0.3939,5.95
19,Washing Machine,Washing Machine,Appliance2,1409056,7.0,362.993,37.0,75.942,2688.0,208.06843,0.5732,0.17,5.16,9197,4.04,0.23,0.0214,0.741,low-use / standby,washing machine,0.239,0.341,0.298,0.225,Washing Machine shows repeated usage events in the 365-day window. Batch similar usage where possible to reduce repeated spikes.,medium,0.52,washing machine,1.958721081081081,1.22083,17.62810810810811,24.3,-70.7,Efficient,frequent usage,"Washing Machine is classified as Efficient. It is 70.7% below the REFIT similar-appliance average, with 9197 detected events and 23.9% peak-hour activity.",10.1,3.16,Smart Plug With Timer,Kmart,6.01,0.3359,3.68
19,Television Site,Television Site,Appliance3,1409056,7.0,362.993,10.0,15.195,3806.0,41.63064,0.11469,0.03,1.03,520,75.56,52.5,0.052,0.991,low-use / standby,television,0.347,0.48,0.265,0.391,Television Site shows repeated usage events in the 365-day window. Batch similar usage where possible to reduce repeated spikes.,low,0.05,television,0.64669,0.36083,5.819047619047619,23.8,-82.3,Average,peak-hour usage,"Television Site is classified as Average. It is 82.3% below the REFIT similar-appliance average, with 520 detected events and 34.7% peak-hour activity.",4.9,0.0,Standby Saver Powerboard,Kmart,,0.2525,0.05
19,Microwave,Microwave,Appliance4,1409056,7.0,362.993,150.0,205.088,3072.0,561.90752,1.54798,0.46,13.93,339,124.36,1.75,1.4844,0.802,high-power / large-use,microwave,0.24,0.314,0.316,0.228,Microwave shows repeated usage events in the 365-day window. Batch similar usage where possible to reduce repeated spikes.,high,2.09,microwave,1.693406875,0.12358,15.23875,68.8,-8.6,Average,normal usage pattern,"Microwave is classified as Average. It is 8.6% below the REFIT similar-appliance average, with 339 detected events and 24.0% peak-hour activity.",15.0,11.93,Smart Plug With Timer,Kmart,1.59,0.417,14.02
19,Kettle,Kettle,Appliance5,1409056,7.0,362.993,150.0,1568.076,3154.0,4296.26469,11.83567,3.55,106.52,703,217.51,105.35,6.0949,1.0,high-power / large-use,kettle,0.245,0.337,0.275,0.253,Kettle shows repeated usage events in the 365-day window. Batch similar usage where possible to reduce repeated spikes.,high,15.98,kettle,16.07417125,13.334344999999999,144.66750000000002,50.0,-26.4,Efficient,normal usage pattern,"Kettle is classified as Efficient. It is 26.4% below the REFIT similar-appliance average, with 703 detected events and 24.5% peak-hour activity.",15.0,104.52,Smart Plug With Timer,Kmart,0.18,0.5745,120.5
19,Toaster,Toaster,Appliance6,1409056,7.0,362.993,150.0,487.998,2048.0,1337.03119,3.68335,1.11,33.15,149,924.2,657.88,8.735,0.991,high-power / large-use,toaster,0.26,0.377,0.268,0.284,Toaster shows repeated usage events in the 365-day window. Batch similar usage where possible to reduce repeated spikes.,high,4.97,toaster,6.3147199999999994,4.68782,56.83111111111111,33.3,-41.7,Average,peak-hour usage,"Toaster is classified as Average. It is 41.7% below the REFIT similar-appliance average, with 149 detected events and 26.0% peak-hour activity.",15.0,31.15,Smart Plug With Timer,Kmart,0.61,0.422,36.12
19,Bread-maker,Bread-maker,Appliance7,1409056,7.0,362.993,150.0,243.692,3072.0,667.67625,1.83936,0.55,16.55,2735,17.62,0.35,0.2219,0.621,medium-use,generic,0.252,0.361,0.213,0.273,Bread-maker shows repeated usage events in the 365-day window. Batch similar usage where possible to reduce repeated spikes.,high,2.48,generic,3.5444526086956527,1.83936,31.899565217391302,52.2,-48.1,Average,"peak-hour usage, frequent usage","Bread-maker is classified as Average. It is 48.1% below the REFIT similar-appliance average, with 2735 detected events and 25.2% peak-hour activity.",15.0,14.55,Smart Plug With Timer,Kmart,1.31,0.4067,17.03
19,Lamp 80W,Lamp 80W,Appliance8,1409056,7.0,362.993,86.09,127.286,2048.0,348.74121,0.96074,0.29,8.65,434,59.32,0.47,0.5667,0.388,high-power / large-use,generic,0.217,0.347,0.339,0.27,Lamp 80W shows repeated usage events in the 365-day window. Batch similar usage where possible to reduce repeated spikes.,high,1.3,generic,3.5444526086956527,1.83936,31.899565217391302,43.5,-72.9,Efficient,normal usage pattern,"Lamp 80W is classified as Efficient. It is 72.9% below the REFIT similar-appliance average, with 434 detected events and 21.7% peak-hour activity.",15.0,6.65,Smart Plug With Timer,Kmart,2.86,0.3755,7.95
19,Hi-Fi,Hi-Fi,Appliance9,1409056,7.0,362.993,10.0,5.582,3840.0,15.29332,0.04213,0.01,0.38,33,77.51,49.23,0.3805,0.224,medium-use,computer,0.61,0.13,0.208,0.093,Hi-Fi is used often during peak hours. Try shifting flexible usage to off-peak times to reduce cost.,low,0.07,computer,0.41818333333333335,0.179285,3.763888888888889,16.7,-89.9,Needs attention,peak-hour usage,"Hi-Fi is classified as Needs attention. It is 89.9% below the REFIT similar-appliance average, with 33 detected events and 61.0% peak-hour activity.",18.4,0.0,Smart Plug With Timer,Kmart,,0.2454,0.07
20,Fridge,Fridge,Appliance1,3947000,7.0,340.059,108.2,96.452,2129.0,740.24586,2.17682,0.65,19.59,7169,7.74,5.13,0.0359,0.997,low-use / standby,fridge,0.179,0.449,0.284,0.345,Fridge shows repeated usage events in the 365-day window. Batch similar usage where possible to reduce repeated spikes.,high,2.94,fridge,0.8247209090909091,0.62875,7.422727272727273,100.0,163.9,Needs attention,"above similar-house benchmark, frequent usage, higher monthly cost","Fridge is classified as Needs attention. It is 163.9% above the REFIT similar-appliance average, with 7169 detected events and 17.9% peak-hour activity.",15.0,17.59,Smart Plug With Timer,Kmart,1.08,0.4614,20.53
20,Freezer,Freezer,Appliance2,3947000,7.0,340.059,150.0,53.998,2050.0,414.42197,1.21868,0.37,10.97,1624,3.26,0.23,0.0172,0.994,low-use / standby,freezer,0.194,0.345,0.286,0.227,Freezer shows repeated usage events in the 365-day window. Batch similar usage where possible to reduce repeated spikes.,high,1.65,freezer,1.02615,0.92847,9.235384615384616,69.2,18.8,Average,higher monthly cost,"Freezer is classified as Average. It is 18.8% above the REFIT similar-appliance average, with 1624 detected events and 19.4% peak-hour activity.",15.0,8.97,Smart Plug With Timer,Kmart,2.12,0.4092,10.62
20,Tumble Dryer,Tumble Dryer,Appliance3,3947000,7.0,340.059,150.0,542.452,3623.0,4163.16689,12.24248,3.67,110.18,1854,158.34,3.85,2.1926,0.83,high-power / large-use,generic,0.237,0.352,0.307,0.266,Tumble Dryer shows repeated usage events in the 365-day window. Batch similar usage where possible to reduce repeated spikes.,high,16.53,generic,3.5444526086956527,1.83936,31.899565217391302,91.3,245.4,Needs attention,"above similar-house benchmark, higher monthly cost","Tumble Dryer is classified as Needs attention. It is 245.4% above the REFIT similar-appliance average, with 1854 detected events and 23.7% peak-hour activity.",15.0,108.18,Smart Plug With Timer,Kmart,0.18,0.6224,124.71
20,Washing Machine,Washing Machine,Appliance4,3947000,7.0,340.059,93.09,148.184,2560.0,1137.26742,3.34432,1.0,30.1,8074,12.15,0.23,0.1266,0.531,medium-use,washing machine,0.261,0.315,0.184,0.233,Washing Machine shows repeated usage events in the 365-day window. Batch similar usage where possible to reduce repeated spikes.,high,4.51,washing machine,1.958721081081081,1.22083,17.62810810810811,86.5,70.7,Needs attention,"above similar-house benchmark, peak-hour usage, frequent usage, higher monthly cost","Washing Machine is classified as Needs attention. It is 70.7% above the REFIT similar-appliance average, with 8074 detected events and 26.1% peak-hour activity.",15.0,28.1,Smart Plug With Timer,Kmart,0.68,0.4693,32.61
20,Dishwasher,Dishwasher,Appliance5,3947000,7.0,340.059,13.62,156.572,3588.0,1201.64853,3.53365,1.06,31.8,1164,84.14,0.35,1.0088,0.487,high-power / large-use,washing machine,0.261,0.305,0.25,0.23,Dishwasher shows repeated usage events in the 365-day window. Batch similar usage where possible to reduce repeated spikes.,high,4.77,washing machine,1.958721081081081,1.22083,17.62810810810811,89.2,80.4,Needs attention,"above similar-house benchmark, peak-hour usage, higher monthly cost","Dishwasher is classified as Needs attention. It is 80.4% above the REFIT similar-appliance average, with 1164 detected events and 26.1% peak-hour activity.",15.0,29.8,Smart Plug With Timer,Kmart,0.64,0.4753,34.57
20,Computer Site,Computer Site,Appliance6,3947000,7.0,340.059,123.45,64.745,2096.0,496.89896,1.46121,0.44,13.15,5776,6.85,0.23,0.0316,0.616,low-use / standby,computer,0.363,0.218,0.334,0.169,Computer Site is used often during peak hours. Try shifting flexible usage to off-peak times to reduce cost.,high,2.37,computer,0.41818333333333335,0.179285,3.763888888888889,100.0,249.4,Needs attention,"above similar-house benchmark, peak-hour usage, higher monthly cost","Computer Site is classified as Needs attention. It is 249.4% above the REFIT similar-appliance average, with 5776 detected events and 36.3% peak-hour activity.",18.0,11.15,Smart Plug With Timer,Kmart,1.7,0.4462,13.52
20,Television Site,Television Site,Appliance7,3947000,7.0,340.059,14.5,15.988,3850.0,122.70394,0.36083,0.11,3.25,4364,20.07,0.23,0.0198,0.997,low-use / standby,television,0.632,0.12,0.3,0.034,Television Site is used often during peak hours. Try shifting flexible usage to off-peak times to reduce cost.,high,0.58,television,0.64669,0.36083,5.819047619047619,52.4,-44.2,Needs attention,"peak-hour usage, frequent usage","Television Site is classified as Needs attention. It is 44.2% below the REFIT similar-appliance average, with 4364 detected events and 63.2% peak-hour activity.",17.8,1.25,Smart Plug With Timer,Kmart,15.23,0.3323,1.83
20,Microwave,Microwave,Appliance8,3947000,7.0,340.059,10.0,7.34,3586.0,56.33473,0.16566,0.05,1.49,976,2.06,2.1,0.0416,0.915,low-use / standby,microwave,0.258,0.026,0.241,0.019,Microwave shows repeated usage events in the 365-day window. Batch similar usage where possible to reduce repeated spikes.,low,0.07,microwave,1.693406875,0.12358,15.23875,56.2,-90.2,Average,"peak-hour usage, frequent usage","Microwave is classified as Average. It is 90.2% below the REFIT similar-appliance average, with 976 detected events and 25.8% peak-hour activity.",4.7,0.0,Smart Plug With Timer,Kmart,,0.2849,0.07
20,Kettle,Kettle,Appliance9,3947000,7.0,340.059,150.0,1494.964,3968.0,11473.43513,33.73954,10.12,303.66,1485,284.52,206.15,7.7012,1.0,high-power / large-use,kettle,0.243,0.337,0.28,0.256,Kettle shows repeated usage events in the 365-day window. Batch similar usage where possible to reduce repeated spikes.,high,45.55,kettle,16.07417125,13.334344999999999,144.66750000000002,100.0,109.9,Needs attention,"above similar-house benchmark, frequent usage, higher monthly cost","Kettle is classified as Needs attention. It is 109.9% above the REFIT similar-appliance average, with 1485 detected events and 24.3% peak-hour activity.",15.0,301.66,Smart Plug With Timer,Kmart,0.06,0.983,347.21
21,Fridge-Freezer,Fridge-Freezer,Appliance1,1309089,7.0,364.0,136.0,41.501,3969.0,105.63754,0.29021,0.09,2.61,380,5.56,0.23,0.0195,0.948,low-use / standby,fridge,0.373,0.228,0.279,0.133,Fridge-Freezer is used often during peak hours. Try shifting flexible usage to off-peak times to reduce cost.,low,0.47,fridge,0.8247209090909091,0.62875,7.422727272727273,27.3,-64.8,Average,peak-hour usage,"Fridge-Freezer is classified as Average. It is 64.8% below the REFIT similar-appliance average, with 380 detected events and 37.3% peak-hour activity.",18.0,0.61,Smart Plug With Timer,Kmart,31.05,0.2797,1.08
21,Tumble Dryer,Tumble Dryer,Appliance2,1309089,7.0,364.0,150.0,489.849,2740.0,1246.88661,3.42551,1.03,30.83,161,541.02,17.27,7.4854,0.687,high-power / large-use,generic,0.246,0.328,0.257,0.247,Tumble Dryer shows repeated usage events in the 365-day window. Batch similar usage where possible to reduce repeated spikes.,high,4.62,generic,3.5444526086956527,1.83936,31.899565217391302,78.3,-3.4,Average,normal usage pattern,"Tumble Dryer is classified as Average. It is 3.4% below the REFIT similar-appliance average, with 161 detected events and 24.6% peak-hour activity.",15.0,28.83,Smart Plug With Timer,Kmart,0.66,0.4625,33.45
21,Washing Machine,Washing Machine,Appliance3,1309089,7.0,364.0,136.25,177.779,3968.0,452.52731,1.24321,0.37,11.19,1694,18.99,0.23,0.2444,0.635,medium-use,washing machine,0.258,0.311,0.328,0.231,Washing Machine shows repeated usage events in the 365-day window. Batch similar usage where possible to reduce repeated spikes.,high,1.68,washing machine,1.958721081081081,1.22083,17.62810810810811,54.1,-36.5,Average,peak-hour usage,"Washing Machine is classified as Average. It is 36.5% below the REFIT similar-appliance average, with 1694 detected events and 25.8% peak-hour activity.",15.0,9.19,Smart Plug With Timer,Kmart,2.07,0.3948,10.87
21,Dishwasher,Dishwasher,Appliance4,1309089,7.0,364.0,16.59,143.161,2560.0,364.40897,1.00112,0.3,9.01,773,38.07,0.47,0.4525,0.826,medium-use,washing machine,0.24,0.312,0.291,0.252,Dishwasher shows repeated usage events in the 365-day window. Batch similar usage where possible to reduce repeated spikes.,high,1.35,washing machine,1.958721081081081,1.22083,17.62810810810811,37.8,-48.9,Efficient,normal usage pattern,"Dishwasher is classified as Efficient. It is 48.9% below the REFIT similar-appliance average, with 773 detected events and 24.0% peak-hour activity.",15.0,7.01,Smart Plug With Timer,Kmart,2.71,0.3712,8.36
21,Food Mixer,Food Mixer,Appliance5,1309089,7.0,364.0,17.0,25.184,170.0,64.10439,0.17611,0.05,1.58,52,2869.88,1.34,1.2199,0.983,high-power / large-use,generic,0.253,0.324,0.282,0.24,Food Mixer shows repeated usage events in the 365-day window. Batch similar usage where possible to reduce repeated spikes.,low,0.08,generic,3.5444526086956527,1.83936,31.899565217391302,30.4,-95.0,Average,peak-hour usage,"Food Mixer is classified as Average. It is 95.0% below the REFIT similar-appliance average, with 52 detected events and 25.3% peak-hour activity.",5.1,0.0,Smart Plug With Timer,Kmart,,0.2591,0.08
21,Television,Television,Appliance6,1309089,7.0,364.0,36.7,42.153,2946.0,107.29938,0.29478,0.09,2.65,6792,3.46,0.35,0.011,0.887,low-use / standby,television,0.285,0.192,0.254,0.153,Television shows repeated usage events in the 365-day window. Batch similar usage where possible to reduce repeated spikes.,low,0.13,television,0.64669,0.36083,5.819047619047619,38.1,-54.4,Average,"peak-hour usage, frequent usage","Television is classified as Average. It is 54.4% below the REFIT similar-appliance average, with 6792 detected events and 28.5% peak-hour activity.",4.9,0.65,Smart Plug With Timer,Kmart,29.1,0.293,0.78
21,Kettle / Toaster,Kettle / Toaster,Appliance7,1309089,7.0,364.0,150.0,1120.809,3131.0,2852.96348,7.83781,2.35,70.54,304,411.99,197.4,9.3026,0.974,high-power / large-use,kettle,0.241,0.348,0.266,0.264,Kettle / Toaster shows repeated usage events in the 365-day window. Batch similar usage where possible to reduce repeated spikes.,high,10.58,kettle,16.07417125,13.334344999999999,144.66750000000002,31.2,-51.2,Efficient,normal usage pattern,"Kettle / Toaster is classified as Efficient. It is 51.2% below the REFIT similar-appliance average, with 304 detected events and 24.1% peak-hour activity.",15.0,68.54,Smart Plug With Timer,Kmart,0.28,0.4898,79.12
21,Vivarium,Vivarium,Appliance8,1309089,7.0,364.0,20.0,19.383,1804.0,49.3378,0.13554,0.04,1.22,28590,1.06,0.23,0.0004,0.409,low-use / standby,generic,0.253,0.397,0.263,0.248,Vivarium shows repeated usage events in the 365-day window. Batch similar usage where possible to reduce repeated spikes.,low,0.06,generic,3.5444526086956527,1.83936,31.899565217391302,26.1,-96.2,Average,"peak-hour usage, frequent usage","Vivarium is classified as Average. It is 96.2% below the REFIT similar-appliance average, with 28590 detected events and 25.3% peak-hour activity.",4.9,0.0,Smart Plug With Timer,Kmart,,0.2548,0.06
21,Pond Pump,Pond Pump,Appliance9,1309089,7.0,364.0,45.51,43.867,3631.0,111.66093,0.30676,0.09,2.76,7304,0.4,0.12,0.0003,0.4,low-use / standby,generic,0.009,0.745,0.374,0.713,Pond Pump shows repeated usage events in the 365-day window. Batch similar usage where possible to reduce repeated spikes.,medium,0.28,generic,3.5444526086956527,1.83936,31.899565217391302,34.8,-91.3,Efficient,frequent usage,"Pond Pump is classified as Efficient. It is 91.3% below the REFIT similar-appliance average, with 7304 detected events and 0.9% peak-hour activity.",10.1,0.76,Smart Plug With Timer,Kmart,24.97,0.2956,1.04
