house,date,aggregate_kwh,mains_daily_kwh,selected_appliances_daily_kwh,estimated_cost_day_aud,rows
1,2013-01-11,8.9795,8.9795,65.9056,2.69,14078
1,2013-01-12,11.0921,11.0921,48.4238,3.33,10103
1,2013-02-11,9.9104,9.9104,71.5273,2.97,14241
1,2013-02-12,11.1917,11.1917,52.7014,3.36,9576
1,2013-03-11,15.183,15.183,41.7904,4.55,14008
1,2013-03-12,11.2415,11.2415,34.4942,3.37,10621
1,2013-04-11,14.2656,14.2656,48.252,4.28,14046
1,2013-04-12,12.9808,12.9808,44.3957,3.89,10254
1,2013-05-11,10.3662,10.3662,57.7285,3.11,13325
1,2013-05-12,13.8093,13.8093,52.6848,4.14,10676
1,2013-06-11,7.0857,7.0857,35.0837,2.13,10574
1,2013-06-12,13.5127,13.5127,22.5566,4.05,10654
1,2013-07-11,2.3626,2.3626,4.2553,0.71,3972
1,2013-07-12,15.5725,15.5725,14.6547,4.67,11335
1,2013-08-11,7.505,7.505,4.7772,2.25,5404
1,2013-08-12,15.4393,15.4393,16.5333,4.63,10558
1,2013-09-10,4.3499,4.3499,11.3761,1.3,5164
1,2013-09-11,12.8175,12.8175,33.6843,3.85,10624
1,2013-09-12,10.9588,10.9588,22.7097,3.29,10561
1,2013-10-10,12.4775,12.4775,8.8987,3.74,12878
1,2013-10-11,17.984,17.984,16.4353,5.4,11187
1,2013-10-12,14.6966,14.6966,20.0545,4.41,11278
1,2013-11-10,5.383,5.383,36.1246,1.61,13651
1,2013-11-11,11.0986,11.0986,38.8272,3.33,9294
1,2013-11-12,15.372,15.372,35.5916,4.61,10890
1,2013-12-10,4.9846,4.9846,9.5189,1.5,13890
1,2013-12-11,13.7078,13.7078,11.0993,4.11,9882
1,2013-12-12,14.0594,14.0594,17.7405,4.22,13138
1,2014-01-01,19.4216,19.4216,11.3299,5.83,13274
1,2014-01-04,12.9278,12.9278,14.7184,3.88,13606
1,2014-01-05,5.4037,5.4037,21.4249,1.62,11283
1,2014-01-06,6.7072,6.7072,8.3371,2.01,12832
1,2014-01-07,6.2733,6.2733,15.3182,1.88,10563
1,2014-01-08,3.8286,3.8286,4.7935,1.15,8614
1,2014-01-09,1.4318,1.4318,1.9744,0.43,3125
1,2014-01-10,3.5495,3.5495,8.8644,1.06,10736
2,2013-09-17,0.3305,0.3305,8.0931,0.1,1112
2,2013-09-18,6.979,6.979,77.4963,2.09,13366
2,2013-09-19,7.3846,7.3846,62.1936,2.22,14042
2,2013-09-20,9.0549,9.0549,50.8851,2.72,14273
2,2013-09-21,6.8003,6.8003,48.7602,2.04,14158
2,2013-09-22,7.6015,7.6015,53.0515,2.28,14367
2,2013-09-23,8.8398,8.8398,13.7231,2.65,14252
2,2013-09-24,6.8751,6.8751,45.8152,2.06,14245
2,2013-09-25,10.3999,10.3999,42.3044,3.12,14160
2,2013-09-26,6.7778,6.7778,72.0685,2.03,13669
2,2013-09-27,5.9134,5.9134,68.9352,1.77,12580
2,2013-09-28,11.9518,11.9518,45.0627,3.59,13958
2,2013-09-29,14.431,14.431,50.5671,4.33,14092
2,2013-09-30,8.3279,8.3279,45.0976,2.5,14196
2,2013-10-01,6.1292,6.1292,66.855,1.84,14319
2,2013-10-02,8.466,8.466,52.2826,2.54,14006
2,2013-10-03,6.2286,6.2286,41.34,1.87,12660
2,2013-10-04,5.0437,5.0437,26.3183,1.51,12521
2,2013-10-05,7.7945,7.7945,50.0802,2.34,12621
2,2013-10-06,12.1971,12.1971,79.1762,3.66,12983
2,2013-10-07,8.3659,8.3659,58.2125,2.51,12743
2,2013-10-08,7.3999,7.3999,43.1017,2.22,12332
2,2013-10-09,7.4125,7.4125,46.1341,2.22,12408
2,2013-10-10,6.2247,6.2247,40.3952,1.87,11684
2,2013-10-11,8.9053,8.9053,46.3006,2.67,12274
2,2013-10-12,11.1647,11.1647,64.1889,3.35,12563
2,2013-10-13,9.1194,9.1194,74.3699,2.74,12384
2,2013-10-14,6.8665,6.8665,53.2723,2.06,12154
2,2013-10-15,6.6052,6.6052,58.9474,1.98,11919
2,2013-10-16,4.9349,4.9349,51.8297,1.48,12018
2,2013-10-17,3.0214,3.0214,35.4,0.91,11931
2,2013-10-18,1.7926,1.7926,28.3572,0.54,12397
2,2013-10-19,1.5825,1.5825,53.723,0.47,12275
2,2013-10-20,5.5182,5.5182,63.2947,1.66,11824
2,2013-10-21,9.1261,9.1261,46.3506,2.74,11862
2,2013-10-22,5.6116,5.6116,45.1351,1.68,11500
2,2013-10-23,11.6544,11.6544,52.4598,3.5,12204
2,2013-10-24,6.8989,6.8989,41.4633,2.07,11743
2,2013-10-25,4.3665,4.3665,35.0209,1.31,6156
2,2013-12-26,0.9031,0.9031,7.318,0.27,1300
2,2014-02-13,0.2071,0.2071,0.5689,0.06,177
2,2014-02-14,0.2808,0.2808,1.1096,0.08,393
2,2014-02-15,0.0378,0.0378,1.1366,0.01,297
2,2014-02-16,0.0786,0.0786,2.1658,0.02,402
2,2014-02-17,0.116,0.116,3.0456,0.03,425
2,2014-02-18,0.1392,0.1392,2.3867,0.04,433
2,2014-02-19,0.3447,0.3447,3.1141,0.1,428
2,2014-02-20,4.8285,4.8285,15.452,1.45,4086
2,2014-02-21,4.8533,4.8533,29.0179,1.46,6988
2,2014-02-22,0.3348,0.3348,4.1003,0.1,1158
2,2014-02-24,2.8079,2.8079,12.0287,0.84,2274
2,2014-02-26,1.5167,1.5167,17.542,0.46,3271
2,2014-02-27,5.4478,5.4478,43.425,1.63,8128
2,2014-02-28,5.5585,5.5585,41.2531,1.67,11986
2,2014-03-01,2.0794,2.0794,59.325,0.62,13358
2,2014-03-02,4.1003,4.1003,77.981,1.23,12878
2,2014-03-03,7.7591,7.7591,45.675,2.33,12110
2,2014-03-04,7.7474,7.7474,51.805,2.32,12634
2,2014-03-05,8.6489,8.6489,68.3215,2.59,12256
2,2014-03-06,8.3676,8.3676,68.7128,2.51,12469
2,2014-03-07,8.4691,8.4691,51.3181,2.54,11779
2,2014-03-08,11.8274,11.8274,62.0686,3.55,12889
2,2014-03-09,9.7736,9.7736,64.8035,2.93,13232
2,2014-03-10,7.4661,7.4661,62.5068,2.24,11734
2,2014-03-11,8.978,8.978,43.6852,2.69,12787
2,2014-03-12,6.8686,6.8686,46.0587,2.06,12327
2,2014-03-13,7.4006,7.4006,40.6843,2.22,12836
2,2014-03-14,8.528,8.528,62.6475,2.56,12695
2,2014-03-15,13.7471,13.7471,76.2345,4.12,13245
2,2014-03-16,24.1592,24.1592,70.1617,7.25,13181
2,2014-03-17,8.2765,8.2765,55.1011,2.48,12729
2,2014-03-18,7.0219,7.0219,50.7254,2.11,12713
2,2014-03-19,7.926,7.926,61.9245,2.38,13142
2,2014-03-20,7.7333,7.7333,57.2056,2.32,12670
2,2014-03-21,8.1464,8.1464,49.987,2.44,12179
2,2014-03-22,16.3375,16.3375,63.7816,4.9,14097
2,2014-03-23,12.831,12.831,50.4404,3.85,14199
2,2014-03-24,8.5703,8.5703,39.6357,2.57,14126
2,2014-03-25,8.1218,8.1218,40.4785,2.44,14238
2,2014-03-26,9.6047,9.6047,69.3686,2.88,14208
2,2014-03-27,10.6774,10.6774,67.0871,3.2,14284
2,2014-03-28,8.6692,8.6692,65.858,2.6,14202
2,2014-03-29,6.3312,6.3312,54.1182,1.9,14506
2,2014-03-30,8.5728,8.5728,45.9694,2.57,13642
2,2014-03-31,8.4882,8.4882,49.668,2.55,13131
2,2014-04-01,8.3931,8.3931,44.5628,2.52,13611
2,2014-04-02,6.2923,6.2923,43.3862,1.89,11943
2,2014-04-03,8.9817,8.9817,55.1498,2.69,12802
2,2014-04-04,8.1492,8.1492,43.1356,2.44,12992
2,2014-04-05,9.3148,9.3148,51.8195,2.79,14388
2,2014-04-06,8.1485,8.1485,43.1264,2.44,14239
2,2014-04-07,9.0616,9.0616,54.8288,2.72,12626
2,2014-04-08,4.4497,4.4497,35.8777,1.33,9524
2,2014-04-09,10.9595,10.9595,53.8768,3.29,11987
2,2014-04-10,9.0797,9.0797,48.3647,2.72,11841
2,2014-04-11,5.6319,5.6319,45.455,1.69,12994
2,2014-04-12,9.8486,9.8486,42.2263,2.95,14192
2,2014-04-13,8.1988,8.1988,52.8238,2.46,14311
2,2014-04-14,7.083,7.083,53.7582,2.12,13008
2,2014-04-15,8.8595,8.8595,57.1677,2.66,12781
2,2014-04-16,8.5016,8.5016,58.5503,2.55,13182
2,2014-04-17,8.5629,8.5629,52.8038,2.57,12028
2,2014-04-18,6.2079,6.2079,37.7123,1.86,10499
2,2014-04-19,2.2697,2.2697,42.2793,0.68,12478
2,2014-04-20,2.2113,2.2113,59.837,0.66,12463
2,2014-04-21,4.0778,4.0778,70.8462,1.22,12649
2,2014-04-22,8.4805,8.4805,54.3087,2.54,13084
2,2014-04-23,8.9164,8.9164,45.2724,2.67,13450
2,2014-04-24,8.2262,8.2262,66.0192,2.47,13298
2,2014-04-25,9.6288,9.6288,42.6819,2.89,13611
2,2014-04-26,6.2436,6.2436,38.32,1.87,12605
2,2014-04-27,18.4317,18.4317,45.9269,5.53,12503
2,2014-04-28,9.6052,9.6052,47.4103,2.88,13605
2,2014-04-29,8.2008,8.2008,58.6207,2.46,13695
2,2014-04-30,7.6312,7.6312,45.4926,2.29,13393
2,2014-05-01,9.3032,9.3032,44.3004,2.79,13416
2,2014-05-02,6.184,6.184,50.0558,1.86,11627
2,2014-05-03,6.8462,6.8462,41.8812,2.05,12306
2,2014-05-04,8.1156,8.1156,57.4842,2.43,12425
2,2014-05-05,8.1835,8.1835,43.9666,2.46,12837
2,2014-05-06,7.7804,7.7804,50.6533,2.33,13079
2,2014-05-07,6.4471,6.4471,52.258,1.93,12902
2,2014-05-08,5.7194,5.7194,50.657,1.72,11630
2,2014-05-09,7.8862,7.8862,54.1629,2.37,12010
2,2014-05-10,15.0232,15.0232,41.234,4.51,10849
2,2014-05-11,9.0828,9.0828,44.0438,2.72,10583
2,2014-05-12,9.0671,9.0671,50.1725,2.72,12931
2,2014-05-13,7.3941,7.3941,64.5334,2.22,14270
2,2014-05-14,6.5302,6.5302,67.6921,1.96,13216
2,2014-05-15,8.218,8.218,71.8695,2.47,13421
2,2014-05-16,4.6188,4.6188,71.9926,1.39,11811
2,2014-05-17,4.8614,4.8614,61.2904,1.46,10676
2,2014-05-18,10.3243,10.3243,72.4419,3.1,10899
2,2014-05-19,9.5946,9.5946,91.0614,2.88,13102
2,2014-05-20,7.6921,7.6921,62.9092,2.31,13903
2,2014-05-21,13.6534,13.6534,53.043,4.1,12560
2,2014-05-22,6.6939,6.6939,51.5097,2.01,12875
2,2014-05-23,7.9018,7.9018,45.5973,2.37,11753
2,2014-05-24,7.2666,7.2666,35.1611,2.18,10782
2,2014-05-25,9.9737,9.9737,78.0907,2.99,11080
2,2014-05-26,10.3754,10.3754,59.8274,3.11,12223
2,2014-05-27,4.5987,4.5987,35.4875,1.38,12118
2,2014-05-28,7.146,7.146,47.596,2.14,12718
2,2014-05-29,19.4762,19.4762,42.3298,5.84,12025
2,2014-05-30,6.3398,6.3398,46.2336,1.9,12630
2,2014-05-31,7.4282,7.4282,44.4067,2.23,11765
2,2014-06-01,7.1039,7.1039,51.8808,2.13,11527
2,2014-06-02,7.3639,7.3639,53.0355,2.21,12917
2,2014-06-03,6.971,6.971,61.4953,2.09,12332
2,2014-06-04,8.9351,8.9351,58.8959,2.68,13183
2,2014-06-05,7.875,7.875,44.2271,2.36,13732
2,2014-06-06,7.761,7.761,79.3294,2.33,14027
2,2014-06-07,4.4118,4.4118,102.1241,1.32,14388
2,2014-06-08,3.9493,3.9493,89.2851,1.18,14077
2,2014-06-09,10.7009,10.7009,67.9058,3.21,14023
2,2014-06-10,8.8756,8.8756,67.6095,2.66,13980
2,2014-06-11,19.6344,19.6344,63.6475,5.89,13943
2,2014-06-12,6.1693,6.1693,63.92,1.85,13980
2,2014-06-13,9.078,9.078,75.1955,2.72,14326
2,2014-06-14,11.2265,11.2265,57.1366,3.37,14082
2,2014-06-15,9.5382,9.5382,46.7359,2.86,14153
2,2014-06-16,7.2225,7.2225,65.2111,2.17,13526
2,2014-06-17,9.5481,9.5481,72.7484,2.86,13413
2,2014-06-18,6.4973,6.4973,54.8216,1.95,14356
2,2014-06-19,9.7929,9.7929,52.3144,2.94,14342
2,2014-06-20,4.9253,4.9253,70.1399,1.48,14223
2,2014-06-21,9.9023,9.9023,60.6886,2.97,12539
2,2014-06-22,9.173,9.173,51.1405,2.75,12186
2,2014-06-23,7.0677,7.0677,58.3208,2.12,13352
2,2014-06-24,9.4443,9.4443,60.0476,2.83,13989
2,2014-06-25,8.7145,8.7145,63.0443,2.61,14096
2,2014-06-26,6.4901,6.4901,58.5978,1.95,11896
2,2014-06-27,4.132,4.132,23.0059,1.24,11192
2,2014-06-28,1.7716,1.7716,32.0582,0.53,9788
2,2014-06-29,12.6991,12.6991,39.3926,3.81,9857
2,2014-06-30,12.1563,12.1563,49.371,3.65,11400
2,2014-07-01,5.1014,5.1014,40.8194,1.53,10031
2,2014-07-02,9.7622,9.7622,51.0029,2.93,9611
2,2014-07-03,8.0314,8.0314,57.5133,2.41,10012
2,2014-07-04,5.861,5.861,48.2524,1.76,10497
2,2014-07-05,5.9787,5.9787,53.8182,1.79,9605
2,2014-07-06,7.8233,7.8233,46.4294,2.35,10049
2,2014-07-07,4.6144,4.6144,30.394,1.38,9508
2,2014-07-08,6.6567,6.6567,39.7261,2.0,12887
2,2014-07-09,4.6296,4.6296,45.2209,1.39,9943
2,2014-07-10,5.1499,5.1499,41.2772,1.54,10737
2,2014-07-11,5.8822,5.8822,49.0992,1.76,10529
2,2014-07-12,14.3043,14.3043,45.267,4.29,9856
2,2014-07-13,7.2606,7.2606,49.8342,2.18,9468
2,2014-07-14,5.6972,5.6972,66.487,1.71,11725
2,2014-07-15,4.8396,4.8396,45.3813,1.45,9670
2,2014-07-16,4.989,4.989,47.4074,1.5,9690
2,2014-07-17,5.7366,5.7366,61.2462,1.72,10546
2,2014-07-18,5.0125,5.0125,43.2933,1.5,9670
2,2014-07-19,5.8292,5.8292,48.1579,1.75,10075
2,2014-07-20,3.7298,3.7298,43.6184,1.12,8773
2,2014-07-21,6.2419,6.2419,37.132,1.87,10126
2,2014-07-22,5.7596,5.7596,32.3794,1.73,9658
2,2014-07-23,5.0666,5.0666,38.3127,1.52,10681
2,2014-07-24,12.6791,12.6791,30.9464,3.8,10131
2,2014-07-25,5.8411,5.8411,42.7005,1.75,10096
2,2014-07-26,5.548,5.548,25.5329,1.66,11674
2,2014-07-27,2.4493,2.4493,11.6249,0.73,11662
2,2014-07-28,2.3694,2.3694,13.8213,0.71,11458
2,2014-07-29,2.0808,2.0808,14.2777,0.62,10185
2,2014-07-30,2.0262,2.0262,16.683,0.61,10179
2,2014-07-31,2.1427,2.1427,35.5756,0.64,10645
2,2014-08-01,1.6048,1.6048,43.1776,0.48,7989
2,2014-08-02,4.5065,4.5065,28.3798,1.35,5707
2,2014-08-03,8.8024,8.8024,39.1204,2.64,9824
2,2014-08-04,5.5381,5.5381,39.6568,1.66,10211
2,2014-08-05,5.5556,5.5556,53.0909,1.67,12227
2,2014-08-06,5.1234,5.1234,45.9472,1.54,9468
2,2014-08-07,4.5603,4.5603,50.1416,1.37,9344
2,2014-08-08,6.0101,6.0101,47.1447,1.8,10769
2,2014-08-09,8.3581,8.3581,39.8714,2.51,10149
2,2014-08-10,5.2268,5.2268,36.9622,1.57,10242
2,2014-08-11,8.4277,8.4277,42.2943,2.53,13019
2,2014-08-12,8.3546,8.3546,50.1688,2.51,13902
2,2014-08-13,7.7882,7.7882,36.5239,2.34,10092
2,2014-08-14,6.9108,6.9108,42.6563,2.07,10032
2,2014-08-15,5.0067,5.0067,46.2739,1.5,10730
2,2014-08-16,9.0784,9.0784,63.6631,2.72,10068
2,2014-08-17,8.4772,8.4772,54.5034,2.54,10179
2,2014-08-18,6.1476,6.1476,42.6434,1.84,11418
2,2014-08-19,9.5173,9.5173,49.556,2.86,12401
2,2014-08-20,6.6445,6.6445,40.3823,1.99,10660
2,2014-08-21,5.9452,5.9452,40.0095,1.78,10376
2,2014-08-22,1.9134,1.9134,22.8226,0.57,10325
2,2014-08-23,1.904,1.904,42.8741,0.57,10222
2,2014-08-24,1.9193,1.9193,42.76,0.58,10287
2,2014-08-25,2.0412,2.0412,33.9877,0.61,11097
2,2014-08-26,2.028,2.028,16.8666,0.61,11125
2,2014-08-27,1.9033,1.9033,9.6837,0.57,10479
2,2014-08-28,1.9164,1.9164,30.5009,0.57,10214
2,2014-08-29,1.8939,1.8939,57.6123,0.57,10148
2,2014-08-30,1.0763,1.0763,41.1162,0.32,6179
2,2014-08-31,0.3566,0.3566,16.7266,0.11,2547
2,2014-09-01,6.7299,6.7299,36.4609,2.02,7859
2,2014-09-02,7.795,7.795,27.747,2.34,10878
2,2014-09-03,7.5567,7.5567,49.247,2.27,10899
2,2014-09-04,7.3602,7.3602,60.3253,2.21,10943
2,2014-09-05,7.7991,7.7991,50.7571,2.34,10846
2,2014-09-06,4.1179,4.1179,39.7136,1.24,11126
2,2014-09-07,11.43,11.43,79.6135,3.43,14069
2,2014-09-08,8.1636,8.1636,72.6777,2.45,11343
2,2014-09-09,7.7076,7.7076,59.2093,2.31,11607
2,2014-09-10,6.9486,6.9486,46.3458,2.08,10343
2,2014-09-11,4.8911,4.8911,39.751,1.47,10218
2,2014-09-12,4.0268,4.0268,33.2196,1.21,10100
2,2014-09-13,1.7394,1.7394,13.7258,0.52,9878
2,2014-09-14,1.8529,1.8529,21.4652,0.56,10069
2,2014-09-15,13.7811,13.7811,32.8469,4.13,10247
2,2014-09-16,6.3098,6.3098,57.2733,1.89,10584
2,2014-09-17,8.1435,8.1435,56.8841,2.44,9644
3,2013-09-25,1.4278,1.4278,22.6714,0.43,2724
3,2013-09-26,12.4294,12.4294,85.0852,3.73,14163
3,2013-09-27,12.407,12.407,70.9014,3.72,13602
3,2013-09-28,18.049,18.049,65.0002,5.41,14254
3,2013-09-29,15.3158,15.3158,76.2061,4.59,13767
3,2013-09-30,4.2703,4.2703,33.9217,1.28,5925
3,2013-10-02,2.0169,2.0169,17.2814,0.61,9499
3,2013-10-03,2.8866,2.8866,28.4966,0.87,13489
3,2013-10-04,7.0515,7.0515,35.0294,2.12,14307
3,2013-10-05,5.8979,5.8979,40.629,1.77,14392
3,2013-10-06,9.5184,9.5184,45.4348,2.86,14375
3,2013-10-07,5.3753,5.3753,49.3893,1.61,13922
3,2013-10-08,7.2666,7.2666,53.6007,2.18,14322
3,2013-10-09,5.9775,5.9775,55.39,1.79,13744
3,2013-10-10,6.1866,6.1866,61.9388,1.86,14180
3,2013-10-11,5.0522,5.0522,67.7523,1.52,14369
3,2013-10-12,4.9965,4.9965,70.5968,1.5,14360
3,2013-10-13,4.8833,4.8833,74.7623,1.46,14339
3,2013-10-14,4.9858,4.9858,78.8608,1.5,14277
3,2013-10-15,7.3376,7.3376,83.9172,2.2,14297
3,2013-10-16,7.043,7.043,90.1688,2.11,14347
3,2013-10-17,8.0111,8.0111,91.9907,2.4,14332
3,2013-10-18,6.0278,6.0278,98.1791,1.81,14370
3,2013-10-19,5.719,5.719,100.4646,1.72,14357
3,2013-10-20,6.5577,6.5577,105.6519,1.97,14312
3,2013-10-21,4.9466,4.9466,106.9669,1.48,14060
3,2013-10-22,5.2057,5.2057,113.3201,1.56,14327
3,2013-10-23,12.4174,12.4174,100.6457,3.73,14279
3,2013-10-24,15.5005,15.5005,62.379,4.65,14310
3,2013-10-25,11.3379,11.3379,52.1169,3.4,14321
3,2013-10-26,10.9098,10.9098,63.8389,3.27,13797
3,2013-10-27,14.3112,14.3112,86.5693,4.29,14565
3,2013-10-28,10.1885,10.1885,83.5704,3.06,14134
3,2013-10-29,19.2344,19.2344,65.7821,5.77,14256
3,2013-10-30,15.1712,15.1712,65.5609,4.55,14268
3,2013-10-31,10.419,10.419,61.0979,3.13,14330
3,2013-11-01,19.1926,19.1926,70.001,5.76,14351
3,2013-11-02,21.2905,21.2905,66.1297,6.39,14281
3,2013-11-03,21.3322,21.3322,66.5324,6.4,14337
3,2013-11-04,14.5976,14.5976,63.4561,4.38,14189
3,2013-11-05,19.5928,19.5928,65.2694,5.88,13721
3,2013-11-06,10.7149,10.7149,47.7799,3.21,11249
3,2013-11-07,2.3423,2.3423,18.034,0.7,4657
3,2013-11-08,3.6635,3.6635,23.4918,1.1,5384
3,2013-11-09,9.1925,9.1925,44.5745,2.76,11948
3,2013-11-10,13.3178,13.3178,51.8798,4.0,13748
3,2013-11-11,14.2646,14.2646,68.2943,4.28,13200
3,2013-11-12,13.5449,13.5449,60.5717,4.06,12627
3,2013-11-13,11.1792,11.1792,75.4671,3.35,12483
3,2013-11-14,10.4286,10.4286,35.4856,3.13,11865
3,2013-11-15,10.209,10.209,40.9568,3.06,12776
3,2013-11-16,9.9826,9.9826,50.3177,2.99,12218
3,2013-11-17,6.4715,6.4715,60.5999,1.94,12316
3,2013-11-18,16.106,16.106,69.7216,4.83,14029
3,2013-11-19,17.3818,17.3818,57.9878,5.21,13449
3,2013-11-20,12.9711,12.9711,57.1864,3.89,12625
3,2013-11-21,11.6426,11.6426,55.2058,3.49,12659
3,2013-11-22,11.4225,11.4225,60.506,3.43,12356
3,2013-11-23,9.4285,9.4285,53.1015,2.83,11379
3,2013-11-24,8.547,8.547,78.8984,2.56,11891
3,2013-11-25,17.0345,17.0345,65.4099,5.11,12826
3,2013-11-26,10.3127,10.3127,76.5434,3.09,10960
3,2013-11-27,9.0586,9.0586,63.204,2.72,11033
3,2013-11-28,13.2192,13.2192,63.498,3.97,11353
3,2013-11-29,8.369,8.369,62.8957,2.51,11207
3,2013-11-30,7.6113,7.6113,50.1593,2.28,11257
3,2013-12-01,7.4784,7.4784,52.3586,2.24,10769
3,2013-12-02,8.5609,8.5609,53.9529,2.57,10489
3,2013-12-03,10.1917,10.1917,57.5163,3.06,11131
3,2013-12-04,10.4824,10.4824,49.0385,3.14,10810
3,2013-12-05,10.225,10.225,47.6175,3.07,11600
3,2013-12-06,10.3079,10.3079,59.7271,3.09,12816
3,2013-12-07,10.1887,10.1887,50.2668,3.06,11045
3,2013-12-08,13.3713,13.3713,62.2838,4.01,10272
3,2013-12-09,9.8082,9.8082,58.7579,2.94,10024
3,2013-12-10,16.7798,16.7798,57.4468,5.03,10157
3,2013-12-11,9.3817,9.3817,38.3432,2.81,10077
3,2013-12-12,16.71,16.71,46.6987,5.01,12448
3,2013-12-13,11.4854,11.4854,67.9864,3.45,13066
3,2013-12-14,9.3339,9.3339,60.7595,2.8,12236
3,2013-12-15,12.6457,12.6457,71.2255,3.79,12455
3,2013-12-16,8.6589,8.6589,57.3076,2.6,11937
3,2013-12-17,18.7841,18.7841,64.272,5.64,12514
3,2013-12-18,9.7069,9.7069,47.9444,2.91,13583
3,2013-12-19,9.2054,9.2054,77.1799,2.76,13925
3,2013-12-20,24.201,24.201,65.8808,7.26,13911
3,2013-12-21,12.9299,12.9299,43.635,3.88,10761
3,2013-12-22,9.5389,9.5389,37.4761,2.86,10555
3,2013-12-23,19.2993,19.2993,59.5937,5.79,12730
3,2013-12-24,12.9094,12.9094,64.7643,3.87,12978
3,2013-12-25,11.0078,11.0078,55.4809,3.3,13267
3,2013-12-26,24.4305,24.4305,69.7784,7.33,13476
3,2013-12-27,22.0426,22.0426,69.6649,6.61,14236
3,2013-12-28,11.5805,11.5805,55.8587,3.47,14048
3,2013-12-29,11.7389,11.7389,71.3332,3.52,14081
3,2013-12-30,17.6117,17.6117,69.1368,5.28,13993
3,2013-12-31,10.6806,10.6806,46.9017,3.2,14225
3,2014-01-01,16.8385,16.8385,62.9816,5.05,14002
3,2014-01-02,15.387,15.387,66.931,4.62,14231
3,2014-01-03,14.8282,14.8282,67.6561,4.45,14148
3,2014-01-04,13.6114,13.6114,59.8764,4.08,14138
3,2014-01-05,19.8565,19.8565,50.3821,5.96,13770
3,2014-01-06,13.933,13.933,36.4797,4.18,13849
3,2014-01-07,11.7602,11.7602,41.1604,3.53,14188
3,2014-01-08,13.6395,13.6395,43.9013,4.09,13489
3,2014-01-09,18.0856,18.0856,62.4491,5.43,13207
3,2014-01-10,12.5203,12.5203,61.9913,3.76,14124
3,2014-01-11,21.6813,21.6813,59.6657,6.5,14181
3,2014-01-12,11.4548,11.4548,88.3505,3.44,14018
3,2014-01-13,27.1445,27.1445,54.7376,8.14,13677
3,2014-01-14,17.7954,17.7954,78.1297,5.34,14060
3,2014-01-15,16.4911,16.4911,57.2005,4.95,14153
3,2014-01-16,14.2687,14.2687,57.9585,4.28,14119
3,2014-01-17,15.9999,15.9999,57.0955,4.8,14117
3,2014-01-18,13.0304,13.0304,63.8228,3.91,14030
3,2014-01-19,16.3658,16.3658,75.8336,4.91,14123
3,2014-01-20,39.4611,39.4611,65.1891,11.84,13782
3,2014-01-21,19.2414,19.2414,49.3782,5.77,13619
3,2014-01-22,11.1235,11.1235,47.0606,3.34,14039
3,2014-01-23,7.8539,7.8539,67.6315,2.36,14067
3,2014-01-24,0.9628,0.9628,5.4561,0.29,1030
3,2014-03-06,2.5547,2.5547,9.0977,0.77,4553
3,2014-03-07,7.4151,7.4151,70.3505,2.22,14188
3,2014-03-08,18.8026,18.8026,60.1082,5.64,14034
3,2014-03-09,12.595,12.595,55.4731,3.78,14344
3,2014-03-10,13.1772,13.1772,60.9584,3.95,14028
3,2014-03-11,18.1413,18.1413,65.2526,5.44,14194
3,2014-03-12,16.738,16.738,57.9587,5.02,13609
3,2014-03-13,11.885,11.885,47.3537,3.57,14203
3,2014-03-14,10.5934,10.5934,50.5446,3.18,13832
3,2014-03-15,16.132,16.132,59.0988,4.84,13957
3,2014-03-16,12.551,12.551,75.0305,3.77,14370
3,2014-03-17,27.8357,27.8357,75.3583,8.35,13868
3,2014-03-18,19.4351,19.4351,61.6124,5.83,14013
3,2014-03-19,16.975,16.975,60.6888,5.09,14253
3,2014-03-20,14.5731,14.5731,56.2566,4.37,14229
3,2014-03-21,9.4253,9.4253,77.5556,2.83,14260
3,2014-03-22,13.4477,13.4477,99.577,4.03,14231
3,2014-03-23,8.186,8.186,95.0375,2.46,14294
3,2014-03-24,11.9373,11.9373,60.032,3.58,14072
3,2014-03-25,11.2756,11.2756,78.2234,3.38,14189
3,2014-03-26,10.2432,10.2432,104.9445,3.07,14219
3,2014-03-27,22.6168,22.6168,64.7846,6.79,14182
3,2014-03-28,12.3559,12.3559,37.5646,3.71,14073
3,2014-03-29,24.2887,24.2887,60.5255,7.29,14651
3,2014-03-30,23.2355,23.2355,45.6189,6.97,13724
3,2014-03-31,12.2831,12.2831,65.2055,3.68,12741
3,2014-04-01,13.374,13.374,68.6556,4.01,13444
3,2014-04-02,11.688,11.688,55.2023,3.51,11283
3,2014-04-03,9.4122,9.4122,32.755,2.82,12615
3,2014-04-04,13.0787,13.0787,55.572,3.92,12839
3,2014-04-05,10.4724,10.4724,67.6534,3.14,14353
3,2014-04-06,61.7452,61.7452,53.9196,18.52,14325
3,2014-04-07,9.9962,9.9962,54.6908,3.0,11941
3,2014-04-08,16.2714,16.2714,54.6973,4.88,11245
3,2014-04-09,12.1779,12.1779,39.8416,3.65,11391
3,2014-04-10,5.3195,5.3195,33.3993,1.6,11655
3,2014-04-11,13.9713,13.9713,40.9175,4.19,12765
3,2014-04-12,9.7935,9.7935,77.2526,2.94,14156
3,2014-04-13,5.5853,5.5853,69.2999,1.68,14301
3,2014-04-14,24.2384,24.2384,68.4602,7.27,12653
3,2014-04-15,18.2198,18.2198,35.9087,5.47,13176
3,2014-04-16,14.9989,14.9989,47.0909,4.5,13232
3,2014-04-17,8.9911,8.9911,71.107,2.7,11897
3,2014-04-18,13.9269,13.9269,52.4358,4.18,10836
3,2014-04-19,8.3046,8.3046,57.4697,2.49,10567
3,2014-04-20,14.6085,14.6085,69.0842,4.38,10752
3,2014-04-21,9.5115,9.5115,59.0649,2.85,10807
3,2014-04-22,18.3146,18.3146,47.9793,5.49,11619
3,2014-04-23,18.4572,18.4572,52.0762,5.54,12778
3,2014-04-24,11.4145,11.4145,53.9192,3.42,12565
3,2014-04-25,14.0397,14.0397,59.7605,4.21,12923
3,2014-04-26,12.7218,12.7218,53.2154,3.82,10716
3,2014-04-27,10.4853,10.4853,42.0116,3.15,10726
3,2014-04-28,13.9375,13.9375,51.1778,4.18,12618
3,2014-04-29,17.2359,17.2359,60.3562,5.17,13000
3,2014-04-30,10.7106,10.7106,49.5646,3.21,12146
3,2014-05-01,14.0986,14.0986,48.8344,4.23,12133
3,2014-05-02,7.6188,7.6188,52.32,2.29,12157
3,2014-05-03,15.1868,15.1868,48.0325,4.56,11362
3,2014-05-04,9.7002,9.7002,41.9314,2.91,11879
3,2014-05-05,12.3338,12.3338,41.6942,3.7,11576
3,2014-05-06,16.1201,16.1201,71.4849,4.84,12635
3,2014-05-07,8.5338,8.5338,61.4447,2.56,11871
3,2014-05-08,12.5358,12.5358,54.2604,3.76,11909
3,2014-05-09,10.3898,10.3898,46.706,3.12,12101
3,2014-05-10,7.8089,7.8089,48.6616,2.34,11650
3,2014-05-11,4.23,4.23,33.6124,1.27,11102
3,2014-05-12,17.3426,17.3426,57.306,5.2,12669
3,2014-05-13,16.0471,16.0471,47.5467,4.81,14237
3,2014-05-14,17.4887,17.4887,34.605,5.25,12856
3,2014-05-15,15.391,15.391,41.967,4.62,12800
3,2014-05-16,4.8361,4.8361,33.0405,1.45,11246
3,2014-05-17,6.5705,6.5705,40.8143,1.97,9438
3,2014-05-18,14.4026,14.4026,66.5495,4.32,10042
3,2014-05-19,13.1021,13.1021,73.9714,3.93,12309
3,2014-05-20,13.6852,13.6852,62.6359,4.11,13654
3,2014-05-21,12.3104,12.3104,81.691,3.69,12304
3,2014-05-22,6.7785,6.7785,73.4005,2.03,12747
3,2014-05-23,7.985,7.985,63.5229,2.4,11683
3,2014-05-24,8.9712,8.9712,53.9709,2.69,10793
3,2014-05-25,14.2908,14.2908,28.5135,4.29,11045
3,2014-05-26,7.2517,7.2517,39.4944,2.18,11853
3,2014-05-27,7.744,7.744,47.9883,2.32,11074
3,2014-05-28,11.1304,11.1304,57.7773,3.34,12079
3,2014-05-29,8.482,8.482,71.3474,2.54,10637
3,2014-05-30,12.8898,12.8898,59.7714,3.87,11633
3,2014-05-31,6.4392,6.4392,48.7576,1.93,10352
3,2014-06-01,6.0292,6.0292,41.3292,1.81,9773
3,2014-06-02,13.1565,13.1565,57.6948,3.95,12094
3,2014-06-03,10.8615,10.8615,43.0606,3.26,11346
3,2014-06-04,12.8395,12.8395,60.7479,3.85,12404
3,2014-06-05,7.4706,7.4706,41.9237,2.24,13567
3,2014-06-06,17.9464,17.9464,28.2609,5.38,13570
3,2014-06-07,17.6556,17.6556,52.1569,5.3,14046
3,2014-06-08,13.8951,13.8951,35.2708,4.17,14069
3,2014-06-09,5.0037,5.0037,30.8089,1.5,13840
3,2014-06-10,4.8356,4.8356,45.3073,1.45,13505
3,2014-06-11,7.7858,7.7858,52.9732,2.34,13106
3,2014-06-12,8.614,8.614,37.4782,2.58,13660
3,2014-06-13,10.5789,10.5789,49.1861,3.17,14290
3,2014-06-14,12.3468,12.3468,50.6495,3.7,14081
3,2014-06-15,13.8365,13.8365,40.2411,4.15,14126
3,2014-06-16,5.084,5.084,48.7234,1.53,13222
3,2014-06-17,7.0815,7.0815,76.9569,2.12,13033
3,2014-06-18,20.3457,20.3457,60.4265,6.1,14341
3,2014-06-19,14.1467,14.1467,46.6073,4.24,14345
3,2014-06-20,9.0879,9.0879,62.4869,2.73,13965
3,2014-06-21,10.7414,10.7414,53.3324,3.22,10240
3,2014-06-22,7.2732,7.2732,46.7703,2.18,9669
3,2014-06-23,10.411,10.411,48.9446,3.12,11177
3,2014-06-24,11.4925,11.4925,47.7639,3.45,12982
3,2014-06-25,14.7679,14.7679,51.2204,4.43,14183
3,2014-06-26,14.3462,14.3462,57.4185,4.3,12576
3,2014-06-27,13.1161,13.1161,49.6049,3.93,11967
3,2014-06-28,10.535,10.535,42.1688,3.16,10319
3,2014-06-29,6.3882,6.3882,53.5046,1.92,10771
3,2014-06-30,12.4501,12.4501,54.2402,3.74,11668
3,2014-07-01,8.3831,8.3831,41.439,2.51,10998
3,2014-07-02,3.8832,3.8832,44.0395,1.16,10996
3,2014-07-03,3.6191,3.6191,43.4892,1.09,10792
3,2014-07-04,3.8617,3.8617,54.2282,1.16,11668
3,2014-07-05,3.2681,3.2681,56.8992,0.98,10675
3,2014-07-06,3.5569,3.5569,63.4661,1.07,10754
3,2014-07-07,3.158,3.158,59.2265,0.95,9145
3,2014-07-08,4.2662,4.2662,92.25,1.28,13132
3,2014-07-09,5.2617,5.2617,73.7917,1.58,10830
3,2014-07-10,10.3525,10.3525,74.2376,3.11,11575
3,2014-07-11,10.1231,10.1231,41.6357,3.04,10968
3,2014-07-12,7.9943,7.9943,28.4894,2.4,10970
3,2014-07-13,9.8445,9.8445,32.6242,2.95,13934
3,2014-07-14,9.3819,9.3819,35.5844,2.81,13433
3,2014-07-15,9.2091,9.2091,51.1409,2.76,14090
3,2014-07-16,13.1022,13.1022,69.576,3.93,14163
3,2014-07-17,13.7598,13.7598,40.0944,4.13,14158
3,2014-07-18,9.3445,9.3445,34.735,2.8,13363
3,2014-07-19,10.3048,10.3048,58.3276,3.09,14239
3,2014-07-20,10.1927,10.1927,43.9833,3.06,13961
3,2014-07-21,10.183,10.183,34.7248,3.05,13860
3,2014-07-22,12.3754,12.3754,35.0957,3.71,14183
3,2014-07-23,11.5176,11.5176,33.3397,3.46,13968
3,2014-07-24,16.3685,16.3685,29.2098,4.91,14194
3,2014-07-25,9.6407,9.6407,32.8336,2.89,14243
3,2014-07-26,5.6919,5.6919,49.6735,1.71,14256
3,2014-07-27,5.5572,5.5572,72.2043,1.67,13813
3,2014-07-28,9.942,9.942,72.6191,2.98,13302
3,2014-07-29,13.1901,13.1901,55.781,3.96,13927
3,2014-07-30,10.5391,10.5391,63.9886,3.16,12960
3,2014-07-31,12.5273,12.5273,76.867,3.76,13673
3,2014-08-01,6.4583,6.4583,38.2658,1.94,10225
3,2014-08-02,4.8027,4.8027,19.6972,1.44,7092
3,2014-08-03,13.2084,13.2084,46.1329,3.96,13975
3,2014-08-04,11.9668,11.9668,41.3971,3.59,13804
3,2014-08-05,6.298,6.298,37.5099,1.89,13966
3,2014-08-06,5.2019,5.2019,40.6097,1.56,13438
3,2014-08-07,5.4499,5.4499,50.3758,1.63,13713
3,2014-08-08,6.1599,6.1599,63.2571,1.85,13862
3,2014-08-09,14.9411,14.9411,76.9494,4.48,13651
3,2014-08-10,27.5928,27.5928,67.2079,8.28,13717
3,2014-08-11,11.5367,11.5367,57.8297,3.46,13899
3,2014-08-12,16.6138,16.6138,64.2699,4.98,14320
3,2014-08-13,17.5356,17.5356,59.5435,5.26,13848
3,2014-08-14,12.259,12.259,49.4093,3.68,13339
3,2014-08-15,7.9692,7.9692,80.084,2.39,13683
3,2014-08-16,9.4313,9.4313,109.3397,2.83,13515
3,2014-08-17,14.1361,14.1361,66.8737,4.24,14297
3,2014-08-18,15.0548,15.0548,38.5641,4.52,13501
3,2014-08-19,8.4196,8.4196,39.5585,2.53,13935
3,2014-08-20,14.6742,14.6742,43.5936,4.4,13600
3,2014-08-21,16.3207,16.3207,37.9329,4.9,13942
3,2014-08-22,9.7793,9.7793,53.3011,2.93,13855
3,2014-08-23,13.8618,13.8618,72.9135,4.16,13882
3,2014-08-24,8.6875,8.6875,50.3467,2.61,13868
3,2014-08-25,11.2375,11.2375,47.7726,3.37,13775
3,2014-08-26,9.8249,9.8249,59.5321,2.95,13962
3,2014-08-27,12.9645,12.9645,65.3033,3.89,13949
3,2014-08-28,14.093,14.093,59.6389,4.23,13841
3,2014-08-29,16.1774,16.1774,61.99,4.85,14063
3,2014-08-30,8.6815,8.6815,23.607,2.6,6805
3,2014-09-01,3.0762,3.0762,8.9377,0.92,3145
3,2014-09-02,11.3877,11.3877,48.4255,3.42,10640
3,2014-09-03,7.3176,7.3176,44.3737,2.2,10504
3,2014-09-04,9.9483,9.9483,49.1582,2.98,12539
3,2014-09-05,10.1157,10.1157,58.0342,3.03,14083
3,2014-09-06,8.6519,8.6519,50.1517,2.6,12201
3,2014-09-07,2.7501,2.7501,9.1253,0.83,4159
3,2014-09-08,10.6031,10.6031,26.5938,3.18,12493
3,2014-09-09,14.4543,14.4543,45.83,4.34,14003
3,2014-09-10,10.881,10.881,58.3086,3.26,14052
3,2014-09-11,11.7734,11.7734,64.7619,3.53,14089
3,2014-09-12,5.854,5.854,15.6519,1.76,7329
4,2013-01-11,6.3304,6.3304,44.592,1.9,15606
4,2013-01-12,5.0283,5.0283,23.0365,1.51,11555
4,2013-02-11,6.0364,6.0364,32.7729,1.81,14320
4,2013-02-12,6.8791,6.8791,29.6956,2.06,11110
4,2013-03-11,7.1028,7.1028,45.3023,2.13,14360
4,2013-03-12,6.7672,6.7672,30.0679,2.03,11640
4,2013-04-11,6.12,6.12,21.8018,1.84,14146
4,2013-04-12,6.0714,6.0714,17.9771,1.82,11124
4,2013-05-11,5.8242,5.8242,20.9473,1.75,13417
4,2013-05-12,5.022,5.022,17.0781,1.51,11686
4,2013-06-11,4.4364,4.4364,16.4342,1.33,11408
4,2013-06-12,4.488,4.488,18.1074,1.35,11465
4,2013-07-11,1.7593,1.7593,9.9923,0.53,4805
4,2013-07-12,5.1184,5.1184,17.2317,1.54,11504
4,2013-08-11,2.4472,2.4472,7.9469,0.73,5446
4,2013-08-12,4.2606,4.2606,19.5213,1.28,10533
4,2013-09-11,4.0349,4.0349,21.6025,1.21,11671
4,2013-09-12,4.8634,4.8634,18.5765,1.46,10438
4,2013-10-11,6.4151,6.4151,22.0569,1.92,13739
4,2013-10-12,4.9128,4.9128,16.6861,1.47,10703
4,2013-11-10,3.6141,3.6141,20.1317,1.08,8728
4,2013-11-11,5.6467,5.6467,22.0129,1.69,9840
4,2013-11-12,6.2567,6.2567,20.1348,1.88,11186
4,2013-12-10,5.642,5.642,20.0562,1.69,15712
4,2013-12-11,4.023,4.023,13.3651,1.21,9972
4,2013-12-12,4.5123,4.5123,19.8131,1.35,11884
4,2014-01-01,6.2866,6.2866,25.6178,1.89,13862
4,2014-01-02,0.1975,0.1975,1.0585,0.06,390
4,2014-01-03,7.634,7.634,38.8036,2.29,13852
4,2014-01-05,8.639,8.639,23.6639,2.59,12797
4,2014-01-06,5.6105,5.6105,17.8418,1.68,11185
4,2014-01-07,5.1164,5.1164,21.0209,1.53,10922
4,2014-01-08,4.4514,4.4514,25.145,1.34,10169
4,2014-01-09,1.2584,1.2584,8.0814,0.38,2954
4,2014-01-10,4.5308,4.5308,26.85,1.36,10394
5,2013-09-26,5.7426,5.7426,37.8032,1.72,8238
5,2013-09-27,10.4529,10.4529,45.9706,3.14,13416
5,2013-09-28,20.2063,20.2063,75.0035,6.06,14033
5,2013-09-29,15.0451,15.0451,65.4655,4.51,13785
5,2013-09-30,10.4551,10.4551,37.0195,3.14,14248
5,2013-10-01,11.2713,11.2713,48.9099,3.38,14271
5,2013-10-02,8.4565,8.4565,43.9797,2.54,14141
5,2013-10-03,9.5637,9.5637,40.0751,2.87,12935
5,2013-10-04,10.8376,10.8376,49.4099,3.25,12272
5,2013-10-05,18.8166,18.8166,66.3993,5.64,12612
5,2013-10-06,13.5874,13.5874,50.4368,4.08,12686
5,2013-10-07,7.5847,7.5847,40.7158,2.28,12249
5,2013-10-08,7.6814,7.6814,55.7512,2.3,12232
5,2013-10-09,7.4066,7.4066,78.5033,2.22,12945
5,2013-10-10,9.1057,9.1057,79.0897,2.73,12249
5,2013-10-11,9.0657,9.0657,49.543,2.72,11783
5,2013-10-12,22.8783,22.8783,54.9383,6.86,12754
5,2013-10-13,17.5095,17.5095,46.7448,5.25,12864
5,2013-10-14,11.1243,11.1243,64.0536,3.34,13191
5,2013-10-15,11.7407,11.7407,65.9221,3.52,14101
5,2013-10-16,9.8502,9.8502,72.4365,2.96,14179
5,2013-10-17,14.4513,14.4513,79.515,4.34,14103
5,2013-10-18,9.9024,9.9024,86.5646,2.97,14086
5,2013-10-19,22.4734,22.4734,70.5811,6.74,14055
5,2013-10-20,18.6013,18.6013,48.5317,5.58,13987
5,2013-10-21,13.0831,13.0831,43.1796,3.92,12670
5,2013-10-22,8.544,8.544,53.6527,2.56,12321
5,2013-10-23,8.7955,8.7955,59.5335,2.64,12704
5,2013-10-24,13.5127,13.5127,53.2134,4.05,11565
5,2013-10-25,12.9456,12.9456,59.8293,3.88,14078
5,2013-10-26,19.8958,19.8958,70.2477,5.97,13702
5,2013-10-27,12.3969,12.3969,60.5615,3.72,14547
5,2013-10-28,11.2683,11.2683,62.1342,3.38,14091
5,2013-10-29,13.1625,13.1625,49.9205,3.95,14130
5,2013-10-30,8.5725,8.5725,56.27,2.57,14110
5,2013-10-31,14.9297,14.9297,50.0406,4.48,14228
5,2013-11-01,17.3268,17.3268,91.2562,5.2,14159
5,2013-11-02,24.029,24.029,58.5723,7.21,14267
5,2013-11-03,23.2483,23.2483,54.5168,6.97,14339
5,2013-11-04,11.3337,11.3337,52.1793,3.4,14138
5,2013-11-05,10.686,10.686,47.3597,3.21,13459
5,2013-11-06,11.004,11.004,47.0846,3.3,11702
5,2013-11-07,3.9426,3.9426,24.7094,1.18,4854
5,2013-11-08,4.7844,4.7844,23.8693,1.44,5094
5,2013-11-09,15.7198,15.7198,38.6972,4.72,10968
5,2013-11-10,17.3824,17.3824,53.862,5.21,12190
5,2013-11-11,8.093,8.093,37.9468,2.43,10876
5,2013-11-12,10.183,10.183,31.7506,3.05,10917
5,2013-11-13,8.5763,8.5763,45.4315,2.57,11240
5,2013-11-14,10.1105,10.1105,36.35,3.03,11057
5,2013-11-15,16.6175,16.6175,54.1419,4.99,12429
5,2013-11-16,15.8368,15.8368,72.6455,4.75,12095
5,2013-11-17,20.4822,20.4822,58.7352,6.14,12847
5,2013-11-18,10.4144,10.4144,71.004,3.12,13087
5,2013-11-19,10.9445,10.9445,61.9546,3.28,12993
5,2013-11-20,10.7471,10.7471,48.6743,3.22,12842
5,2013-11-21,13.2057,13.2057,38.32,3.96,12915
5,2013-11-22,12.1206,12.1206,43.6696,3.64,12780
5,2013-11-23,19.1037,19.1037,51.8275,5.73,11583
5,2013-11-24,11.9056,11.9056,45.5948,3.57,11918
5,2013-11-25,10.0548,10.0548,41.3492,3.02,12679
5,2013-11-26,11.4446,11.4446,47.0989,3.43,10483
5,2013-11-27,7.4067,7.4067,23.6035,2.22,10484
5,2013-11-28,8.1443,8.1443,30.7222,2.44,10611
5,2013-11-29,8.5882,8.5882,52.6282,2.58,10286
5,2013-11-30,15.8264,15.8264,52.9026,4.75,10092
5,2013-12-01,13.4286,13.4286,51.3151,4.03,10684
5,2013-12-02,8.3486,8.3486,37.3396,2.5,10776
5,2013-12-03,10.2397,10.2397,47.1464,3.07,11626
5,2013-12-04,7.4168,7.4168,59.4572,2.23,11684
5,2013-12-05,11.8029,11.8029,45.0917,3.54,11687
5,2013-12-06,11.9637,11.9637,50.5465,3.59,12042
5,2013-12-07,21.9666,21.9666,70.1594,6.59,12937
5,2013-12-08,14.073,14.073,66.6042,4.22,12325
5,2013-12-09,11.2508,11.2508,82.2407,3.38,13561
5,2013-12-10,11.749,11.749,76.3297,3.52,13685
5,2013-12-11,12.105,12.105,77.5398,3.63,13619
5,2013-12-12,10.8794,10.8794,68.9478,3.26,13922
5,2013-12-13,16.0467,16.0467,61.8758,4.81,13758
5,2013-12-14,24.4056,24.4056,55.9266,7.32,13717
5,2013-12-15,18.5575,18.5575,63.4292,5.57,13788
5,2013-12-16,10.6455,10.6455,66.7545,3.19,13192
5,2013-12-17,9.3639,9.3639,68.5326,2.81,13853
5,2013-12-18,9.3207,9.3207,81.1004,2.8,13366
5,2013-12-19,12.0714,12.0714,69.937,3.62,13685
5,2013-12-20,9.8285,9.8285,54.6765,2.95,13655
5,2013-12-21,18.0347,18.0347,48.3993,5.41,13498
5,2013-12-22,22.93,22.93,54.2102,6.88,13559
5,2013-12-23,17.7312,17.7312,49.3696,5.32,12366
5,2013-12-24,8.4249,8.4249,42.6862,2.53,8595
5,2013-12-25,11.5902,11.5902,31.7626,3.48,8488
5,2013-12-26,12.0575,12.0575,41.8355,3.62,10430
5,2013-12-27,16.5591,16.5591,51.2217,4.97,11601
5,2013-12-28,17.2255,17.2255,43.0494,5.17,11276
5,2013-12-29,16.8157,16.8157,35.8388,5.04,10742
5,2013-12-30,9.1122,9.1122,34.7393,2.73,10434
5,2013-12-31,9.9841,9.9841,36.2265,3.0,10428
5,2014-01-01,6.3821,6.3821,48.2083,1.91,9797
5,2014-01-02,14.3414,14.3414,45.8771,4.3,10546
5,2014-01-03,9.4178,9.4178,48.2018,2.83,10815
5,2014-01-04,16.7452,16.7452,58.3346,5.02,10895
5,2014-01-05,13.3331,13.3331,41.7369,4.0,10576
5,2014-01-06,10.4705,10.4705,43.8931,3.14,11469
5,2014-01-07,7.9934,7.9934,64.2,2.4,11821
5,2014-01-08,9.1713,9.1713,52.845,2.75,11869
5,2014-01-09,9.5081,9.5081,40.7332,2.85,11957
5,2014-01-10,17.55,17.55,47.7088,5.26,12098
5,2014-01-11,18.8396,18.8396,51.8394,5.65,12321
5,2014-01-12,15.0401,15.0401,55.2554,4.51,12795
5,2014-01-13,12.9218,12.9218,71.7664,3.88,13509
5,2014-01-14,8.4952,8.4952,62.2447,2.55,13384
5,2014-01-15,9.1312,9.1312,58.7166,2.74,13154
5,2014-01-16,10.2256,10.2256,46.4683,3.07,12359
5,2014-01-17,17.1543,17.1543,68.0964,5.15,13766
5,2014-01-18,18.7248,18.7248,74.1266,5.62,13781
5,2014-01-19,20.0876,20.0876,73.8934,6.03,13747
5,2014-01-20,13.9578,13.9578,84.7855,4.19,12957
5,2014-01-21,6.9086,6.9086,106.9135,2.07,11616
5,2014-01-22,8.0067,8.0067,75.7842,2.4,11332
5,2014-01-23,8.546,8.546,69.5371,2.56,11722
5,2014-01-24,1.2442,1.2442,13.8579,0.37,1537
5,2014-01-25,3.6991,3.6991,14.0101,1.11,2540
5,2014-01-26,1.4686,1.4686,4.1344,0.44,1466
5,2014-01-27,0.7787,0.7787,5.6982,0.23,880
5,2014-01-28,0.5151,0.5151,5.7779,0.15,648
5,2014-01-29,0.4922,0.4922,4.3987,0.15,666
5,2014-01-30,1.496,1.496,2.6684,0.45,395
5,2014-01-31,0.8085,0.8085,2.9193,0.24,408
5,2014-02-01,0.5941,0.5941,2.6751,0.18,414
5,2014-02-02,0.4219,0.4219,2.9383,0.13,454
5,2014-02-03,0.201,0.201,2.3863,0.06,379
5,2014-02-04,0.2325,0.2325,3.163,0.07,420
5,2014-02-05,0.3391,0.3391,3.9963,0.1,420
5,2014-02-06,0.4172,0.4172,3.2706,0.13,408
5,2014-02-07,0.4265,0.4265,2.7733,0.13,390
5,2014-02-08,0.7075,0.7075,3.7782,0.21,430
5,2014-02-09,0.3917,0.3917,3.3057,0.12,330
5,2014-02-10,0.2209,0.2209,1.9997,0.07,350
5,2014-02-11,0.1431,0.1431,0.9998,0.04,204
5,2014-02-12,0.5153,0.5153,3.3286,0.15,597
5,2014-02-13,0.4621,0.4621,3.9476,0.14,479
5,2014-02-14,0.3948,0.3948,5.0521,0.12,528
5,2014-02-15,0.3772,0.3772,2.5315,0.11,250
5,2014-02-16,0.6886,0.6886,3.9012,0.21,568
5,2014-02-17,0.5322,0.5322,3.0241,0.16,410
5,2014-02-18,0.3563,0.3563,2.4561,0.11,360
5,2014-02-19,0.2822,0.2822,1.8916,0.08,400
5,2014-02-20,5.253,5.253,18.1367,1.58,4547
5,2014-02-21,7.0034,7.0034,46.1151,2.1,7208
5,2014-02-22,0.7138,0.7138,5.147,0.21,1288
5,2014-02-24,0.9039,0.9039,12.3176,0.27,2200
5,2014-02-26,2.5391,2.5391,15.3266,0.76,3244
5,2014-02-27,5.3436,5.3436,36.9468,1.6,8265
5,2014-02-28,12.2141,12.2141,60.8534,3.66,11123
5,2014-03-01,21.8121,21.8121,51.4874,6.54,12281
5,2014-03-02,17.538,17.538,56.1755,5.26,12911
5,2014-03-03,8.5843,8.5843,50.4352,2.58,13142
5,2014-03-04,9.6902,9.6902,55.5015,2.91,13236
5,2014-03-05,8.8043,8.8043,56.1064,2.64,13251
5,2014-03-06,10.0943,10.0943,80.3306,3.03,13132
5,2014-03-07,13.5353,13.5353,74.7854,4.06,12925
5,2014-03-08,20.8175,20.8175,68.2936,6.25,14065
5,2014-03-09,15.536,15.536,71.1133,4.66,14348
5,2014-03-10,9.5021,9.5021,44.5468,2.85,14235
5,2014-03-11,10.9006,10.9006,63.6796,3.27,14150
5,2014-03-12,9.4238,9.4238,65.6933,2.83,13591
5,2014-03-13,9.7162,9.7162,51.3913,2.91,14082
5,2014-03-14,19.7222,19.7222,49.4161,5.92,13443
5,2014-03-15,17.9873,17.9873,61.1682,5.4,13426
5,2014-03-16,12.7734,12.7734,50.6538,3.83,13774
5,2014-03-17,10.2656,10.2656,52.4058,3.08,12238
5,2014-03-18,7.9832,7.9832,37.4143,2.39,11876
5,2014-03-19,8.1835,8.1835,41.9231,2.46,12037
5,2014-03-20,8.7387,8.7387,42.9946,2.62,12009
5,2014-03-21,13.9725,13.9725,51.4056,4.19,12538
5,2014-03-22,22.5606,22.5606,59.7175,6.77,13164
5,2014-03-23,9.8185,9.8185,55.2175,2.95,13351
5,2014-03-24,7.5346,7.5346,32.0233,2.26,13066
5,2014-03-25,9.6129,9.6129,51.4515,2.88,13376
5,2014-03-26,10.6827,10.6827,41.3332,3.2,12975
5,2014-03-27,12.6879,12.6879,49.9289,3.81,14168
5,2014-03-28,8.9669,8.9669,57.7628,2.69,11583
5,2014-03-29,22.5703,22.5703,55.8127,6.77,11898
5,2014-03-30,12.2759,12.2759,51.4698,3.68,12383
5,2014-03-31,13.0221,13.0221,53.937,3.91,13307
5,2014-04-01,9.9005,9.9005,61.2873,2.97,12689
5,2014-04-02,9.002,9.002,43.5517,2.7,12496
5,2014-04-03,7.3432,7.3432,52.2927,2.2,13095
5,2014-04-04,7.8784,7.8784,28.6266,2.36,12726
5,2014-04-05,14.4554,14.4554,44.9844,4.34,12277
5,2014-04-06,18.3768,18.3768,65.9011,5.51,13836
5,2014-04-07,7.7936,7.7936,79.7483,2.34,12822
5,2014-04-08,9.0043,9.0043,45.6318,2.7,12183
5,2014-04-09,8.9828,8.9828,41.9402,2.69,12533
5,2014-04-10,8.0264,8.0264,73.8679,2.41,12726
5,2014-04-11,8.1549,8.1549,69.1258,2.45,13125
5,2014-04-12,19.1402,19.1402,77.986,5.74,12819
5,2014-04-13,15.7708,15.7708,77.868,4.73,12866
5,2014-04-14,10.6746,10.6746,46.0894,3.2,12672
5,2014-04-15,10.0096,10.0096,58.2859,3.0,12887
5,2014-04-16,15.5547,15.5547,56.9927,4.67,14098
5,2014-04-17,12.8265,12.8265,41.7217,3.85,12652
5,2014-04-18,21.4395,21.4395,61.0289,6.43,14157
5,2014-04-19,16.9437,16.9437,60.5204,5.08,13112
5,2014-04-20,19.3261,19.3261,52.5082,5.8,12790
5,2014-04-21,15.0521,15.0521,59.5191,4.52,13208
5,2014-04-22,12.9182,12.9182,68.4227,3.88,14292
5,2014-04-23,13.5331,13.5331,50.998,4.06,14342
5,2014-04-24,8.9868,8.9868,46.6809,2.7,14073
5,2014-04-25,11.4366,11.4366,47.5227,3.43,14185
5,2014-04-26,18.0226,18.0226,54.0945,5.41,14308
5,2014-04-27,20.9781,20.9781,59.8517,6.29,13909
5,2014-04-28,8.797,8.797,46.7192,2.64,13964
5,2014-04-29,9.058,9.058,50.2893,2.72,13588
5,2014-04-30,6.953,6.953,50.7749,2.09,12725
5,2014-05-01,9.2903,9.2903,42.168,2.79,12490
5,2014-05-02,13.555,13.555,41.9255,4.07,14022
5,2014-05-03,15.9557,15.9557,60.2483,4.79,13736
5,2014-05-04,12.0212,12.0212,83.302,3.61,13257
5,2014-05-05,13.8537,13.8537,75.4633,4.16,14010
5,2014-05-06,9.511,9.511,69.3236,2.85,13949
5,2014-05-07,8.9507,8.9507,48.4283,2.69,14140
5,2014-05-08,9.0587,9.0587,43.9961,2.72,14333
5,2014-05-09,9.5453,9.5453,55.4928,2.86,14243
5,2014-05-10,19.3039,19.3039,58.7006,5.79,13852
5,2014-05-11,14.4186,14.4186,59.814,4.33,12737
5,2014-05-12,10.2052,10.2052,74.872,3.06,12665
5,2014-05-13,8.8535,8.8535,88.3587,2.66,12438
5,2014-05-14,9.0844,9.0844,72.8439,2.73,14012
5,2014-05-15,8.909,8.909,65.0206,2.67,14248
5,2014-05-16,10.5914,10.5914,65.48,3.18,13845
5,2014-05-17,18.6693,18.6693,71.5566,5.6,14264
5,2014-05-18,15.3586,15.3586,54.0322,4.61,14282
5,2014-05-19,15.2987,15.2987,53.8742,4.59,14170
5,2014-05-20,10.817,10.817,56.4389,3.25,13987
5,2014-05-21,8.3454,8.3454,80.265,2.5,14166
5,2014-05-22,8.9996,8.9996,48.8744,2.7,14297
5,2014-05-23,12.967,12.967,47.9705,3.89,14305
5,2014-05-24,15.4685,15.4685,56.5654,4.64,14254
5,2014-05-25,17.7653,17.7653,74.0961,5.33,14155
5,2014-05-26,21.9403,21.9403,66.4578,6.58,13797
5,2014-05-27,13.4871,13.4871,45.9194,4.05,13362
5,2014-05-28,11.0402,11.0402,48.1174,3.31,12806
5,2014-05-29,13.6686,13.6686,67.5954,4.1,13778
5,2014-05-30,16.9148,16.9148,72.3482,5.07,14006
5,2014-05-31,13.4572,13.4572,52.5117,4.04,13952
5,2014-06-01,12.314,12.314,61.9309,3.69,13823
5,2014-06-02,9.244,9.244,74.2609,2.77,14163
5,2014-06-03,9.1115,9.1115,46.8122,2.73,14131
5,2014-06-04,7.2848,7.2848,56.8525,2.19,13998
5,2014-06-05,12.5933,12.5933,56.0164,3.78,14052
5,2014-06-06,19.4152,19.4152,71.9535,5.82,14293
5,2014-06-07,18.2819,18.2819,76.6616,5.48,14093
5,2014-06-08,14.9319,14.9319,59.2271,4.48,13877
5,2014-06-09,11.1821,11.1821,49.9938,3.35,13504
5,2014-06-10,7.8765,7.8765,57.5717,2.36,13653
5,2014-06-11,9.1657,9.1657,76.8096,2.75,13809
5,2014-06-12,9.3971,9.3971,91.6771,2.82,13682
5,2014-06-13,10.1278,10.1278,88.0543,3.04,13557
5,2014-06-14,20.8027,20.8027,78.9547,6.24,13418
5,2014-06-15,12.8693,12.8693,50.2158,3.86,12815
5,2014-06-16,10.2385,10.2385,42.824,3.07,12500
5,2014-06-17,9.5468,9.5468,60.805,2.86,14371
5,2014-06-18,8.4558,8.4558,51.2503,2.54,14267
5,2014-06-19,8.4001,8.4001,57.8483,2.52,14374
5,2014-06-20,11.3374,11.3374,56.4065,3.4,14218
5,2014-06-21,17.7014,17.7014,81.7145,5.31,14341
5,2014-06-22,12.9447,12.9447,68.8326,3.88,14329
5,2014-06-23,10.7804,10.7804,88.0185,3.23,14288
5,2014-06-24,9.799,9.799,80.4135,2.94,14249
5,2014-06-25,10.5648,10.5648,70.634,3.17,14037
5,2014-06-26,10.3049,10.3049,70.3609,3.09,14198
5,2014-06-27,13.0023,13.0023,57.576,3.9,14125
5,2014-06-28,19.1423,19.1423,62.2163,5.74,13854
5,2014-06-29,15.0766,15.0766,64.4035,4.52,13659
5,2014-06-30,11.8822,11.8822,73.553,3.56,13459
5,2014-07-01,9.6889,9.6889,83.9544,2.91,12811
5,2014-07-02,10.2145,10.2145,77.5079,3.06,13056
5,2014-07-03,9.5901,9.5901,45.5053,2.88,12880
5,2014-07-04,11.9821,11.9821,57.3373,3.59,13086
5,2014-07-05,20.7941,20.7941,57.3375,6.24,13975
5,2014-07-06,14.9139,14.9139,56.5585,4.47,14051
5,2014-07-07,8.2775,8.2775,60.1092,2.48,10679
5,2014-07-08,10.5553,10.5553,45.8372,3.17,14321
5,2014-07-09,11.2851,11.2851,46.7247,3.39,14271
5,2014-07-10,9.7951,9.7951,58.7525,2.94,13669
5,2014-07-11,13.695,13.695,63.6809,4.11,14124
5,2014-07-12,15.6427,15.6427,52.9387,4.69,13800
5,2014-07-13,14.9373,14.9373,59.5422,4.48,13519
5,2014-07-14,10.6837,10.6837,49.7282,3.21,13268
5,2014-07-15,12.9278,12.9278,45.3576,3.88,13611
5,2014-07-16,11.0682,11.0682,60.0642,3.32,13418
5,2014-07-17,10.4913,10.4913,72.9497,3.15,13131
5,2014-07-18,10.3466,10.3466,82.3561,3.1,12964
5,2014-07-19,23.4501,23.4501,59.3976,7.04,12671
5,2014-07-20,11.3514,11.3514,72.0623,3.41,12139
5,2014-07-21,8.9999,8.9999,54.7951,2.7,13165
5,2014-07-22,15.7636,15.7636,58.3108,4.73,13069
5,2014-07-23,14.5072,14.5072,55.4287,4.35,14231
5,2014-07-24,5.0052,5.0052,20.6096,1.5,14352
5,2014-07-25,3.0837,3.0837,14.7979,0.93,14366
5,2014-07-26,3.062,3.062,31.7392,0.92,14115
5,2014-07-27,2.8948,2.8948,23.4639,0.87,13684
5,2014-07-28,2.9178,2.9178,23.2373,0.88,13449
5,2014-07-29,2.9846,2.9846,34.3273,0.9,14316
5,2014-07-30,2.8016,2.8016,44.8694,0.84,13549
5,2014-07-31,2.8414,2.8414,31.8654,0.85,14014
5,2014-08-01,2.2769,2.2769,27.9154,0.68,10369
5,2014-08-02,1.7991,1.7991,20.5235,0.54,7210
5,2014-08-03,3.1408,3.1408,44.6274,0.94,14236
5,2014-08-04,3.2751,3.2751,50.207,0.98,14154
5,2014-08-05,3.2786,3.2786,55.3255,0.98,14058
5,2014-08-06,3.6922,3.6922,57.5806,1.11,13281
5,2014-08-07,3.0476,3.0476,66.1158,0.91,14034
5,2014-08-08,3.7863,3.7863,86.8857,1.14,14208
5,2014-08-09,3.3912,3.3912,120.6687,1.02,14048
5,2014-08-10,9.327,9.327,107.1169,2.8,14033
5,2014-08-11,18.7019,18.7019,60.4501,5.61,14253
5,2014-08-12,12.3589,12.3589,61.8673,3.71,14014
5,2014-08-13,11.4511,11.4511,62.3236,3.44,13858
5,2014-08-14,12.7696,12.7696,96.93,3.83,14147
5,2014-08-15,11.5221,11.5221,60.2083,3.46,13674
5,2014-08-16,12.3826,12.3826,65.6159,3.71,14107
5,2014-08-17,18.127,18.127,51.3002,5.44,14063
5,2014-08-18,14.268,14.268,53.0755,4.28,12953
5,2014-08-19,13.9258,13.9258,47.6868,4.18,12664
5,2014-08-20,12.9935,12.9935,62.1657,3.9,13013
5,2014-08-21,22.7747,22.7747,71.2369,6.83,14298
5,2014-08-22,15.6051,15.6051,55.7618,4.68,14335
5,2014-08-23,6.0039,6.0039,83.7028,1.8,14325
5,2014-08-24,10.2986,10.2986,129.3686,3.09,14270
5,2014-08-25,19.6743,19.6743,77.0432,5.9,14307
5,2014-08-26,8.1792,8.1792,35.4983,2.45,7107
6,2013-11-28,6.5981,6.5981,25.3328,1.98,6498
6,2013-11-29,10.4434,10.4434,41.8305,3.13,12387
6,2013-11-30,12.3016,12.3016,45.6788,3.69,11746
6,2013-12-01,11.8888,11.8888,44.6583,3.57,12266
6,2013-12-02,15.2284,15.2284,43.5706,4.57,13144
6,2013-12-03,15.8231,15.8231,58.4303,4.75,16038
6,2013-12-04,13.9972,13.9972,66.2084,4.2,15936
6,2013-12-05,18.2229,18.2229,67.3662,5.47,16449
6,2013-12-06,19.5395,19.5395,68.227,5.86,15655
6,2013-12-07,19.8911,19.8911,84.0513,5.97,16853
6,2013-12-08,14.1389,14.1389,52.4629,4.24,16137
6,2013-12-09,8.3886,8.3886,48.581,2.52,15828
6,2013-12-10,16.9811,16.9811,81.5908,5.09,16613
6,2013-12-11,16.6681,16.6681,73.4261,5.0,16499
6,2013-12-12,10.6107,10.6107,61.7918,3.18,17197
6,2013-12-13,14.7165,14.7165,73.9079,4.41,17286
6,2013-12-14,19.7657,19.7657,68.786,5.93,16738
6,2013-12-15,9.8551,9.8551,53.247,2.96,17113
6,2013-12-16,12.1951,12.1951,90.4927,3.66,16686
6,2013-12-17,18.3557,18.3557,84.6303,5.51,17509
6,2013-12-18,19.8013,19.8013,83.2655,5.94,18407
6,2013-12-19,14.4357,14.4357,84.787,4.33,17453
6,2013-12-20,15.0877,15.0877,74.7945,4.53,17474
6,2013-12-21,14.7432,14.7432,60.5381,4.42,15350
6,2013-12-22,17.0126,17.0126,72.4696,5.1,16263
6,2013-12-23,12.1433,12.1433,41.6749,3.64,11201
6,2013-12-24,13.5632,13.5632,40.0632,4.07,10808
6,2013-12-25,14.9794,14.9794,51.3831,4.49,11416
6,2013-12-26,12.0442,12.0442,53.3223,3.61,11622
6,2013-12-27,16.9155,16.9155,64.5339,5.07,15114
6,2013-12-28,20.0519,20.0519,72.1388,6.02,14040
6,2013-12-29,15.8804,15.8804,66.734,4.76,15842
6,2013-12-30,16.9651,16.9651,63.3471,5.09,15021
6,2013-12-31,11.6821,11.6821,78.685,3.5,15281
6,2014-01-01,13.6014,13.6014,125.2096,4.08,16311
6,2014-01-02,18.8981,18.8981,162.9541,5.67,16385
6,2014-01-03,18.6523,18.6523,157.0448,5.6,16808
6,2014-01-04,12.6355,12.6355,126.3131,3.79,17396
6,2014-01-05,20.4161,20.4161,130.6062,6.12,17177
6,2014-01-06,16.3354,16.3354,132.1549,4.9,16056
6,2014-01-07,16.1955,16.1955,93.962,4.86,15871
6,2014-01-08,13.6462,13.6462,104.6248,4.09,16418
6,2014-01-09,16.5522,16.5522,73.7048,4.97,15249
6,2014-01-10,12.584,12.584,76.0057,3.78,16133
6,2014-01-11,13.8116,13.8116,66.81,4.14,16591
6,2014-01-12,18.481,18.481,70.8845,5.54,17628
6,2014-01-13,14.9352,14.9352,78.9391,4.48,15631
6,2014-01-14,15.2736,15.2736,66.2158,4.58,15955
6,2014-01-15,12.9674,12.9674,66.1485,3.89,15894
6,2014-01-16,16.1098,16.1098,67.535,4.83,15773
6,2014-01-17,17.8263,17.8263,65.9859,5.35,15822
6,2014-01-18,12.5233,12.5233,64.9932,3.76,16840
6,2014-01-19,20.9054,20.9054,71.1977,6.27,17354
6,2014-01-20,16.216,16.216,86.7258,4.86,15446
6,2014-01-21,18.2606,18.2606,71.8811,5.48,15111
6,2014-01-22,13.6931,13.6931,61.8561,4.11,15298
6,2014-01-23,14.9457,14.9457,68.4639,4.48,15745
6,2014-01-24,0.8455,0.8455,2.5889,0.25,1162
6,2014-02-01,0.0058,0.0058,0.028,0.0,11
6,2014-03-06,5.8317,5.8317,22.0506,1.75,4378
6,2014-03-07,12.6994,12.6994,55.9865,3.81,13486
6,2014-03-08,15.3769,15.3769,55.6374,4.61,13586
6,2014-03-09,9.8738,9.8738,39.8404,2.96,10297
6,2014-03-10,11.4675,11.4675,56.2359,3.44,13706
6,2014-03-11,14.0196,14.0196,68.4357,4.21,14173
6,2014-03-12,11.3357,11.3357,68.7327,3.4,14092
6,2014-03-13,13.2539,13.2539,69.8917,3.98,14367
6,2014-03-14,14.3693,14.3693,83.3115,4.31,13843
6,2014-03-15,14.3653,14.3653,61.3203,4.31,11372
6,2014-03-16,10.946,10.946,50.0064,3.28,10890
6,2014-03-17,10.7012,10.7012,66.7512,3.21,11143
6,2014-03-18,10.7293,10.7293,87.0933,3.22,10759
6,2014-03-19,13.4891,13.4891,138.3791,4.05,13143
6,2014-03-20,10.0535,10.0535,145.2533,3.02,14089
6,2014-03-21,17.0692,17.0692,114.2449,5.12,14160
6,2014-03-22,15.374,15.374,85.4078,4.61,14214
6,2014-03-23,13.045,13.045,69.4806,3.91,14311
6,2014-03-24,11.9067,11.9067,70.8376,3.57,14111
6,2014-03-25,11.0403,11.0403,101.4079,3.31,14151
6,2014-03-26,14.1012,14.1012,71.6445,4.23,13830
6,2014-03-27,15.7389,15.7389,64.8444,4.72,14131
6,2014-03-28,9.9128,9.9128,61.2096,2.97,14096
6,2014-03-29,14.5479,14.5479,47.6678,4.36,14709
6,2014-03-30,10.0197,10.0197,56.4101,3.01,13726
6,2014-03-31,10.7492,10.7492,52.7118,3.22,12854
6,2014-04-01,13.5526,13.5526,52.4892,4.07,13539
6,2014-04-02,10.1917,10.1917,45.6202,3.06,11468
6,2014-04-03,12.6791,12.6791,47.1892,3.8,12657
6,2014-04-04,11.1074,11.1074,52.1726,3.33,12768
6,2014-04-05,12.1055,12.1055,48.4066,3.63,14372
6,2014-04-06,15.4177,15.4177,68.4187,4.63,14326
6,2014-04-07,10.8137,10.8137,74.6451,3.24,12154
6,2014-04-08,10.8393,10.8393,69.5585,3.25,11202
6,2014-04-09,5.8566,5.8566,59.6339,1.76,11371
6,2014-04-10,10.1244,10.1244,63.3616,3.04,11719
6,2014-04-11,11.6813,11.6813,70.0901,3.5,12738
6,2014-04-12,11.7587,11.7587,53.9389,3.53,14062
6,2014-04-13,17.8848,17.8848,53.5501,5.37,14161
6,2014-04-14,9.1927,9.1927,45.3672,2.76,12572
6,2014-04-15,15.6453,15.6453,50.6994,4.69,12970
6,2014-04-16,10.0909,10.0909,44.0144,3.03,13424
6,2014-04-17,9.6133,9.6133,46.0063,2.88,12404
6,2014-04-18,15.1394,15.1394,53.6237,4.54,11829
6,2014-04-19,8.4032,8.4032,49.6608,2.52,11416
6,2014-04-20,10.3852,10.3852,44.413,3.12,11391
6,2014-04-21,10.7618,10.7618,49.476,3.23,11472
6,2014-04-22,9.4591,9.4591,52.132,2.84,12247
6,2014-04-23,10.9545,10.9545,61.6096,3.29,13021
6,2014-04-24,13.6979,13.6979,58.7579,4.11,13027
6,2014-04-25,12.5577,12.5577,60.0225,3.77,13723
6,2014-04-26,15.7398,15.7398,69.2065,4.72,12917
6,2014-04-27,15.1067,15.1067,63.8788,4.53,12848
6,2014-04-28,12.4241,12.4241,69.7961,3.73,13595
6,2014-04-29,11.3794,11.3794,60.6904,3.41,13721
6,2014-04-30,9.806,9.806,46.1569,2.94,11621
6,2014-05-01,11.2919,11.2919,66.0266,3.39,12812
6,2014-05-02,11.0014,11.0014,59.8674,3.3,12499
6,2014-05-03,13.5434,13.5434,55.8303,4.06,11080
6,2014-05-04,9.7207,9.7207,45.397,2.92,10921
6,2014-05-05,11.3119,11.3119,48.3635,3.39,10715
6,2014-05-06,11.0173,11.0173,53.7662,3.31,12468
6,2014-05-07,9.8072,9.8072,38.7662,2.94,11267
6,2014-05-08,10.8109,10.8109,48.0024,3.24,10999
6,2014-05-09,11.1192,11.1192,49.7288,3.34,11741
6,2014-05-10,8.7088,8.7088,41.5304,2.61,10517
6,2014-05-11,12.1986,12.1986,46.1909,3.66,9878
6,2014-05-12,10.5531,10.5531,50.99,3.17,12338
6,2014-05-13,15.5559,15.5559,70.8525,4.67,14241
6,2014-05-14,7.4786,7.4786,39.589,2.24,13306
6,2014-05-15,9.4089,9.4089,69.536,2.82,13685
6,2014-05-16,13.1819,13.1819,65.6945,3.95,13170
6,2014-05-17,7.1845,7.1845,46.3312,2.16,11893
6,2014-05-18,12.9499,12.9499,37.1165,3.88,12305
6,2014-05-19,9.7297,9.7297,53.1469,2.92,13818
6,2014-05-20,13.6323,13.6323,55.7857,4.09,14033
6,2014-05-21,10.2956,10.2956,44.7227,3.09,12805
6,2014-05-22,10.3028,10.3028,51.2851,3.09,13097
6,2014-05-23,10.3805,10.3805,42.3127,3.11,12297
6,2014-05-24,8.1968,8.1968,37.2594,2.46,11430
6,2014-05-25,7.6417,7.6417,23.7547,2.29,11492
6,2014-05-26,5.9248,5.9248,46.5921,1.78,12112
6,2014-05-27,11.0914,11.0914,42.7967,3.33,12358
6,2014-05-28,12.3818,12.3818,55.7354,3.71,12944
6,2014-05-29,12.243,12.243,51.291,3.67,12050
6,2014-05-30,10.7488,10.7488,50.2846,3.22,12733
6,2014-05-31,8.7848,8.7848,36.6389,2.64,11885
6,2014-06-01,10.0594,10.0594,37.9764,3.02,11262
6,2014-06-02,11.9445,11.9445,59.0671,3.58,12825
6,2014-06-03,10.1867,10.1867,43.9364,3.06,11342
6,2014-06-04,8.7694,8.7694,35.5543,2.63,10734
6,2014-06-05,13.1024,13.1024,51.7581,3.93,12863
6,2014-06-06,10.6074,10.6074,52.8023,3.18,12761
6,2014-06-07,11.8913,11.8913,53.6206,3.57,13225
6,2014-06-08,16.079,16.079,52.7253,4.82,13275
6,2014-06-09,11.5491,11.5491,53.0985,3.46,13547
6,2014-06-10,11.2504,11.2504,60.0686,3.38,12853
6,2014-06-11,10.4939,10.4939,45.0095,3.15,11752
6,2014-06-12,10.1265,10.1265,57.3784,3.04,13138
6,2014-06-13,14.9387,14.9387,62.4335,4.48,14113
6,2014-06-14,14.1998,14.1998,58.5219,4.26,13778
6,2014-06-15,9.7604,9.7604,43.113,2.93,13759
6,2014-06-16,10.1324,10.1324,38.9423,3.04,12218
6,2014-06-17,12.7539,12.7539,42.5913,3.83,11832
6,2014-06-18,14.1618,14.1618,58.9708,4.25,14289
6,2014-06-19,13.2933,13.2933,44.3721,3.99,14111
6,2014-06-20,13.8236,13.8236,52.1304,4.15,13748
6,2014-06-21,10.4906,10.4906,47.0083,3.15,10978
6,2014-06-22,7.1453,7.1453,48.5957,2.14,11159
6,2014-06-23,13.7509,13.7509,46.018,4.13,12519
6,2014-06-24,9.858,9.858,76.3651,2.96,13887
6,2014-06-25,13.8329,13.8329,83.7455,4.15,13997
6,2014-06-26,12.1867,12.1867,101.001,3.66,12105
6,2014-06-27,10.4081,10.4081,62.9142,3.12,11451
6,2014-06-28,7.3273,7.3273,44.0748,2.2,9977
6,2014-06-29,6.5673,6.5673,54.8094,1.97,10025
6,2014-06-30,8.9471,8.9471,88.4024,2.68,11288
6,2014-07-01,9.5416,9.5416,49.6549,2.86,10112
6,2014-07-02,10.3902,10.3902,45.7137,3.12,10205
6,2014-07-03,8.4823,8.4823,43.7284,2.54,11012
6,2014-07-04,5.5199,5.5199,88.8132,1.66,10776
6,2014-07-05,4.0815,4.0815,81.129,1.22,10496
6,2014-07-06,4.3288,4.3288,83.1385,1.3,10992
6,2014-07-07,3.8029,3.8029,75.4427,1.14,9188
6,2014-07-08,6.8693,6.8693,120.0952,2.06,12740
6,2014-07-09,10.2699,10.2699,59.857,3.08,11430
6,2014-07-10,10.5873,10.5873,51.4702,3.18,12213
6,2014-07-11,9.123,9.123,47.16,2.74,11574
6,2014-07-12,10.1119,10.1119,71.2585,3.03,12043
6,2014-07-13,6.3091,6.3091,49.1863,1.89,11214
6,2014-07-14,4.9425,4.9425,42.3954,1.48,11380
6,2014-07-15,8.8817,8.8817,50.7137,2.66,11749
6,2014-07-16,10.7321,10.7321,54.8081,3.22,12043
6,2014-07-17,11.5227,11.5227,48.899,3.46,12529
6,2014-07-18,11.4634,11.4634,45.7199,3.44,11369
6,2014-07-19,11.7121,11.7121,55.5237,3.51,12175
6,2014-07-20,8.8411,8.8411,50.3922,2.65,11657
6,2014-07-21,9.9806,9.9806,50.8639,2.99,12104
6,2014-07-22,13.1297,13.1297,40.3207,3.94,10638
6,2014-07-23,12.7265,12.7265,50.3832,3.82,11255
6,2014-07-24,13.6616,13.6616,46.3874,4.1,11664
6,2014-07-25,8.0764,8.0764,52.4931,2.42,11369
6,2014-07-26,14.0741,14.0741,97.9581,4.22,12272
6,2014-07-27,14.7293,14.7293,65.5278,4.42,11064
6,2014-07-28,11.0333,11.0333,56.644,3.31,11689
6,2014-07-29,9.8302,9.8302,55.3671,2.95,10722
6,2014-07-30,8.9157,8.9157,51.6191,2.67,10852
6,2014-07-31,12.2917,12.2917,40.6572,3.69,10755
6,2014-08-01,7.3743,7.3743,37.7855,2.21,9120
6,2014-08-02,8.8682,8.8682,25.7066,2.66,6516
6,2014-08-03,10.1954,10.1954,54.597,3.06,11837
6,2014-08-04,7.7688,7.7688,57.9343,2.33,11584
6,2014-08-05,12.6008,12.6008,60.4612,3.78,12623
6,2014-08-06,8.5163,8.5163,55.0261,2.55,9558
6,2014-08-07,14.1351,14.1351,69.2798,4.24,10363
6,2014-08-08,10.4751,10.4751,101.4921,3.14,12058
6,2014-08-09,10.9758,10.9758,95.4912,3.29,11084
6,2014-08-10,9.0941,9.0941,76.9058,2.73,9912
6,2014-08-11,13.6558,13.6558,109.6864,4.1,12371
6,2014-08-12,8.2987,8.2987,84.2279,2.49,13335
6,2014-08-13,4.271,4.271,56.1745,1.28,9992
6,2014-08-14,7.6055,7.6055,58.29,2.28,10377
6,2014-08-15,9.3879,9.3879,51.5567,2.82,9880
6,2014-08-16,10.3204,10.3204,43.5487,3.1,9409
6,2014-08-17,9.6788,9.6788,40.8419,2.9,9707
6,2014-08-18,12.6023,12.6023,49.3162,3.78,11643
6,2014-08-19,10.5825,10.5825,50.5176,3.17,12173
6,2014-08-20,9.2563,9.2563,39.8618,2.78,10781
6,2014-08-21,10.6068,10.6068,35.5264,3.18,10298
6,2014-08-22,9.433,9.433,43.1169,2.83,10369
6,2014-08-23,10.0127,10.0127,42.0597,3.0,10017
6,2014-08-24,11.2951,11.2951,51.7041,3.39,10191
6,2014-08-25,10.445,10.445,54.386,3.13,10725
6,2014-08-26,11.5265,11.5265,49.8449,3.46,11112
6,2014-08-27,11.0902,11.0902,42.2762,3.33,10469
6,2014-08-28,11.7608,11.7608,52.731,3.53,11179
6,2014-08-29,10.0061,10.0061,50.7039,3.0,10610
6,2014-08-30,3.5049,3.5049,23.5801,1.05,4771
6,2014-09-01,1.3173,1.3173,8.2884,0.4,3160
6,2014-09-02,4.4201,4.4201,34.0333,1.33,10641
6,2014-09-03,4.4486,4.4486,44.7814,1.33,10680
6,2014-09-04,4.5206,4.5206,54.9921,1.36,10775
6,2014-09-05,4.4423,4.4423,64.6961,1.33,10693
6,2014-09-06,5.7874,5.7874,75.1928,1.74,11354
6,2014-09-07,4.2589,4.2589,19.8866,1.28,3919
6,2014-09-08,9.2586,9.2586,61.1952,2.78,10745
6,2014-09-09,8.1468,8.1468,53.63,2.44,11660
6,2014-09-10,9.7165,9.7165,52.0108,2.91,11113
6,2014-09-11,12.1444,12.1444,47.3549,3.64,10958
6,2014-09-12,10.0476,10.0476,53.2071,3.01,13000
6,2014-09-13,13.2241,13.2241,58.7148,3.97,14089
6,2014-09-14,15.1945,15.1945,61.4352,4.56,14267
6,2014-09-15,11.1475,11.1475,55.3958,3.34,14092
6,2014-09-16,13.0072,13.0072,65.5938,3.9,14173
6,2014-09-17,14.0831,14.0831,55.2578,4.22,14229
6,2014-09-18,18.317,18.317,59.9608,5.5,14228
6,2014-09-19,9.8647,9.8647,54.9996,2.96,14174
6,2014-09-20,11.0655,11.0655,57.5737,3.32,14248
6,2014-09-21,12.2378,12.2378,59.5457,3.67,14292
6,2014-09-22,17.0636,17.0636,62.913,5.12,14208
6,2014-09-23,14.8617,14.8617,57.2354,4.46,14007
6,2014-09-24,10.4947,10.4947,58.4116,3.15,14166
6,2014-09-25,10.783,10.783,58.1296,3.23,14037
6,2014-09-26,9.4638,9.4638,45.0074,2.84,12068
6,2014-09-27,10.639,10.639,54.163,3.19,11224
6,2014-09-28,13.5915,13.5915,43.895,4.08,10985
6,2014-09-29,9.199,9.199,39.1148,2.76,11004
6,2014-09-30,7.5507,7.5507,47.0239,2.27,11437
6,2014-10-01,7.1741,7.1741,35.3954,2.15,7948
6,2014-10-02,9.6709,9.6709,50.6297,2.9,10705
6,2014-10-03,10.4732,10.4732,45.9922,3.14,10677
6,2014-10-04,9.3803,9.3803,49.807,2.81,9835
6,2014-10-05,9.8952,9.8952,46.7736,2.97,10579
6,2014-10-06,9.1742,9.1742,42.46,2.75,10663
6,2014-10-07,10.2281,10.2281,53.3602,3.07,10675
6,2014-10-08,9.9275,9.9275,48.0136,2.98,10603
6,2014-10-09,8.0575,8.0575,44.1071,2.42,10551
6,2014-10-10,11.6347,11.6347,49.2116,3.49,10666
6,2014-10-11,10.8833,10.8833,56.249,3.26,10664
6,2014-10-12,11.5296,11.5296,53.3012,3.46,10624
6,2014-10-13,14.366,14.366,57.1326,4.31,11817
6,2014-10-14,10.2393,10.2393,50.4193,3.07,12581
6,2014-10-15,10.2384,10.2384,52.8227,3.07,12532
6,2014-10-16,13.8276,13.8276,60.0279,4.15,12486
6,2014-10-17,8.7419,8.7419,96.5345,2.62,12570
6,2014-10-18,11.5827,11.5827,67.2118,3.47,11303
6,2014-10-19,4.7649,4.7649,28.5905,1.43,5259
6,2014-10-20,8.2156,8.2156,38.7142,2.46,11273
6,2014-10-21,11.3897,11.3897,55.6348,3.42,11663
6,2014-10-22,12.1091,12.1091,52.6072,3.63,12491
6,2014-10-23,12.819,12.819,61.316,3.85,12461
6,2014-10-24,11.6848,11.6848,50.143,3.51,12317
6,2014-10-25,10.7784,10.7784,52.0389,3.23,12525
6,2014-10-26,11.5413,11.5413,56.3851,3.46,13013
6,2014-10-27,0.6885,0.6885,4.4032,0.21,1088
6,2014-10-28,7.4252,7.4252,25.3333,2.23,5341
6,2014-10-29,12.9494,12.9494,81.6425,3.88,12378
6,2014-10-30,14.3738,14.3738,42.2014,4.31,12499
6,2014-10-31,10.4237,10.4237,49.8918,3.13,12497
6,2014-11-01,5.3327,5.3327,19.3582,1.6,6980
6,2014-11-05,4.0559,4.0559,16.0921,1.22,3786
6,2014-11-06,10.8326,10.8326,96.039,3.25,12515
6,2014-11-07,11.7434,11.7434,49.8514,3.52,12156
6,2014-11-08,18.6809,18.6809,60.5969,5.6,12581
6,2014-11-09,10.9112,10.9112,63.3841,3.27,12589
6,2014-11-10,6.1474,6.1474,28.3919,1.84,5133
6,2014-11-11,11.0306,11.0306,82.2677,3.31,12499
6,2014-11-12,16.6307,16.6307,86.3656,4.99,12555
6,2014-11-13,12.3301,12.3301,86.9873,3.7,12545
6,2014-11-14,11.5792,11.5792,52.8648,3.47,12553
6,2014-11-15,16.1453,16.1453,60.1281,4.84,12591
6,2014-11-16,14.2889,14.2889,84.3917,4.29,12557
6,2014-11-17,13.9956,13.9956,74.6799,4.2,12404
6,2014-11-18,11.0147,11.0147,61.5652,3.3,12431
6,2014-11-19,8.4592,8.4592,57.9067,2.54,12809
6,2014-11-20,9.0557,9.0557,40.4008,2.72,11719
6,2014-11-21,5.6198,5.6198,26.9637,1.69,6687
6,2014-11-22,8.4794,8.4794,65.2815,2.54,11150
6,2014-11-23,16.6512,16.6512,48.141,5.0,12793
6,2014-11-24,13.4211,13.4211,58.2287,4.03,12503
6,2014-11-25,0.2098,0.2098,0.7358,0.06,222
7,2013-01-11,0.6297,0.6297,13.0982,0.19,1170
7,2013-01-12,16.584,16.584,72.1385,4.98,9429
7,2013-02-11,12.7996,12.7996,100.6597,3.84,14241
7,2013-02-12,12.0479,12.0479,83.8358,3.61,9518
7,2013-03-11,22.0721,22.0721,66.9795,6.62,14325
7,2013-03-12,17.039,17.039,65.0069,5.11,10107
7,2013-04-11,24.2566,24.2566,115.2993,7.28,14137
7,2013-04-12,15.6035,15.6035,65.6204,4.68,9112
7,2013-05-11,18.3729,18.3729,109.1686,5.51,13345
7,2013-05-12,20.1151,20.1151,88.384,6.03,9911
7,2013-06-11,14.838,14.838,78.2071,4.45,10486
7,2013-06-12,29.0531,29.0531,79.6132,8.72,10355
7,2013-07-11,2.718,2.718,11.992,0.82,3727
7,2013-07-12,19.3278,19.3278,75.193,5.8,10225
7,2013-08-11,6.9867,6.9867,19.0718,2.1,4771
7,2013-08-12,14.0171,14.0171,38.826,4.21,9447
7,2013-09-11,13.4753,13.4753,47.1764,4.04,9488
7,2013-09-12,18.3743,18.3743,93.4836,5.51,10302
7,2013-10-11,16.121,16.121,85.3705,4.84,11866
7,2013-10-12,19.2969,19.2969,87.6104,5.79,10667
7,2013-11-11,15.7866,15.7866,61.0688,4.74,11059
7,2013-11-12,15.5801,15.5801,55.508,4.67,11256
7,2013-12-11,17.3083,17.3083,54.0139,5.19,10767
7,2013-12-12,20.3284,20.3284,74.7888,6.1,12918
7,2014-01-01,23.2302,23.2302,87.9154,6.97,13969
7,2014-01-04,17.489,17.489,109.5815,5.25,13568
7,2014-01-05,21.9778,21.9778,132.7798,6.59,13421
7,2014-01-06,14.3808,14.3808,107.1409,4.31,12390
7,2014-01-07,8.4036,8.4036,60.9538,2.52,10999
7,2014-01-08,7.4448,7.4448,45.4736,2.23,8895
7,2014-01-09,8.5403,8.5403,34.9617,2.56,7601
7,2014-01-10,9.815,9.815,22.0328,2.94,10698
8,2013-01-11,0.432,0.432,6.7192,0.13,1061
8,2013-01-12,15.3118,15.3118,54.3092,4.59,11885
8,2013-02-11,12.9069,12.9069,49.6215,3.87,14289
8,2013-02-12,13.5621,13.5621,40.9393,4.07,11392
8,2013-03-11,13.0428,13.0428,53.3403,3.91,14356
8,2013-03-12,13.7351,13.7351,46.0616,4.12,12050
8,2013-04-11,17.49,17.49,51.7675,5.25,14139
8,2013-04-12,13.4819,13.4819,44.7087,4.04,11567
8,2013-05-11,14.55,14.55,40.1501,4.37,13759
8,2013-05-12,22.1767,22.1767,43.6918,6.65,12052
8,2013-06-11,13.0597,13.0597,44.5503,3.92,12377
8,2013-06-12,20.3564,20.3564,38.8286,6.11,13099
8,2013-07-11,10.5091,10.5091,24.3879,3.15,5222
8,2013-07-12,14.6078,14.6078,38.7471,4.38,11631
8,2013-08-11,6.3456,6.3456,19.9746,1.9,5988
8,2013-08-12,11.5556,11.5556,41.613,3.47,11027
8,2013-09-11,15.3723,15.3723,54.7386,4.61,12860
8,2013-09-12,13.5782,13.5782,43.3162,4.07,10693
8,2013-10-11,16.2496,16.2496,49.3585,4.87,13982
8,2013-10-12,9.9147,9.9147,45.3673,2.97,10406
8,2013-11-11,14.9666,14.9666,69.5842,4.49,13730
8,2013-11-12,12.8271,12.8271,36.0744,3.85,10315
8,2013-12-11,13.2069,13.2069,46.404,3.96,13765
8,2013-12-12,24.6053,24.6053,40.4223,7.38,12307
8,2014-01-01,22.1658,22.1658,57.4416,6.65,13998
8,2014-01-04,13.3194,13.3194,57.0837,4.0,13537
8,2014-01-05,15.5174,15.5174,38.2955,4.66,12564
8,2014-01-06,11.8919,11.8919,38.2648,3.57,11069
8,2014-01-07,9.1297,9.1297,38.2039,2.74,10351
8,2014-01-08,9.1979,9.1979,39.6442,2.76,8296
8,2014-01-09,4.0324,4.0324,30.3831,1.21,7667
8,2014-01-10,10.1303,10.1303,30.3909,3.04,10636
8,2014-01-11,7.6096,7.6096,9.4493,2.28,11256
9,2013-12-17,6.4999,6.4999,58.5283,1.95,3857
9,2013-12-18,13.9079,13.9079,185.0499,4.17,14129
9,2013-12-19,9.7875,9.7875,140.6189,2.94,14217
9,2013-12-20,11.7386,11.7386,120.6987,3.52,14007
9,2013-12-21,8.2305,8.2305,94.8825,2.47,9821
9,2013-12-22,8.0864,8.0864,101.4532,2.43,9649
9,2013-12-23,8.9437,8.9437,121.7126,2.68,10672
9,2013-12-24,24.8714,24.8714,92.16,7.46,10647
9,2013-12-25,9.9865,9.9865,61.7366,3.0,10899
9,2013-12-26,34.515,34.515,87.9499,10.35,11376
9,2013-12-27,18.8752,18.8752,89.8037,5.66,13636
9,2013-12-28,19.043,19.043,107.9767,5.71,12839
9,2013-12-29,31.0296,31.0296,86.9448,9.31,13602
9,2013-12-30,16.0527,16.0527,85.843,4.82,13511
9,2013-12-31,20.6508,20.6508,100.4698,6.2,14068
9,2014-01-01,30.757,30.757,93.5521,9.23,13862
9,2014-01-02,12.2461,12.2461,125.2052,3.67,14047
9,2014-01-03,16.2039,16.2039,134.5217,4.86,14035
9,2014-01-04,12.0269,12.0269,132.7555,3.61,13942
9,2014-01-05,8.5514,8.5514,150.0567,2.57,13441
9,2014-01-06,13.4441,13.4441,144.7358,4.03,13634
9,2014-01-07,11.8565,11.8565,150.5702,3.56,13918
9,2014-01-08,12.1384,12.1384,92.7658,3.64,13184
9,2014-01-09,13.3415,13.3415,127.8045,4.0,12853
9,2014-01-10,10.7512,10.7512,125.7398,3.23,13816
9,2014-01-11,27.0757,27.0757,200.9081,8.12,13981
9,2014-01-12,39.4358,39.4358,174.64,11.83,13922
9,2014-01-13,16.02,16.02,132.2551,4.81,13432
9,2014-01-14,13.4824,13.4824,102.0703,4.04,13926
9,2014-01-15,13.2665,13.2665,94.4697,3.98,13803
9,2014-01-16,14.6685,14.6685,125.6471,4.4,13766
9,2014-01-17,18.0551,18.0551,148.0546,5.42,13605
9,2014-01-18,10.2882,10.2882,93.8537,3.09,13784
9,2014-01-19,10.5923,10.5923,98.4634,3.18,13882
9,2014-01-20,11.7992,11.7992,53.3203,3.54,13146
9,2014-01-21,11.281,11.281,76.5179,3.38,12970
9,2014-01-22,12.2425,12.2425,107.2502,3.67,13385
9,2014-01-23,19.4847,19.4847,132.4369,5.85,13661
9,2014-01-24,0.5283,0.5283,5.078,0.16,975
9,2014-03-06,8.1724,8.1724,26.4675,2.45,4531
9,2014-03-07,9.0878,9.0878,77.8543,2.73,13720
9,2014-03-08,17.3131,17.3131,66.0269,5.19,13867
9,2014-03-09,15.0406,15.0406,60.6637,4.51,14330
9,2014-03-10,9.2668,9.2668,65.1344,2.78,13902
9,2014-03-11,15.7554,15.7554,84.5626,4.73,14052
9,2014-03-12,15.3923,15.3923,69.6923,4.62,13436
9,2014-03-13,8.1215,8.1215,46.3773,2.44,13971
9,2014-03-14,10.2927,10.2927,31.719,3.09,13435
9,2014-03-15,10.7302,10.7302,40.545,3.22,14006
9,2014-03-16,10.9768,10.9768,49.3758,3.29,14328
9,2014-03-17,10.4191,10.4191,54.257,3.13,13600
9,2014-03-18,10.5976,10.5976,62.5699,3.18,13833
9,2014-03-19,10.7807,10.7807,71.291,3.23,14072
9,2014-03-20,10.6612,10.6612,78.0786,3.2,13916
9,2014-03-21,10.7302,10.7302,86.1925,3.22,14006
9,2014-03-22,10.8903,10.8903,95.2839,3.27,14215
9,2014-03-23,10.8083,10.8083,102.341,3.24,14108
9,2014-03-24,10.5532,10.5532,107.3984,3.17,13775
9,2014-03-25,10.6949,10.6949,116.3739,3.21,13960
9,2014-03-26,10.5072,10.5072,121.7164,3.15,13715
9,2014-03-27,10.7102,10.7102,131.6013,3.21,13980
9,2014-03-28,10.5248,10.5248,136.732,3.16,13738
9,2014-03-29,11.2143,11.2143,153.7711,3.36,14638
9,2014-03-30,10.4413,10.4413,150.6673,3.13,13629
9,2014-03-31,9.5779,9.5779,144.5646,2.87,12502
9,2014-04-01,12.6995,12.6995,146.1784,3.81,13210
9,2014-04-02,10.3551,10.3551,99.5036,3.11,11350
9,2014-04-03,17.3793,17.3793,95.9957,5.21,12912
9,2014-04-04,20.5888,20.5888,95.2306,6.18,12874
9,2014-04-05,31.1667,31.1667,103.8963,9.35,14113
9,2014-04-06,43.2874,43.2874,89.4633,12.99,13833
9,2014-04-07,7.6879,7.6879,70.9315,2.31,11948
9,2014-04-08,10.8238,10.8238,78.0412,3.25,10991
9,2014-04-09,15.1091,15.1091,104.7953,4.53,11694
9,2014-04-10,9.5971,9.5971,74.3293,2.88,11426
9,2014-04-11,10.1382,10.1382,81.257,3.04,13006
9,2014-04-12,0.3479,0.3479,6.3994,0.1,1026
9,2014-04-28,3.5785,3.5785,17.5171,1.07,2138
9,2014-04-29,12.0302,12.0302,114.9611,3.61,14087
9,2014-04-30,13.9947,13.9947,138.7844,4.2,14040
9,2014-05-01,14.7957,14.7957,96.239,4.44,14256
9,2014-05-02,10.5084,10.5084,107.5011,3.15,14204
9,2014-05-03,26.11,26.11,95.1404,7.83,14195
9,2014-05-04,17.2603,17.2603,49.0868,5.18,14221
9,2014-05-05,14.793,14.793,76.7436,4.44,13962
9,2014-05-06,9.7877,9.7877,76.4609,2.94,13742
9,2014-05-07,11.1313,11.1313,90.0397,3.34,13972
9,2014-05-08,12.7882,12.7882,83.9915,3.84,14169
9,2014-05-09,14.1344,14.1344,126.4015,4.24,13958
9,2014-05-10,12.4557,12.4557,95.3886,3.74,14151
9,2014-05-11,17.177,17.177,154.6788,5.15,14161
9,2014-05-12,14.0638,14.0638,150.2031,4.22,14009
9,2014-05-13,17.2449,17.2449,143.0459,5.17,14350
9,2014-05-14,13.6075,13.6075,79.0951,4.08,14081
9,2014-05-15,13.1911,13.1911,101.2694,3.96,14185
9,2014-05-16,11.6092,11.6092,111.7584,3.48,13725
9,2014-05-17,17.1304,17.1304,62.7777,5.14,14051
9,2014-05-18,15.5794,15.5794,70.4456,4.67,14113
9,2014-05-19,16.0363,16.0363,76.9529,4.81,14033
9,2014-05-20,16.0718,16.0718,49.9506,4.82,14181
9,2014-05-21,10.0531,10.0531,67.5632,3.02,14045
9,2014-05-22,11.9997,11.9997,109.9957,3.6,14322
9,2014-05-23,11.1217,11.1217,112.1557,3.34,14354
9,2014-05-24,30.6074,30.6074,112.0149,9.18,14345
9,2014-05-25,31.6827,31.6827,108.0912,9.5,14350
9,2014-05-26,18.3332,18.3332,100.5242,5.5,14231
9,2014-05-27,12.1357,12.1357,79.9722,3.64,14243
9,2014-05-28,12.5031,12.5031,108.2069,3.75,14222
9,2014-05-29,18.6165,18.6165,114.0135,5.58,14366
9,2014-05-30,10.345,10.345,123.7889,3.1,14367
9,2014-05-31,26.477,26.477,111.2873,7.94,14377
9,2014-06-01,20.1994,20.1994,71.1134,6.06,14032
9,2014-06-02,11.0425,11.0425,50.1539,3.31,13752
9,2014-06-03,12.0104,12.0104,56.288,3.6,13668
9,2014-06-04,16.3467,16.3467,60.211,4.9,13688
9,2014-06-05,10.1215,10.1215,45.7287,3.04,13992
9,2014-06-06,10.87,10.87,78.9352,3.26,14293
9,2014-06-07,12.8264,12.8264,82.2444,3.85,14320
9,2014-06-08,13.4116,13.4116,55.326,4.02,14375
9,2014-06-09,14.1581,14.1581,56.8637,4.25,14003
9,2014-06-10,11.7611,11.7611,40.6328,3.53,14204
9,2014-06-11,7.503,7.503,51.7688,2.25,14296
9,2014-06-12,12.8502,12.8502,87.0675,3.86,14361
9,2014-06-13,13.3927,13.3927,73.2002,4.02,14340
9,2014-06-14,25.2602,25.2602,113.8045,7.58,14294
9,2014-06-15,25.2523,25.2523,100.1589,7.58,14210
9,2014-06-16,9.5801,9.5801,86.2367,2.87,13977
9,2014-06-17,10.6567,10.6567,76.9129,3.2,14061
9,2014-06-18,11.6027,11.6027,71.8397,3.48,14355
9,2014-06-19,14.4277,14.4277,88.5478,4.33,14368
9,2014-06-20,12.2848,12.2848,87.9993,3.69,14285
9,2014-06-21,21.3456,21.3456,86.2187,6.4,13758
9,2014-06-22,17.4405,17.4405,96.9684,5.23,13598
9,2014-06-23,8.8197,8.8197,72.5721,2.65,13752
9,2014-06-24,12.2147,12.2147,94.9802,3.66,14144
9,2014-06-25,13.2387,13.2387,91.6388,3.97,14152
9,2014-06-26,13.4808,13.4808,128.8791,4.04,14066
9,2014-06-27,15.9743,15.9743,122.7454,4.79,13572
9,2014-06-28,7.9039,7.9039,97.4772,2.37,13661
9,2014-06-29,15.8692,15.8692,97.9867,4.76,13487
9,2014-06-30,17.1286,17.1286,87.6414,5.14,13682
9,2014-07-01,8.579,8.579,60.2637,2.57,12754
9,2014-07-02,10.5097,10.5097,76.9621,3.15,13645
9,2014-07-03,7.8084,7.8084,58.2993,2.34,13603
9,2014-07-04,14.4449,14.4449,59.2722,4.33,13759
9,2014-07-05,16.8087,16.8087,68.1928,5.04,13686
9,2014-07-06,23.2044,23.2044,113.7869,6.96,13838
9,2014-07-07,7.5874,7.5874,80.8096,2.28,10352
9,2014-07-08,9.9058,9.9058,105.5109,2.97,14097
9,2014-07-09,13.2507,13.2507,95.4232,3.98,13703
9,2014-07-10,7.2578,7.2578,70.7272,2.18,13413
9,2014-07-11,9.692,9.692,53.2428,2.91,13315
9,2014-07-12,15.8752,15.8752,77.3969,4.76,13684
9,2014-07-13,18.8115,18.8115,88.5185,5.64,13438
9,2014-07-14,9.962,9.962,100.0827,2.99,12944
9,2014-07-15,18.1462,18.1462,118.4635,5.44,13430
9,2014-07-16,9.6395,9.6395,130.4139,2.89,13620
9,2014-07-17,9.9963,9.9963,157.0109,3.0,13849
9,2014-07-18,10.1281,10.1281,98.5655,3.04,12958
9,2014-07-19,12.3207,12.3207,77.8549,3.7,13871
9,2014-07-20,16.4941,16.4941,97.5085,4.95,13453
9,2014-07-21,9.7683,9.7683,77.7744,2.93,13540
9,2014-07-22,11.6393,11.6393,68.121,3.49,13942
9,2014-07-23,15.8064,15.8064,58.6898,4.74,14032
9,2014-07-24,11.9605,11.9605,56.4096,3.59,14059
9,2014-07-25,15.3359,15.3359,80.6441,4.6,14154
9,2014-07-26,22.7568,22.7568,100.2307,6.83,14197
9,2014-07-27,19.6777,19.6777,142.3696,5.9,13585
9,2014-07-28,17.2176,17.2176,77.6508,5.17,13076
9,2014-07-29,14.8374,14.8374,58.0729,4.45,13758
9,2014-07-30,12.8865,12.8865,62.781,3.87,13164
9,2014-07-31,12.0641,12.0641,72.7212,3.62,12678
9,2014-08-01,5.1176,5.1176,56.8393,1.54,9377
9,2014-08-02,5.4113,5.4113,32.9702,1.62,6396
9,2014-08-03,13.8993,13.8993,59.6135,4.17,12260
9,2014-08-04,9.8769,9.8769,64.9312,2.96,12221
9,2014-08-05,11.3502,11.3502,73.5749,3.41,13405
9,2014-08-06,10.6762,10.6762,71.38,3.2,12068
9,2014-08-07,10.3117,10.3117,95.0116,3.09,12265
9,2014-08-08,10.7251,10.7251,126.8867,3.22,12507
9,2014-08-09,26.856,26.856,111.1159,8.06,12196
9,2014-08-10,12.6142,12.6142,41.0718,3.78,12126
9,2014-08-11,6.0206,6.0206,40.277,1.81,13527
9,2014-08-12,6.3225,6.3225,73.4755,1.9,14222
9,2014-08-13,5.5297,5.5297,65.519,1.66,12474
9,2014-08-14,5.5561,5.5561,75.0707,1.67,12438
9,2014-08-15,5.4306,5.4306,83.5149,1.63,12284
9,2014-08-16,5.2552,5.2552,90.107,1.58,11907
9,2014-08-17,5.3637,5.3637,101.2191,1.61,12152
9,2014-08-18,6.0146,6.0146,125.6895,1.8,13663
9,2014-08-19,4.6967,4.6967,137.2919,1.41,13171
9,2014-08-20,4.5215,4.5215,149.6856,1.36,12534
9,2014-08-21,4.4905,4.4905,167.7886,1.35,12451
9,2014-08-22,4.4731,4.4731,185.6708,1.34,12483
9,2014-08-23,7.5389,7.5389,195.9425,2.26,12253
9,2014-08-24,34.3815,34.3815,128.0658,10.31,12290
9,2014-08-25,20.159,20.159,76.6087,6.05,12694
9,2014-08-26,10.3372,10.3372,64.5403,3.1,12968
9,2014-08-27,15.0897,15.0897,79.5743,4.53,12641
9,2014-08-28,14.8551,14.8551,77.1543,4.46,12619
9,2014-08-29,13.4987,13.4987,53.7665,4.05,12746
9,2014-08-30,6.4062,6.4062,38.8933,1.92,7382
9,2014-08-31,1.0173,1.0173,11.3869,0.31,2552
9,2014-09-01,6.0573,6.0573,49.1693,1.82,7607
9,2014-09-02,7.4131,7.4131,54.7902,2.22,10687
9,2014-09-03,8.5785,8.5785,66.9209,2.57,10765
9,2014-09-04,10.4949,10.4949,91.1519,3.15,11928
9,2014-09-05,16.343,16.343,103.5289,4.9,12886
9,2014-09-06,17.3537,17.3537,105.6367,5.21,11954
9,2014-09-07,6.4764,6.4764,45.2205,1.94,4105
9,2014-09-08,13.6059,13.6059,122.23,4.08,12034
9,2014-09-09,12.1757,12.1757,112.8695,3.65,13253
9,2014-09-10,13.631,13.631,122.7981,4.09,13017
9,2014-09-11,15.0052,15.0052,130.7759,4.5,13085
9,2014-09-12,17.2012,17.2012,131.7114,5.16,12632
9,2014-09-13,15.3671,15.3671,119.4073,4.61,12377
9,2014-09-14,19.1851,19.1851,125.8437,5.76,12441
9,2014-09-15,19.5648,19.5648,90.7891,5.87,12809
9,2014-09-16,10.1451,10.1451,97.7212,3.04,12562
9,2014-09-17,16.602,16.602,81.4382,4.98,12481
9,2014-09-18,10.5425,10.5425,85.0215,3.16,12662
9,2014-09-19,12.6785,12.6785,65.2431,3.8,12546
9,2014-09-20,30.3265,30.3265,93.618,9.1,12452
9,2014-09-21,13.7814,13.7814,83.5145,4.13,12399
9,2014-09-22,11.4284,11.4284,80.6116,3.43,12420
9,2014-09-23,9.2004,9.2004,82.6849,2.76,12657
9,2014-09-24,12.8785,12.8785,77.8693,3.86,12962
9,2014-09-25,12.9849,12.9849,77.3888,3.9,13077
9,2014-09-26,5.3517,5.3517,91.5994,1.61,13042
9,2014-09-27,22.3374,22.3374,114.1917,6.7,13025
9,2014-09-28,11.4073,11.4073,134.1631,3.42,12900
9,2014-09-29,9.7619,9.7619,127.6121,2.93,12511
9,2014-09-30,15.4285,15.4285,128.7954,4.63,13342
9,2014-10-01,8.9627,8.9627,87.884,2.69,10647
9,2014-10-02,11.327,11.327,91.8845,3.4,10812
9,2014-10-03,10.832,10.832,88.2071,3.25,10790
9,2014-10-04,13.0725,13.0725,100.7991,3.92,9938
9,2014-10-05,20.6871,20.6871,70.8975,6.21,10679
9,2014-10-06,10.812,10.812,66.4511,3.24,10700
9,2014-10-07,10.4843,10.4843,78.6299,3.15,10760
9,2014-10-08,10.4538,10.4538,79.7815,3.14,10673
9,2014-10-09,10.2666,10.2666,50.4221,3.08,10674
9,2014-10-10,8.3624,8.3624,51.4097,2.51,10792
9,2014-10-11,8.862,8.862,66.8342,2.66,10785
9,2014-10-12,13.1357,13.1357,62.3839,3.94,10695
9,2014-10-13,13.0599,13.0599,46.4004,3.92,11926
9,2014-10-14,11.9168,11.9168,59.063,3.58,12670
9,2014-10-15,13.391,13.391,68.9526,4.02,12633
9,2014-10-16,15.0034,15.0034,87.732,4.5,12687
9,2014-10-17,15.1089,15.1089,89.4549,4.53,12544
9,2014-10-18,20.3333,20.3333,93.5384,6.1,12659
9,2014-10-19,21.6366,21.6366,102.8762,6.49,12650
9,2014-10-20,12.0965,12.0965,80.0956,3.63,12682
9,2014-10-21,12.4887,12.4887,111.2676,3.75,12669
9,2014-10-22,14.2284,14.2284,117.0245,4.27,12673
9,2014-10-23,12.0142,12.0142,91.9788,3.6,12599
9,2014-10-24,9.7496,9.7496,82.0467,2.92,12441
9,2014-10-25,14.0682,14.0682,84.551,4.22,12681
9,2014-10-26,10.8631,10.8631,69.9575,3.26,13245
9,2014-10-27,1.1918,1.1918,21.381,0.36,3254
9,2014-10-28,8.5246,8.5246,34.0624,2.56,5398
9,2014-10-29,12.5335,12.5335,91.7094,3.76,12648
9,2014-10-30,18.5911,18.5911,92.2566,5.58,12683
9,2014-10-31,11.5064,11.5064,77.6673,3.45,12637
9,2014-11-01,15.0272,15.0272,120.4586,4.51,12139
9,2014-11-02,35.2938,35.2938,106.0052,10.59,12635
9,2014-11-03,15.7468,15.7468,59.6719,4.72,12699
9,2014-11-04,15.0887,15.0887,107.3515,4.53,12591
9,2014-11-05,9.0658,9.0658,94.5478,2.72,12690
9,2014-11-06,16.7245,16.7245,134.59,5.02,12659
9,2014-11-07,23.5505,23.5505,80.4898,7.07,12352
9,2014-11-08,9.0113,9.0113,38.5635,2.7,12707
9,2014-11-09,9.1994,9.1994,80.1964,2.76,12666
9,2014-11-10,8.2462,8.2462,27.5169,2.47,5254
9,2014-11-11,13.6018,13.6018,56.1273,4.08,12672
9,2014-11-12,12.6042,12.6042,60.6168,3.78,12690
9,2014-11-13,8.9227,8.9227,82.2114,2.68,12677
9,2014-11-14,13.7847,13.7847,86.2526,4.14,12681
9,2014-11-15,13.092,13.092,65.2497,3.93,12698
9,2014-11-16,25.6439,25.6439,88.6862,7.69,12689
9,2014-11-17,12.7381,12.7381,67.0729,3.82,12663
9,2014-11-18,12.1362,12.1362,93.4841,3.64,12699
9,2014-11-19,13.5495,13.5495,76.1821,4.06,12681
9,2014-11-20,16.7625,16.7625,58.9764,5.03,12716
9,2014-11-21,16.5671,16.5671,73.9415,4.97,12553
9,2014-11-22,13.4398,13.4398,85.4782,4.03,12637
9,2014-11-23,32.6341,32.6341,87.4501,9.79,12498
9,2014-11-24,14.6034,14.6034,95.9022,4.38,12591
9,2014-11-25,17.0706,17.0706,87.0097,5.12,12461
9,2014-11-26,11.7019,11.7019,76.7364,3.51,12590
9,2014-11-27,16.1075,16.1075,103.5711,4.83,12535
9,2014-11-28,17.8231,17.8231,117.6491,5.35,12582
9,2014-11-29,16.0011,16.0011,74.913,4.8,12562
9,2014-11-30,24.8063,24.8063,88.057,7.44,12557
9,2014-12-01,12.6077,12.6077,58.0742,3.78,12565
9,2014-12-02,8.0768,8.0768,67.5664,2.42,12583
9,2014-12-03,12.2973,12.2973,51.2546,3.69,12528
9,2014-12-04,10.6559,10.6559,62.2389,3.2,12549
9,2014-12-05,16.3449,16.3449,86.0877,4.9,12497
9,2014-12-06,16.7857,16.7857,116.5891,5.04,12624
9,2014-12-07,25.5751,25.5751,127.4365,7.67,12606
9,2014-12-08,10.4745,10.4745,100.4605,3.14,12591
9,2014-12-09,15.355,15.355,114.3422,4.61,12557
9,2014-12-10,14.3144,14.3144,66.9574,4.29,12585
9,2014-12-11,11.6285,11.6285,72.7028,3.49,12603
9,2014-12-12,10.8212,10.8212,95.8317,3.25,12548
9,2014-12-13,19.1218,19.1218,119.3924,5.74,12346
9,2014-12-14,26.5759,26.5759,92.8033,7.97,12451
9,2014-12-15,13.603,13.603,43.9395,4.08,12547
9,2014-12-16,17.1863,17.1863,49.608,5.16,12584
9,2014-12-17,4.5114,4.5114,17.8893,1.35,6101
10,2013-11-20,12.6437,12.6437,9.8366,3.79,7430
10,2013-11-21,17.1889,17.1889,19.0495,5.16,14297
10,2013-11-22,14.7794,14.7794,11.9675,4.43,14289
10,2013-11-23,13.8105,13.8105,14.6586,4.14,14226
10,2013-11-24,22.9313,22.9313,17.8369,6.88,14197
10,2013-11-25,20.4124,20.4124,16.6989,6.12,14248
10,2013-11-26,17.1123,17.1123,12.7117,5.13,14178
10,2013-11-27,17.4107,17.4107,16.5514,5.22,14171
10,2013-11-28,15.8577,15.8577,19.1613,4.76,14114
10,2013-11-29,12.3236,12.3236,11.5156,3.7,14106
10,2013-11-30,18.5891,18.5891,12.7447,5.58,14116
10,2013-12-01,16.676,16.676,17.6326,5.0,14191
10,2013-12-02,16.0584,16.0584,20.908,4.82,14192
10,2013-12-03,16.8666,16.8666,13.749,5.06,14244
10,2013-12-04,16.3256,16.3256,16.0155,4.9,14312
10,2013-12-05,18.7077,18.7077,20.7902,5.61,14293
10,2013-12-06,10.9892,10.9892,14.7525,3.3,14183
10,2013-12-07,20.0149,20.0149,30.9876,6.0,14266
10,2013-12-08,16.8155,16.8155,12.6986,5.04,14168
10,2013-12-09,18.1784,18.1784,13.2714,5.45,14293
10,2013-12-10,16.7676,16.7676,12.5179,5.03,12491
10,2013-12-11,21.8114,21.8114,18.1389,6.54,14234
10,2013-12-12,21.8396,21.8396,36.03,6.55,14266
10,2013-12-13,19.1744,19.1744,12.2288,5.75,14129
10,2013-12-14,19.5731,19.5731,14.4231,5.87,13795
10,2013-12-15,14.72,14.72,12.1418,4.42,13837
10,2013-12-16,14.7541,14.7541,14.6559,4.43,13298
10,2013-12-17,15.238,15.238,11.7926,4.57,13888
10,2013-12-18,13.9491,13.9491,14.7743,4.18,14030
10,2013-12-19,24.5149,24.5149,14.6748,7.35,14132
10,2013-12-20,18.9082,18.9082,23.7969,5.67,13965
10,2013-12-21,20.5667,20.5667,25.349,6.17,13719
10,2013-12-22,22.9938,22.9938,20.3179,6.9,14035
10,2013-12-23,21.8962,21.8962,14.8194,6.57,14297
10,2013-12-24,21.6067,21.6067,13.5154,6.48,14241
10,2013-12-25,27.0297,27.0297,15.1533,8.11,14269
10,2013-12-26,22.3604,22.3604,19.7686,6.71,14227
10,2013-12-27,13.984,13.984,47.6961,4.2,14060
10,2013-12-28,19.6814,19.6814,25.1938,5.9,13936
10,2013-12-29,10.1123,10.1123,12.2313,3.03,13838
10,2013-12-30,19.1968,19.1968,14.3067,5.76,13975
10,2013-12-31,21.935,21.935,42.1413,6.58,14089
10,2014-01-01,22.154,22.154,34.7002,6.65,13887
10,2014-01-02,17.5592,17.5592,23.1398,5.27,14117
10,2014-01-03,14.285,14.285,25.5704,4.29,14067
10,2014-01-04,17.6996,17.6996,20.1271,5.31,14121
10,2014-01-05,19.8137,19.8137,13.5149,5.94,13730
10,2014-01-06,13.8831,13.8831,17.2138,4.16,13884
10,2014-01-07,17.8178,17.8178,38.8247,5.35,13962
10,2014-01-08,16.3495,16.3495,13.1453,4.9,13593
10,2014-01-09,17.1533,17.1533,14.2563,5.15,13421
10,2014-01-10,16.3485,16.3485,12.6762,4.9,14016
10,2014-01-11,17.6422,17.6422,15.1223,5.29,14003
10,2014-01-12,13.272,13.272,11.777,3.98,13935
10,2014-01-13,16.2017,16.2017,16.35,4.86,13737
10,2014-01-14,17.1706,17.1706,25.3785,5.15,14112
10,2014-01-15,19.3512,19.3512,16.1648,5.81,14309
10,2014-01-16,15.5193,15.5193,12.6118,4.66,14240
10,2014-01-17,18.045,18.045,15.9018,5.41,14314
10,2014-01-18,18.166,18.166,20.9342,5.45,14300
10,2014-01-19,21.9285,21.9285,16.0745,6.58,14273
10,2014-01-20,17.2434,17.2434,20.4407,5.17,14279
10,2014-01-21,14.2474,14.2474,13.6867,4.27,14291
10,2014-01-22,18.2662,18.2662,20.381,5.48,14358
10,2014-01-23,22.1356,22.1356,14.824,6.64,14120
10,2014-01-24,0.6753,0.6753,2.3808,0.2,1394
10,2014-01-25,8.402,8.402,8.2622,2.52,2564
10,2014-01-26,1.3979,1.3979,4.3662,0.42,1535
10,2014-01-27,1.0742,1.0742,2.6405,0.32,972
10,2014-01-28,0.8708,0.8708,1.0495,0.26,699
10,2014-01-29,0.8922,0.8922,1.2395,0.27,719
10,2014-01-30,0.4374,0.4374,0.409,0.13,409
10,2014-01-31,0.2596,0.2596,0.4311,0.08,479
10,2014-02-01,0.1659,0.1659,0.2736,0.05,360
10,2014-02-02,0.1951,0.1951,0.3619,0.06,430
10,2014-02-03,0.4413,0.4413,0.7863,0.13,360
10,2014-02-04,0.6766,0.6766,0.6427,0.2,449
10,2014-02-05,0.6139,0.6139,0.4997,0.18,400
10,2014-02-06,0.4659,0.4659,0.4613,0.14,350
10,2014-02-07,0.4582,0.4582,0.5953,0.14,390
10,2014-02-08,0.5246,0.5246,1.0634,0.16,330
10,2014-02-09,0.6553,0.6553,0.4901,0.2,470
10,2014-02-10,0.6209,0.6209,0.4655,0.19,330
10,2014-02-11,0.2069,0.2069,0.3518,0.06,126
10,2014-02-12,0.5188,0.5188,0.6675,0.16,420
10,2014-02-13,0.7139,0.7139,1.463,0.21,492
10,2014-02-14,0.5498,0.5498,1.3621,0.16,356
10,2014-02-15,0.5631,0.5631,1.3626,0.17,390
10,2014-02-16,0.6835,0.6835,0.569,0.21,493
10,2014-02-17,0.3714,0.3714,0.4143,0.11,462
10,2014-02-18,0.4862,0.4862,0.4288,0.15,504
10,2014-02-19,0.5063,0.5063,0.425,0.15,450
10,2014-02-20,6.4371,6.4371,5.0552,1.93,4882
10,2014-02-21,6.62,6.62,8.903,1.99,7709
10,2014-02-22,1.5089,1.5089,1.6247,0.45,1357
10,2014-02-24,2.2021,2.2021,2.1792,0.66,2421
10,2014-02-26,5.0613,5.0613,3.8134,1.52,4039
10,2014-02-27,11.7661,11.7661,10.3293,3.53,9758
10,2014-02-28,23.6777,23.6777,25.5984,7.1,13352
10,2014-03-01,51.9692,51.9692,48.5513,15.59,14376
10,2014-03-02,51.8319,51.8319,49.5796,15.55,14338
10,2014-03-03,49.9629,49.9629,48.8852,14.99,13821
10,2014-03-04,50.957,50.957,50.9634,15.29,14096
10,2014-03-05,51.8174,51.8174,52.9688,15.55,14334
10,2014-03-06,51.8427,51.8427,54.1499,15.55,14341
10,2014-03-07,51.615,51.615,55.06,15.48,14278
10,2014-03-08,51.4993,51.4993,56.0782,15.45,14246
10,2014-03-09,51.9873,51.9873,57.7662,15.6,14381
10,2014-03-10,51.7379,51.7379,58.6427,15.52,14312
10,2014-03-11,51.6583,51.6583,59.7008,15.5,14290
10,2014-03-12,51.4415,51.4415,60.5903,15.43,14230
10,2014-03-13,51.7487,51.7487,62.1002,15.52,14315
10,2014-03-14,51.7813,51.7813,63.2917,15.53,14324
10,2014-03-15,52.0198,52.0198,64.7441,15.61,14390
10,2014-03-16,51.9512,51.9512,65.8198,15.59,14371
10,2014-03-17,51.5174,51.5174,66.4161,15.46,14251
10,2014-03-18,51.4451,51.4451,67.4616,15.43,14231
10,2014-03-19,51.8102,51.8102,69.0904,15.54,14332
10,2014-03-20,51.821,51.821,70.2594,15.55,14335
10,2014-03-21,51.6547,51.6547,71.183,15.5,14289
10,2014-03-22,51.615,51.615,72.274,15.48,14278
10,2014-03-23,51.9006,51.9006,73.8289,15.57,14357
10,2014-03-24,51.7234,51.7234,74.7291,15.52,14308
10,2014-03-25,51.5499,51.5499,75.6229,15.46,14260
10,2014-03-26,51.3908,51.3908,76.5268,15.42,14216
10,2014-03-27,51.5752,51.5752,77.943,15.47,14267
10,2014-03-28,51.6583,51.6583,79.2151,15.5,14290
10,2014-03-29,52.9128,52.9128,82.3282,15.87,14637
10,2014-03-30,49.7894,49.7894,78.5677,14.94,13773
10,2014-03-31,40.4173,40.4173,69.7536,12.13,14155
10,2014-04-01,10.1956,10.1956,25.4916,3.06,13748
10,2014-04-02,16.7345,16.7345,19.4781,5.02,13892
10,2014-04-03,18.7388,18.7388,18.112,5.62,13945
10,2014-04-04,12.1329,12.1329,23.0556,3.64,14270
10,2014-04-05,15.1049,15.1049,14.6858,4.53,14389
10,2014-04-06,16.5544,16.5544,16.8312,4.97,14364
10,2014-04-07,16.2123,16.2123,14.4161,4.86,14254
10,2014-04-08,16.3053,16.3053,15.3055,4.89,14020
10,2014-04-09,17.8097,17.8097,23.0708,5.34,13890
10,2014-04-10,16.93,16.93,18.9949,5.08,14192
10,2014-04-11,13.6302,13.6302,21.366,4.09,14119
10,2014-04-12,18.4688,18.4688,17.1652,5.54,14381
10,2014-04-13,12.3332,12.3332,17.2545,3.7,14382
10,2014-04-14,13.2408,13.2408,16.0845,3.97,14094
10,2014-04-15,10.5026,10.5026,19.7321,3.15,13832
10,2014-04-16,17.2151,17.2151,22.3029,5.16,14166
10,2014-04-17,10.6463,10.6463,13.9321,3.19,14359
10,2014-04-18,19.0705,19.0705,17.4542,5.72,14386
10,2014-04-19,16.9896,16.9896,15.9437,5.1,14390
10,2014-04-20,24.2873,24.2873,22.7645,7.29,14358
10,2014-04-21,14.3103,14.3103,40.3928,4.29,14265
10,2014-04-22,13.6073,13.6073,22.8331,4.08,14337
10,2014-04-23,18.6773,18.6773,21.292,5.6,14300
10,2014-04-24,17.2389,17.2389,19.2756,5.17,14109
10,2014-04-25,10.681,10.681,20.5348,3.2,14216
10,2014-04-26,21.6213,21.6213,17.8349,6.49,14357
10,2014-04-27,18.5357,18.5357,17.8136,5.56,14388
10,2014-04-28,16.294,16.294,29.5693,4.89,14180
10,2014-04-29,17.7969,17.7969,19.4963,5.34,13882
10,2014-04-30,16.3029,16.3029,16.6531,4.89,14142
10,2014-05-01,20.4069,20.4069,17.1267,6.12,14367
10,2014-05-02,14.5341,14.5341,31.5787,4.36,14342
10,2014-05-03,14.6636,14.6636,14.6404,4.4,14391
10,2014-05-04,12.5786,12.5786,14.4622,3.77,14341
10,2014-05-05,14.9178,14.9178,19.9808,4.48,14272
10,2014-05-06,14.6029,14.6029,13.1132,4.38,13771
10,2014-05-07,16.8893,16.8893,12.3048,5.07,14154
10,2014-05-08,23.758,23.758,14.3874,7.13,14147
10,2014-05-09,15.4718,15.4718,15.4153,4.64,14201
10,2014-05-10,14.9441,14.9441,12.4897,4.48,14253
10,2014-05-11,19.3226,19.3226,14.1114,5.8,14367
10,2014-05-12,19.6359,19.6359,17.0113,5.89,14079
10,2014-05-13,16.7884,16.7884,15.7702,5.04,13812
10,2014-05-14,18.2074,18.2074,17.7212,5.46,14006
10,2014-05-15,13.747,13.747,27.0217,4.12,14147
10,2014-05-16,12.1036,12.1036,15.0223,3.63,14007
10,2014-05-17,14.1009,14.1009,15.9894,4.23,14379
10,2014-05-18,12.1564,12.1564,13.6073,3.65,14366
10,2014-05-19,12.441,12.441,24.9498,3.73,14001
10,2014-05-20,14.6373,14.6373,20.6312,4.39,14063
10,2014-05-21,15.7106,15.7106,23.2594,4.71,14312
10,2014-05-22,18.5535,18.5535,22.4127,5.57,14347
10,2014-05-23,14.4017,14.4017,20.5756,4.32,14337
10,2014-05-24,13.256,13.256,13.427,3.98,14387
10,2014-05-25,17.7601,17.7601,15.2313,5.33,14328
10,2014-05-26,13.0141,13.0141,35.3651,3.9,14312
10,2014-05-27,23.4573,23.4573,32.7139,7.04,14293
10,2014-05-28,19.2945,19.2945,24.0765,5.79,14216
10,2014-05-29,21.3017,21.3017,16.6649,6.39,14373
10,2014-05-30,17.0922,17.0922,16.5462,5.13,14361
10,2014-05-31,17.0052,17.0052,31.0191,5.1,14380
10,2014-06-01,12.437,12.437,14.9157,3.73,14376
10,2014-06-02,12.0301,12.0301,23.4576,3.61,14297
10,2014-06-03,17.8291,17.8291,20.2399,5.35,14338
10,2014-06-04,24.3282,24.3282,16.6639,7.3,14339
10,2014-06-05,12.7355,12.7355,18.7283,3.82,13868
10,2014-06-06,13.8642,13.8642,19.9838,4.16,13771
10,2014-06-07,24.5379,24.5379,16.7571,7.36,13864
10,2014-06-08,12.0591,12.0591,20.4835,3.62,13621
10,2014-06-09,12.106,12.106,19.1046,3.63,12598
10,2014-06-10,12.0935,12.0935,27.8192,3.63,13672
10,2014-06-11,14.6203,14.6203,19.8627,4.39,14171
10,2014-06-12,12.8585,12.8585,28.8587,3.86,12698
10,2014-06-13,12.3896,12.3896,17.1463,3.72,12070
10,2014-06-14,11.2381,11.2381,13.789,3.37,12129
10,2014-06-15,13.3481,13.3481,11.9542,4.0,11901
10,2014-06-16,15.9549,15.9549,18.8558,4.79,13924
10,2014-06-17,12.4228,12.4228,21.188,3.73,13886
10,2014-06-18,12.4117,12.4117,36.9816,3.72,14356
10,2014-06-19,14.1772,14.1772,27.5712,4.25,14327
10,2014-06-20,12.0784,12.0784,28.9973,3.62,14246
10,2014-06-21,9.9694,9.9694,19.9056,2.99,12774
10,2014-06-22,10.0654,10.0654,12.2912,3.02,12465
10,2014-06-23,11.4979,11.4979,17.5503,3.45,13403
10,2014-06-24,15.9502,15.9502,15.8559,4.79,14047
10,2014-06-25,12.0192,12.0192,25.6765,3.61,14101
10,2014-06-26,12.6586,12.6586,24.0487,3.8,12779
10,2014-06-27,22.0435,22.0435,18.7223,6.61,12545
10,2014-06-28,14.6418,14.6418,15.1947,4.39,12360
10,2014-06-29,8.8284,8.8284,27.5468,2.65,11865
10,2014-06-30,11.7521,11.7521,15.4548,3.53,12753
10,2014-07-01,10.5036,10.5036,15.8142,3.15,11171
10,2014-07-02,12.6388,12.6388,18.2724,3.79,11680
10,2014-07-03,11.661,11.661,19.6586,3.5,11421
10,2014-07-04,13.2263,13.2263,22.8665,3.97,11917
10,2014-07-05,8.8753,8.8753,12.176,2.66,11487
10,2014-07-06,14.7725,14.7725,12.7311,4.43,12053
10,2014-07-07,13.564,13.564,8.2503,4.07,10051
10,2014-07-08,13.0708,13.0708,14.927,3.92,13541
10,2014-07-09,11.96,11.96,27.8086,3.59,11963
10,2014-07-10,13.2033,13.2033,19.0311,3.96,12207
10,2014-07-11,10.7145,10.7145,10.2446,3.21,12316
10,2014-07-12,10.3048,10.3048,10.9417,3.09,11976
10,2014-07-13,12.2659,12.2659,39.6301,3.68,11752
10,2014-07-14,6.1054,6.1054,43.7976,1.83,12813
10,2014-07-15,5.0676,5.0676,18.4521,1.52,11623
10,2014-07-16,6.3931,6.3931,21.2704,1.92,11707
10,2014-07-17,11.3363,11.3363,35.6958,3.4,12388
10,2014-07-18,8.7257,8.7257,49.9757,2.62,11582
10,2014-07-19,14.9212,14.9212,34.8239,4.48,11935
10,2014-07-20,10.1403,10.1403,20.2921,3.04,11050
10,2014-07-21,9.3901,9.3901,15.3419,2.82,12164
10,2014-07-22,8.1911,8.1911,21.5841,2.46,11451
10,2014-07-23,7.8334,7.8334,21.4103,2.35,11815
10,2014-07-24,9.842,9.842,28.343,2.95,11855
10,2014-07-25,10.8606,10.8606,45.2794,3.26,11967
10,2014-07-26,11.7793,11.7793,43.7818,3.53,12849
10,2014-07-27,12.6534,12.6534,41.3941,3.8,12823
10,2014-07-28,8.6431,8.6431,33.9794,2.59,12237
10,2014-07-29,7.6021,7.6021,40.2644,2.28,10054
10,2014-07-30,10.7924,10.7924,32.9019,3.24,10383
10,2014-07-31,6.9608,6.9608,18.9291,2.09,12087
10,2014-08-01,6.0803,6.0803,26.4552,1.82,9011
10,2014-08-02,8.3615,8.3615,16.74,2.51,6262
10,2014-08-03,10.8171,10.8171,32.6859,3.25,11691
10,2014-08-04,11.1624,11.1624,24.3071,3.35,11941
10,2014-08-05,7.9439,7.9439,46.4813,2.38,12915
10,2014-08-06,9.7181,9.7181,27.7946,2.92,10216
10,2014-08-07,12.2866,12.2866,22.919,3.69,10737
10,2014-08-08,7.0625,7.0625,38.6634,2.12,12212
10,2014-08-09,10.2917,10.2917,32.2213,3.09,11705
10,2014-08-10,15.3013,15.3013,34.0494,4.59,11714
10,2014-08-11,17.2862,17.2862,49.1271,5.19,13558
10,2014-08-12,8.8183,8.8183,80.123,2.65,14155
10,2014-08-13,12.4085,12.4085,69.5649,3.72,11746
10,2014-08-14,13.3071,13.3071,24.9939,3.99,11600
10,2014-08-15,14.6742,14.6742,50.1351,4.4,12020
10,2014-08-16,6.6858,6.6858,22.5297,2.01,11674
10,2014-08-17,8.4086,8.4086,27.7381,2.52,11613
10,2014-08-18,15.299,15.299,25.7434,4.59,12915
10,2014-08-19,13.1909,13.1909,33.4277,3.96,13108
10,2014-08-20,18.936,18.936,24.5901,5.68,12019
10,2014-08-21,10.9776,10.9776,22.3183,3.29,11820
10,2014-08-22,10.5461,10.5461,34.4162,3.16,11680
10,2014-08-23,6.2497,6.2497,49.5608,1.87,11628
10,2014-08-24,5.67,5.67,61.1436,1.7,11590
10,2014-08-25,5.8538,5.8538,79.3961,1.76,12428
10,2014-08-26,17.889,17.889,95.3769,5.37,12288
10,2014-08-27,22.2332,22.2332,71.6939,6.67,11909
10,2014-08-28,13.9986,13.9986,54.8529,4.2,11787
10,2014-08-29,10.1235,10.1235,60.3465,3.04,11861
10,2014-08-30,3.7454,3.7454,35.6492,1.12,7042
10,2014-08-31,1.1923,1.1923,16.3233,0.36,2555
10,2014-09-01,16.5382,16.5382,47.3697,4.96,7716
10,2014-09-02,12.9606,12.9606,59.7174,3.89,10753
10,2014-09-03,11.4735,11.4735,47.0559,3.44,10820
10,2014-09-04,14.2659,14.2659,51.8688,4.28,11568
10,2014-09-05,8.1096,8.1096,47.6347,2.43,11921
10,2014-09-06,16.7076,16.7076,44.664,5.01,12170
10,2014-09-07,13.6652,13.6652,55.8895,4.1,14067
10,2014-09-08,14.1617,14.1617,59.5153,4.25,12341
10,2014-09-09,11.9835,11.9835,83.4148,3.6,12598
10,2014-09-10,11.4014,11.4014,50.1844,3.42,11763
10,2014-09-11,11.6159,11.6159,61.0574,3.48,11692
10,2014-09-12,11.681,11.681,17.5828,3.5,11052
10,2014-09-13,12.165,12.165,13.1049,3.65,11869
10,2014-09-14,16.1274,16.1274,13.2259,4.84,12384
10,2014-09-15,19.7119,19.7119,25.0079,5.91,12001
10,2014-09-16,12.8475,12.8475,26.1454,3.85,10726
10,2014-09-17,14.2137,14.2137,27.0087,4.26,12126
10,2014-09-18,11.2853,11.2853,54.8406,3.39,11948
10,2014-09-19,21.4605,21.4605,41.5723,6.44,12225
10,2014-09-20,13.6005,13.6005,19.1362,4.08,12190
10,2014-09-21,19.5693,19.5693,27.9588,5.87,12470
10,2014-09-22,7.4653,7.4653,15.9449,2.24,12004
10,2014-09-23,8.5422,8.5422,19.6872,2.56,12304
10,2014-09-24,8.9145,8.9145,25.4841,2.67,12521
10,2014-09-25,16.7097,16.7097,29.7865,5.01,12773
10,2014-09-26,11.1038,11.1038,37.5787,3.33,13779
10,2014-09-27,17.1412,17.1412,20.0278,5.14,13109
10,2014-09-28,10.1269,10.1269,16.2246,3.04,13502
10,2014-09-29,14.9093,14.9093,19.5659,4.47,13102
10,2014-09-30,13.6837,13.6837,23.3449,4.11,13425
10,2014-10-01,8.5739,8.5739,19.4158,2.57,7712
10,2014-10-02,9.7323,9.7323,18.7183,2.92,10681
10,2014-10-03,10.6521,10.6521,18.7135,3.2,10676
10,2014-10-04,13.1429,13.1429,18.2652,3.94,10309
10,2014-10-05,8.338,8.338,18.5322,2.5,10624
10,2014-10-06,10.489,10.489,22.674,3.15,10567
10,2014-10-07,8.8454,8.8454,21.9168,2.65,10794
10,2014-10-08,10.1624,10.1624,22.7381,3.05,10692
10,2014-10-09,10.341,10.341,54.523,3.1,10765
10,2014-10-10,11.3778,11.3778,47.7159,3.41,10770
10,2014-10-11,7.7739,7.7739,47.6786,2.33,10767
10,2014-10-12,12.1339,12.1339,32.6962,3.64,10581
10,2014-10-13,13.3329,13.3329,29.5034,4.0,11738
10,2014-10-14,13.8377,13.8377,41.5024,4.15,12599
10,2014-10-15,12.5843,12.5843,35.7045,3.78,12772
10,2014-10-16,10.9098,10.9098,35.0073,3.27,12846
10,2014-10-17,13.0404,13.0404,16.9006,3.91,12663
10,2014-10-18,1.0307,1.0307,1.1183,0.31,2937
11,2014-01-07,16.8767,16.8767,45.5095,5.06,13324
11,2014-01-08,16.4603,16.4603,25.0411,4.94,10335
11,2014-01-09,6.5773,6.5773,10.2198,1.97,7519
11,2014-01-10,9.8609,9.8609,34.2176,2.96,10360
11,2014-01-11,6.6261,6.6261,11.4467,1.99,7256
11,2014-01-12,3.2293,3.2293,40.2852,0.97,12355
11,2014-02-07,21.647,21.647,36.1009,6.49,14060
11,2014-02-08,5.1721,5.1721,19.7056,1.55,7239
11,2014-02-09,12.8833,12.8833,28.6766,3.86,10500
11,2014-02-10,8.5057,8.5057,28.1934,2.55,10522
11,2014-02-12,7.4177,7.4177,37.772,2.23,12373
11,2014-03-06,8.3493,8.3493,18.3888,2.5,7388
11,2014-03-07,17.9823,17.9823,36.4363,5.39,14172
11,2014-03-08,21.9838,21.9838,55.7974,6.6,14347
11,2014-03-09,8.8448,8.8448,34.9591,2.65,10558
11,2014-03-10,9.6209,9.6209,25.4015,2.89,10514
11,2014-03-12,5.3431,5.3431,41.5714,1.6,12353
11,2014-04-06,9.7056,9.7056,33.7896,2.91,14253
11,2014-04-07,15.694,15.694,32.2225,4.71,14132
11,2014-04-08,18.7872,18.7872,38.6412,5.64,14069
11,2014-04-09,7.9074,7.9074,31.1854,2.37,12519
11,2014-04-10,3.3516,3.3516,22.7074,1.01,9684
11,2014-04-12,4.492,4.492,34.5769,1.35,12369
11,2014-05-06,17.748,17.748,33.0004,5.32,14078
11,2014-05-07,17.0832,17.0832,61.5531,5.12,13490
11,2014-05-08,14.7481,14.7481,66.528,4.42,14118
11,2014-05-09,12.8186,12.8186,72.25,3.85,14151
11,2014-05-10,8.985,8.985,63.2935,2.7,10443
11,2014-05-11,2.0795,2.0795,23.3102,0.62,3752
11,2014-05-12,5.4309,5.4309,90.4348,1.63,12365
11,2014-06-06,23.4465,23.4465,93.8026,7.03,14298
11,2014-06-07,19.1764,19.1764,66.9492,5.75,14218
11,2014-06-08,18.0824,18.0824,64.2619,5.42,13950
11,2014-06-09,7.3442,7.3442,54.6137,2.2,12304
11,2014-06-10,8.9783,8.9783,37.8099,2.69,10488
11,2014-06-11,6.3936,6.3936,35.4461,1.92,12375
11,2014-06-12,8.5387,8.5387,33.505,2.56,12373
11,2014-07-06,10.9842,10.9842,38.6686,3.3,14115
11,2014-07-07,12.9425,12.9425,23.2424,3.88,10538
11,2014-07-08,17.9844,17.9844,35.5546,5.4,14327
11,2014-07-09,2.9115,2.9115,11.9236,0.87,4261
11,2014-07-10,7.1263,7.1263,29.5775,2.14,10521
11,2014-07-11,4.7521,4.7521,31.9403,1.43,12066
11,2014-07-12,6.364,6.364,33.2549,1.91,12374
11,2014-08-06,21.0254,21.0254,39.0005,6.31,14169
11,2014-08-07,19.4163,19.4163,35.6596,5.82,14201
11,2014-08-08,14.5595,14.5595,40.1915,4.37,14322
11,2014-08-09,17.867,17.867,37.4318,5.36,12402
11,2014-08-10,5.4663,5.4663,26.3785,1.64,10419
11,2014-08-11,4.4788,4.4788,34.5077,1.34,12385
11,2014-08-12,5.8007,5.8007,37.4939,1.74,12349
11,2014-09-06,17.7856,17.7856,54.6491,5.34,13957
11,2014-09-07,23.6363,23.6363,35.8656,7.09,14135
11,2014-09-08,19.6314,19.6314,39.2718,5.89,14318
11,2014-09-09,19.2718,19.2718,33.4601,5.78,14054
11,2014-09-10,8.0503,8.0503,28.8334,2.42,10375
11,2014-09-11,7.7157,7.7157,34.073,2.31,12391
11,2014-09-12,4.875,4.875,40.9067,1.46,12292
11,2014-10-06,21.8755,21.8755,42.2596,6.56,14038
11,2014-10-07,23.8523,23.8523,46.7381,7.16,13786
11,2014-10-08,8.4959,8.4959,49.6417,2.55,14157
11,2014-10-09,16.3257,16.3257,50.9373,4.9,14048
11,2014-10-10,9.8033,9.8033,31.9081,2.94,10520
11,2014-10-11,3.1167,3.1167,12.8259,0.94,5120
11,2014-10-12,5.4335,5.4335,29.373,1.63,12342
11,2014-11-06,18.007,18.007,43.1392,5.4,14326
11,2014-11-07,12.6676,12.6676,23.6628,3.8,13708
11,2014-11-08,19.4091,19.4091,43.6604,5.82,14005
11,2014-11-09,15.4646,15.4646,57.9606,4.64,14109
11,2014-11-10,6.9618,6.9618,67.429,2.09,10497
11,2014-11-11,6.8438,6.8438,70.903,2.05,12382
11,2014-11-12,3.9277,3.9277,68.8699,1.18,12344
11,2014-12-06,22.7528,22.7528,66.3088,6.83,14359
11,2014-12-07,20.4901,20.4901,51.4558,6.15,14058
11,2014-12-08,18.1021,18.1021,66.1902,5.43,14192
11,2014-12-09,10.1677,10.1677,48.7928,3.05,14209
11,2014-12-10,8.4535,8.4535,31.8416,2.54,10461
11,2014-12-11,7.2383,7.2383,33.3287,2.17,12369
11,2014-12-12,2.8795,2.8795,25.2907,0.86,12304
11,2015-01-01,10.1864,10.1864,43.632,3.06,12391
11,2015-01-02,7.1849,7.1849,34.7257,2.16,12546
11,2015-01-03,9.9251,9.9251,31.9107,2.98,12456
11,2015-01-04,1.0916,1.0916,6.2084,0.33,2242
11,2015-01-05,17.6411,17.6411,20.8489,5.29,12377
12,2014-01-04,9.9066,9.9066,60.4177,2.97,13258
12,2014-01-05,10.3839,10.3839,69.7153,3.12,14202
12,2014-01-06,8.6736,8.6736,53.4437,2.6,14082
12,2014-01-07,11.7789,11.7789,61.7819,3.53,13624
12,2014-01-08,4.402,4.402,52.1766,1.32,9843
12,2014-01-09,2.6656,2.6656,11.8564,0.8,3111
12,2014-01-10,8.3442,8.3442,48.8183,2.5,10358
12,2014-01-11,8.5024,8.5024,41.5421,2.55,11648
12,2014-01-12,8.0934,8.0934,41.0629,2.43,12218
12,2014-02-04,7.6994,7.6994,47.5061,2.31,13995
12,2014-02-05,5.9021,5.9021,52.1807,1.77,13869
12,2014-02-06,9.8631,9.8631,64.2899,2.96,11648
12,2014-02-07,7.9546,7.9546,66.3867,2.39,13962
12,2014-02-08,3.6837,3.6837,30.6912,1.11,6544
12,2014-02-09,4.8851,4.8851,58.2703,1.47,10453
12,2014-02-10,6.0724,6.0724,42.5498,1.82,10493
12,2014-02-11,13.931,13.931,54.9124,4.18,12099
12,2014-02-12,10.6287,10.6287,45.1114,3.19,12064
12,2014-03-04,6.2681,6.2681,48.9402,1.88,13332
12,2014-03-05,8.7112,8.7112,59.6002,2.61,14182
12,2014-03-06,7.7952,7.7952,39.4851,2.34,10699
12,2014-03-07,8.1772,8.1772,51.831,2.45,13925
12,2014-03-08,7.9664,7.9664,38.0003,2.39,14009
12,2014-03-09,5.9188,5.9188,53.2835,1.78,10438
12,2014-03-10,6.9947,6.9947,52.1382,2.1,10501
12,2014-03-11,11.4361,11.4361,57.7996,3.43,12308
12,2014-03-12,9.5933,9.5933,47.678,2.88,12187
12,2014-04-04,8.3494,8.3494,71.9358,2.5,13796
12,2014-04-05,17.2771,17.2771,62.0751,5.18,14330
12,2014-04-06,7.3741,7.3741,56.8508,2.21,14360
12,2014-04-07,7.9644,7.9644,47.5937,2.39,14053
12,2014-04-08,7.3503,7.3503,42.7981,2.21,14200
12,2014-04-09,7.3979,7.3979,48.6247,2.22,12500
12,2014-04-10,7.4071,7.4071,39.7343,2.22,10135
12,2014-04-11,7.4926,7.4926,58.0869,2.25,12162
12,2014-04-12,14.2763,14.2763,61.8181,4.28,12287
12,2014-05-04,12.3859,12.3859,69.2499,3.72,13417
12,2014-05-05,12.514,12.514,68.2512,3.75,14324
12,2014-05-06,8.2076,8.2076,57.011,2.46,13747
12,2014-05-07,9.3483,9.3483,54.7429,2.8,13944
12,2014-05-08,9.9044,9.9044,64.6763,2.97,14052
12,2014-05-09,8.9025,8.9025,54.6562,2.67,14019
12,2014-05-10,6.4859,6.4859,38.031,1.95,10362
12,2014-05-11,16.0679,16.0679,49.4458,4.82,12292
12,2014-05-12,10.0734,10.0734,35.6035,3.02,12280
12,2014-06-04,10.2993,10.2993,70.3563,3.09,13456
12,2014-06-05,8.0754,8.0754,68.6425,2.42,13851
12,2014-06-06,8.7831,8.7831,55.6787,2.63,13987
12,2014-06-07,15.0297,15.0297,39.378,4.51,14218
12,2014-06-08,8.4916,8.4916,44.1668,2.55,13776
12,2014-06-09,7.2852,7.2852,43.8569,2.19,13770
12,2014-06-10,6.9027,6.9027,39.9555,2.07,10544
12,2014-06-11,8.6232,8.6232,48.0497,2.59,12341
12,2014-06-12,14.6396,14.6396,25.8814,4.39,12328
12,2014-07-03,4.3856,4.3856,9.7156,1.32,7159
12,2014-07-04,9.6785,9.6785,54.8333,2.9,13851
12,2014-07-05,9.6262,9.6262,56.8309,2.89,14047
12,2014-07-06,9.542,9.542,33.1462,2.86,13196
12,2014-07-07,6.1271,6.1271,40.222,1.84,10879
12,2014-07-08,10.0578,10.0578,55.3188,3.02,14131
12,2014-07-09,13.7213,13.7213,41.8695,4.12,13265
12,2014-07-10,6.7983,6.7983,40.6848,2.04,10531
12,2014-07-11,7.544,7.544,33.5833,2.26,11795
12,2014-07-12,8.2678,8.2678,41.074,2.48,12306
12,2014-08-03,8.6053,8.6053,53.4519,2.58,13289
12,2014-08-04,11.1707,11.1707,54.3111,3.35,14168
12,2014-08-05,8.9647,8.9647,61.1622,2.69,14114
12,2014-08-06,7.2067,7.2067,59.7098,2.16,13844
12,2014-08-07,10.1031,10.1031,79.0197,3.03,13910
12,2014-08-08,8.0078,8.0078,79.099,2.4,13864
12,2014-08-09,10.0332,10.0332,61.3318,3.01,13982
12,2014-08-10,11.0284,11.0284,40.6818,3.31,10420
12,2014-08-11,8.0229,8.0229,51.564,2.41,11916
12,2014-08-12,10.5164,10.5164,42.2434,3.15,12219
12,2014-09-03,12.1808,12.1808,46.8406,3.65,13347
12,2014-09-04,7.558,7.558,55.6339,2.27,13838
12,2014-09-05,5.5781,5.5781,60.4047,1.67,14310
12,2014-09-06,9.267,9.267,55.3757,2.78,12834
12,2014-09-07,7.2745,7.2745,55.3149,2.18,13673
12,2014-09-08,8.5502,8.5502,56.3468,2.57,14375
12,2014-09-09,8.5643,8.5643,61.5284,2.57,13878
12,2014-09-10,8.5563,8.5563,41.433,2.57,10312
12,2014-09-11,8.6181,8.6181,43.034,2.59,12285
12,2014-09-12,10.6135,10.6135,45.8436,3.18,12108
12,2014-10-03,7.9448,7.9448,40.4548,2.38,13426
12,2014-10-04,7.7392,7.7392,46.6543,2.32,14235
12,2014-10-05,8.2878,8.2878,54.3172,2.49,14227
12,2014-10-06,7.626,7.626,54.3687,2.29,13656
12,2014-10-07,7.9108,7.9108,73.6599,2.37,13311
12,2014-10-08,8.0738,8.0738,74.8018,2.42,14123
12,2014-10-09,8.0266,8.0266,64.2419,2.41,14301
12,2014-10-10,7.3433,7.3433,43.0667,2.2,10518
12,2014-10-11,11.7668,11.7668,20.0264,3.53,5160
12,2014-10-12,7.9504,7.9504,54.8215,2.39,12215
12,2014-11-03,7.9987,7.9987,56.3374,2.4,13536
12,2014-11-04,9.6724,9.6724,45.2999,2.9,13633
12,2014-11-05,11.6001,11.6001,67.7345,3.48,14060
12,2014-11-06,7.9709,7.9709,63.5957,2.39,14017
12,2014-11-07,8.7729,8.7729,51.6688,2.63,13906
12,2014-11-08,10.158,10.158,66.2866,3.05,14128
12,2014-11-09,6.9168,6.9168,63.2469,2.08,14275
12,2014-11-10,7.1716,7.1716,36.3626,2.15,10457
12,2014-11-11,11.9105,11.9105,42.5034,3.57,12264
12,2014-11-12,10.4547,10.4547,42.117,3.14,12355
12,2014-12-03,10.1768,10.1768,57.7171,3.05,13773
12,2014-12-04,9.3484,9.3484,68.2718,2.8,13006
12,2014-12-05,10.5541,10.5541,65.7319,3.17,14286
12,2014-12-06,7.6108,7.6108,43.9838,2.28,12762
12,2014-12-07,8.7791,8.7791,43.2377,2.63,13854
12,2014-12-08,11.7929,11.7929,48.8751,3.54,13683
12,2014-12-09,5.9548,5.9548,44.7241,1.79,14310
12,2014-12-10,12.0386,12.0386,47.7604,3.61,10394
12,2014-12-11,8.038,8.038,51.6818,2.41,12397
12,2014-12-12,7.9813,7.9813,38.9773,2.39,12028
12,2015-01-01,6.6682,6.6682,44.8969,2.0,12378
13,2014-01-17,0.3148,0.3148,10.1023,0.09,805
13,2014-01-18,20.4046,20.4046,83.1838,6.12,12183
13,2014-01-19,19.7149,19.7149,49.2728,5.91,13413
13,2014-01-20,11.4204,11.4204,43.0402,3.43,12324
13,2014-01-21,8.1341,8.1341,40.4982,2.44,11702
13,2014-01-22,8.9794,8.9794,59.0172,2.69,12141
13,2014-01-23,7.7095,7.7095,72.9633,2.31,10739
13,2014-01-24,0.3292,0.3292,5.3773,0.1,977
13,2014-03-06,5.1704,5.1704,5.1992,1.55,3984
13,2014-03-07,9.78,9.78,25.5571,2.93,12058
13,2014-03-08,19.0604,19.0604,49.0583,5.72,12397
13,2014-03-09,20.5206,20.5206,56.3647,6.16,12584
13,2014-03-10,8.7477,8.7477,45.6914,2.62,12762
13,2014-03-11,8.2496,8.2496,52.8154,2.47,12781
13,2014-03-12,9.828,9.828,54.7261,2.95,12616
13,2014-03-13,9.2545,9.2545,64.6976,2.78,12664
13,2014-03-14,10.2412,10.2412,72.6749,3.07,12501
13,2014-03-15,18.944,18.944,70.2317,5.68,13169
13,2014-03-16,16.3274,16.3274,52.387,4.9,9674
13,2014-03-17,4.3392,4.3392,34.2751,1.3,7650
13,2014-03-18,7.8599,7.8599,55.8141,2.36,9256
13,2014-03-19,7.5125,7.5125,47.9823,2.25,11218
13,2014-03-20,8.0092,8.0092,50.1484,2.4,10783
13,2014-03-21,6.9969,6.9969,57.1558,2.1,10496
13,2014-03-22,17.7683,17.7683,50.514,5.33,10393
13,2014-03-23,21.4066,21.4066,67.7643,6.42,11861
13,2014-03-24,7.1349,7.1349,40.478,2.14,10650
13,2014-03-25,7.9895,7.9895,62.1144,2.4,11913
13,2014-03-26,8.6058,8.6058,59.6383,2.58,12099
13,2014-03-27,7.9407,7.9407,62.3319,2.38,11921
13,2014-03-28,11.4618,11.4618,64.7948,3.44,12208
13,2014-03-29,21.5338,21.5338,50.3848,6.46,13332
13,2014-03-30,14.1102,14.1102,43.8364,4.23,11346
13,2014-03-31,12.7705,12.7705,36.2019,3.83,11582
13,2014-04-01,10.5505,10.5505,36.0739,3.17,11642
13,2014-04-02,9.779,9.779,50.2078,2.93,12620
13,2014-04-03,6.4601,6.4601,49.146,1.94,10363
13,2014-04-04,7.1542,7.1542,55.2186,2.15,9841
13,2014-04-05,18.2318,18.2318,57.9582,5.47,11020
13,2014-04-06,15.4686,15.4686,50.9798,4.64,8644
13,2014-04-07,9.2617,9.2617,50.2335,2.78,12602
13,2014-04-08,9.7945,9.7945,67.914,2.94,13437
13,2014-04-09,13.4416,13.4416,51.2934,4.03,13245
13,2014-04-10,10.1619,10.1619,63.428,3.05,12171
13,2014-04-11,11.9193,11.9193,78.1273,3.58,11935
13,2014-04-12,11.9556,11.9556,57.72,3.59,10547
13,2014-04-13,17.0052,17.0052,55.956,5.1,10808
13,2014-04-14,14.1473,14.1473,46.4601,4.24,10519
13,2014-04-15,10.9741,10.9741,60.1434,3.29,13370
13,2014-04-16,13.8083,13.8083,57.1638,4.14,13833
13,2014-04-17,13.0358,13.0358,54.5067,3.91,10532
13,2014-04-18,9.7564,9.7564,66.5822,2.93,13280
13,2014-04-19,8.5438,8.5438,52.8867,2.56,12832
13,2014-04-20,10.718,10.718,73.6593,3.22,14004
13,2014-04-21,17.042,17.042,59.9598,5.11,13608
13,2014-04-22,16.2124,16.2124,57.8412,4.86,14087
13,2014-04-23,11.9103,11.9103,47.6317,3.57,14346
13,2014-04-24,16.434,16.434,57.8616,4.93,13993
13,2014-04-25,14.2621,14.2621,57.0214,4.28,14211
13,2014-04-26,18.1384,18.1384,61.8603,5.44,13535
13,2014-04-27,20.8981,20.8981,61.1971,6.27,14351
13,2014-04-28,14.321,14.321,42.439,4.3,14014
13,2014-04-29,10.722,10.722,41.5318,3.22,14372
13,2014-04-30,9.812,9.812,48.3865,2.94,13994
13,2014-05-01,9.9073,9.9073,41.3561,2.97,14106
13,2014-05-02,8.3841,8.3841,36.8283,2.52,13907
13,2014-05-03,18.4721,18.4721,49.886,5.54,13231
13,2014-05-04,23.0315,23.0315,63.4403,6.91,12646
13,2014-05-05,17.5812,17.5812,63.5474,5.27,13601
13,2014-05-06,10.3713,10.3713,56.6033,3.11,14098
13,2014-05-07,10.2187,10.2187,77.5237,3.07,14163
13,2014-05-08,9.86,9.86,96.7612,2.96,14289
13,2014-05-09,9.8637,9.8637,112.2211,2.96,13923
13,2014-05-10,18.837,18.837,96.3807,5.65,13647
13,2014-05-11,19.2675,19.2675,66.1707,5.78,13748
13,2014-05-12,9.3507,9.3507,42.6969,2.81,13556
13,2014-05-13,9.0107,9.0107,70.7007,2.7,14193
13,2014-05-14,8.9962,8.9962,64.8123,2.7,14003
13,2014-05-15,7.2709,7.2709,63.281,2.18,13684
13,2014-05-16,8.5935,8.5935,75.8949,2.58,14008
13,2014-05-17,17.776,17.776,59.4883,5.33,14240
13,2014-05-18,24.0473,24.0473,55.8988,7.21,14368
13,2014-05-19,12.5134,12.5134,41.2381,3.75,14097
13,2014-05-20,8.2532,8.2532,48.1098,2.48,13607
13,2014-05-21,8.1571,8.1571,70.7292,2.45,14009
13,2014-05-22,10.2433,10.2433,85.2054,3.07,14177
13,2014-05-23,8.089,8.089,45.2697,2.43,14352
13,2014-05-24,19.1484,19.1484,101.8744,5.74,14064
13,2014-05-25,22.7981,22.7981,119.381,6.84,14338
13,2014-05-26,12.6847,12.6847,111.2224,3.81,14059
13,2014-05-27,14.612,14.612,114.3632,4.38,13932
13,2014-05-28,14.5324,14.5324,137.9771,4.36,14075
13,2014-05-29,14.6827,14.6827,101.4116,4.4,14339
13,2014-05-30,18.3555,18.3555,85.7536,5.51,14297
13,2014-05-31,18.041,18.041,76.4989,5.41,14357
13,2014-06-01,19.0404,19.0404,68.5393,5.71,14366
13,2014-06-02,13.2918,13.2918,79.4424,3.99,13977
13,2014-06-03,7.3382,7.3382,55.9559,2.2,14350
13,2014-06-04,11.0182,11.0182,39.2964,3.31,14301
13,2014-06-05,8.7532,8.7532,40.6178,2.63,13930
13,2014-06-06,13.7272,13.7272,62.165,4.12,14038
13,2014-06-07,28.9099,28.9099,57.4054,8.67,13911
13,2014-06-08,10.9778,10.9778,73.1542,3.29,13303
13,2014-06-09,9.7098,9.7098,85.4572,2.91,10884
13,2014-06-10,8.7626,8.7626,62.9509,2.63,9594
13,2014-06-11,7.5762,7.5762,52.631,2.27,8718
13,2014-06-12,11.5607,11.5607,108.168,3.47,13165
13,2014-06-13,11.8879,11.8879,82.8368,3.57,13468
13,2014-06-14,21.9643,21.9643,55.1688,6.59,12716
13,2014-06-15,16.743,16.743,50.1508,5.02,11924
13,2014-06-16,12.258,12.258,47.6058,3.68,12709
13,2014-06-17,7.3411,7.3411,24.3053,2.2,10156
13,2014-06-18,10.0539,10.0539,38.0051,3.02,12171
13,2014-06-19,8.0914,8.0914,46.7242,2.43,13302
13,2014-06-20,9.9264,9.9264,24.0965,2.98,13920
13,2014-06-21,20.4519,20.4519,39.585,6.14,14339
13,2014-06-22,23.9221,23.9221,67.3784,7.18,14343
13,2014-06-23,10.3281,10.3281,65.6142,3.1,12982
13,2014-06-24,11.2647,11.2647,67.9102,3.38,11622
13,2014-06-25,8.1347,8.1347,47.8189,2.44,11668
13,2014-06-26,13.6563,13.6563,77.1358,4.1,13576
13,2014-06-27,14.8302,14.8302,65.255,4.45,13732
13,2014-06-28,8.7125,8.7125,63.0881,2.61,13248
13,2014-06-29,15.4236,15.4236,79.5868,4.63,12595
13,2014-06-30,11.6639,11.6639,74.0711,3.5,13163
13,2014-07-01,11.261,11.261,67.5263,3.38,11282
13,2014-07-02,6.9276,6.9276,37.6999,2.08,11367
13,2014-07-03,17.4607,17.4607,44.6986,5.24,10783
13,2014-07-04,14.4404,14.4404,44.0081,4.33,13868
13,2014-07-05,12.6708,12.6708,55.2592,3.8,13848
13,2014-07-06,14.0228,14.0228,58.6041,4.21,13684
13,2014-07-07,10.1884,10.1884,32.2926,3.06,9925
13,2014-07-08,12.5978,12.5978,70.2543,3.78,13922
13,2014-07-09,15.219,15.219,69.5937,4.57,13794
13,2014-07-10,11.062,11.062,55.172,3.32,13668
13,2014-07-11,10.7681,10.7681,44.1597,3.23,13251
13,2014-07-12,8.4064,8.4064,43.8902,2.52,13415
13,2014-07-13,5.8824,5.8824,54.4438,1.76,14078
13,2014-07-14,5.7128,5.7128,96.4142,1.71,12860
13,2014-07-15,5.2007,5.2007,66.7529,1.56,12778
13,2014-07-16,5.2743,5.2743,43.9608,1.58,13168
13,2014-07-17,5.6678,5.6678,55.0793,1.7,13893
13,2014-07-18,5.2821,5.2821,70.2723,1.58,12875
13,2014-07-19,5.2627,5.2627,100.0199,1.58,12913
13,2014-07-20,5.3687,5.3687,110.6372,1.61,13448
13,2014-07-21,7.2751,7.2751,89.8288,2.18,13196
13,2014-07-22,5.615,5.615,66.5735,1.68,13376
13,2014-07-23,5.7591,5.7591,80.0715,1.73,13432
13,2014-07-24,5.8198,5.8198,94.9719,1.75,13655
13,2014-07-25,4.4886,4.4886,81.6241,1.35,10505
13,2014-07-26,16.3131,16.3131,87.2531,4.89,11325
13,2014-07-27,14.6139,14.6139,51.5006,4.38,9388
13,2014-07-28,18.202,18.202,54.9259,5.46,10242
13,2014-07-29,13.1647,13.1647,48.075,3.95,13947
13,2014-07-30,13.8056,13.8056,41.1724,4.14,13084
13,2014-07-31,15.7066,15.7066,64.0348,4.71,13959
13,2014-08-01,9.0153,9.0153,41.888,2.7,8770
13,2014-08-02,12.1929,12.1929,32.841,3.66,6006
13,2014-08-03,21.8942,21.8942,52.7958,6.57,13036
13,2014-08-04,16.2289,16.2289,40.722,4.87,12824
13,2014-08-05,12.9132,12.9132,48.5952,3.87,12324
13,2014-08-06,11.3198,11.3198,52.9439,3.4,9823
13,2014-08-07,13.4667,13.4667,35.8813,4.04,12903
13,2014-08-08,12.9561,12.9561,46.1232,3.89,14154
13,2014-08-09,18.8522,18.8522,39.5596,5.66,14157
13,2014-08-10,20.6837,20.6837,52.0476,6.21,14051
13,2014-08-11,20.2413,20.2413,47.2072,6.07,13985
13,2014-08-12,17.1591,17.1591,86.5477,5.15,14214
13,2014-08-13,16.9718,16.9718,104.2389,5.09,13631
13,2014-08-14,12.7359,12.7359,123.3368,3.82,13644
13,2014-08-15,13.0089,13.0089,92.849,3.9,13364
13,2014-08-16,14.5847,14.5847,60.7691,4.38,12179
13,2014-08-17,8.9704,8.9704,61.237,2.69,13204
13,2014-08-18,16.1179,16.1179,78.9568,4.84,13038
13,2014-08-19,9.8943,9.8943,43.4529,2.97,12742
13,2014-08-20,11.1592,11.1592,37.2176,3.35,12920
13,2014-08-21,16.0846,16.0846,38.7444,4.83,13451
13,2014-08-22,11.3796,11.3796,36.4783,3.41,13625
13,2014-08-23,17.5049,17.5049,49.4912,5.25,14180
13,2014-08-24,13.751,13.751,40.8386,4.13,13092
13,2014-08-25,12.7696,12.7696,38.8189,3.83,13276
13,2014-08-26,10.0014,10.0014,38.962,3.0,13790
13,2014-08-27,11.1335,11.1335,39.863,3.34,13750
13,2014-08-28,8.0916,8.0916,38.2204,2.43,12572
13,2014-08-29,11.0824,11.0824,35.3201,3.32,13306
13,2014-08-30,11.2734,11.2734,25.2706,3.38,6798
13,2014-09-02,3.3403,3.3403,8.9248,1.0,3249
13,2014-09-03,8.3387,8.3387,30.9961,2.5,9426
13,2014-09-04,6.7613,6.7613,33.0766,2.03,12039
13,2014-09-05,9.5281,9.5281,31.5478,2.86,13372
13,2014-09-06,22.3867,22.3867,42.4551,6.72,11564
13,2014-09-07,4.4033,4.4033,7.5576,1.32,4137
13,2014-09-08,11.3531,11.3531,34.0102,3.41,12153
13,2014-09-09,9.0314,9.0314,44.3888,2.71,13947
13,2014-09-10,9.7865,9.7865,38.5821,2.94,11819
13,2014-09-11,9.797,9.797,70.2707,2.94,13150
13,2014-09-12,4.7994,4.7994,30.2893,1.44,7911
13,2014-09-23,7.4963,7.4963,22.0133,2.25,5441
13,2014-09-24,7.8937,7.8937,30.4647,2.37,8792
13,2014-09-25,12.467,12.467,38.8559,3.74,10430
13,2014-09-26,8.0486,8.0486,23.54,2.41,10672
13,2014-09-27,7.1702,7.1702,20.0743,2.15,10375
13,2014-09-28,12.5075,12.5075,29.6568,3.75,9266
13,2014-09-29,9.8089,9.8089,28.3942,2.94,9231
13,2014-09-30,6.6854,6.6854,25.8661,2.01,8190
13,2014-10-01,6.163,6.163,13.5003,1.85,9220
13,2014-10-02,7.2673,7.2673,25.8122,2.18,9016
13,2014-10-03,8.5579,8.5579,34.0873,2.57,9327
13,2014-10-04,13.9581,13.9581,37.8076,4.19,9731
13,2014-10-05,14.3954,14.3954,33.0337,4.32,10283
13,2014-10-06,12.1747,12.1747,30.9951,3.65,10100
13,2014-10-07,10.8995,10.8995,33.1958,3.27,10203
13,2014-10-08,7.3781,7.3781,30.3979,2.21,9957
13,2014-10-09,6.9791,6.9791,31.0653,2.09,10103
13,2014-10-10,6.5125,6.5125,32.4588,1.95,10320
13,2014-10-11,19.4409,19.4409,38.0874,5.83,10255
13,2014-10-12,17.0088,17.0088,39.8381,5.1,9205
13,2014-10-13,11.1111,11.1111,33.3809,3.33,10345
13,2014-10-14,8.2054,8.2054,35.0694,2.46,9637
13,2014-10-15,11.7435,11.7435,36.6255,3.52,11564
13,2014-10-16,9.0696,9.0696,37.045,2.72,12101
13,2014-10-17,9.2594,9.2594,39.0171,2.78,11052
13,2014-10-18,17.0586,17.0586,51.178,5.12,11430
13,2014-10-19,14.3244,14.3244,47.2461,4.3,9516
13,2014-10-20,12.2993,12.2993,36.0537,3.69,8613
13,2014-10-21,10.9477,10.9477,32.4921,3.28,10329
13,2014-10-22,10.1125,10.1125,36.3464,3.03,9913
13,2014-10-23,4.9964,4.9964,49.8504,1.5,8135
13,2014-10-24,6.5557,6.5557,38.76,1.97,8125
13,2014-10-25,7.4398,7.4398,17.2307,2.23,4831
13,2014-10-26,2.5348,2.5348,26.5896,0.76,4107
13,2014-10-27,0.8756,0.8756,9.205,0.26,1668
13,2014-10-28,1.5402,1.5402,6.0791,0.46,1546
13,2014-10-29,2.6719,2.6719,22.685,0.8,4219
13,2014-10-30,5.0696,5.0696,25.6285,1.52,6629
13,2014-10-31,4.716,4.716,23.2958,1.41,8395
13,2014-11-01,4.4088,4.4088,16.7501,1.32,4170
13,2014-11-05,5.4534,5.4534,8.8543,1.64,3617
13,2014-11-06,8.8208,8.8208,36.5218,2.65,12418
13,2014-11-07,10.5965,10.5965,36.4716,3.18,11317
13,2014-11-08,14.3036,14.3036,31.8231,4.29,10611
13,2014-11-09,11.7532,11.7532,37.1544,3.53,9333
13,2014-11-10,6.4324,6.4324,10.5262,1.93,4405
13,2014-11-11,9.0483,9.0483,32.0779,2.71,10409
13,2014-11-12,8.1146,8.1146,32.2506,2.43,11084
13,2014-11-13,7.5252,7.5252,32.1433,2.26,10253
13,2014-11-14,7.8348,7.8348,28.9833,2.35,10389
13,2014-11-15,19.6621,19.6621,53.3754,5.9,12453
13,2014-11-16,14.6919,14.6919,42.46,4.41,11808
13,2014-11-17,10.0604,10.0604,31.8169,3.02,10263
13,2014-11-18,7.7931,7.7931,28.7735,2.34,9679
13,2014-11-19,7.6411,7.6411,42.6782,2.29,10644
13,2014-11-20,9.2138,9.2138,52.7026,2.76,10218
13,2014-11-21,8.6427,8.6427,81.3643,2.59,10429
13,2014-11-22,16.4503,16.4503,44.9526,4.94,10837
13,2014-11-23,15.8023,15.8023,32.3604,4.74,8751
13,2014-11-24,9.0947,9.0947,39.9395,2.73,9975
13,2014-11-25,11.333,11.333,39.2708,3.4,11361
13,2014-11-26,8.6274,8.6274,34.5211,2.59,11015
13,2014-11-27,7.8951,7.8951,32.0865,2.37,10663
13,2014-11-28,8.3772,8.3772,33.179,2.51,10212
13,2014-11-29,16.9632,16.9632,35.5612,5.09,10309
13,2014-11-30,11.0284,11.0284,34.099,3.31,10178
13,2014-12-01,11.3447,11.3447,30.9498,3.4,10799
13,2014-12-02,13.9587,13.9587,34.9468,4.19,10804
13,2014-12-03,8.3121,8.3121,30.5139,2.49,9526
13,2014-12-04,7.9769,7.9769,30.0236,2.39,10224
13,2014-12-05,10.3188,10.3188,31.8761,3.1,10927
13,2014-12-06,13.0373,13.0373,35.5129,3.91,10954
13,2014-12-07,20.3804,20.3804,41.9934,6.11,9851
13,2014-12-08,9.9549,9.9549,26.0876,2.99,10150
13,2014-12-09,10.0742,10.0742,33.896,3.02,11170
13,2014-12-10,12.5623,12.5623,35.1903,3.77,11174
13,2014-12-11,9.0247,9.0247,38.0507,2.71,12368
13,2014-12-12,10.5907,10.5907,35.1447,3.18,12220
13,2014-12-13,20.8936,20.8936,46.2625,6.27,11874
13,2014-12-14,19.0034,19.0034,46.2519,5.7,12073
13,2014-12-15,16.3148,16.3148,75.9192,4.89,11339
13,2014-12-16,11.4654,11.4654,60.9606,3.44,10702
13,2014-12-17,11.9279,11.9279,24.5339,3.58,10424
13,2014-12-18,3.5356,3.5356,16.5423,1.06,5124
13,2014-12-19,4.3087,4.3087,15.8831,1.29,6096
13,2014-12-20,13.4067,13.4067,39.6661,4.02,12086
13,2014-12-21,22.1332,22.1332,44.1121,6.64,12333
13,2014-12-22,16.8203,16.8203,37.8685,5.05,10825
13,2014-12-23,9.5056,9.5056,21.9056,2.85,7210
13,2015-01-07,5.5453,5.5453,14.306,1.66,5570
13,2015-01-08,9.9887,9.9887,36.7194,3.0,11029
13,2015-01-09,9.6492,9.6492,35.9986,2.89,12213
13,2015-01-10,20.2144,20.2144,53.3834,6.06,12275
13,2015-01-11,18.7663,18.7663,46.6577,5.63,12244
13,2015-01-12,12.5419,12.5419,25.3687,3.76,12235
13,2015-01-13,9.2848,9.2848,46.4679,2.79,11074
13,2015-01-14,11.4019,11.4019,39.2095,3.42,10995
13,2015-01-15,6.9035,6.9035,30.5719,2.07,9177
13,2015-01-16,8.0775,8.0775,70.3369,2.42,11075
13,2015-01-17,22.9066,22.9066,57.5851,6.87,10513
15,2013-12-17,1.7031,1.7031,35.4945,0.51,2905
15,2013-12-18,4.4225,4.4225,119.7861,1.33,10212
15,2013-12-19,6.2704,6.2704,109.4771,1.88,10015
15,2013-12-20,4.1315,4.1315,67.0591,1.24,11479
15,2013-12-21,9.7029,9.7029,104.5075,2.91,11600
15,2013-12-22,2.0772,2.0772,36.2158,0.62,9844
15,2013-12-23,3.5638,3.5638,56.0242,1.07,8858
15,2013-12-24,5.2706,5.2706,58.9461,1.58,8795
15,2013-12-25,6.3488,6.3488,51.376,1.9,8190
15,2013-12-26,5.6668,5.6668,52.5264,1.7,9965
15,2013-12-27,6.904,6.904,77.2383,2.07,13111
15,2013-12-28,6.4332,6.4332,65.5574,1.93,12581
15,2013-12-29,6.9339,6.9339,74.033,2.08,12144
15,2013-12-30,3.8675,3.8675,99.1317,1.16,12973
15,2013-12-31,4.2684,4.2684,160.0832,1.28,13182
15,2014-01-01,5.6607,5.6607,158.5806,1.7,13110
15,2014-01-02,5.3831,5.3831,119.3651,1.61,13145
15,2014-01-03,12.153,12.153,114.7617,3.65,12810
15,2014-01-04,11.5513,11.5513,81.395,3.47,13099
15,2014-01-05,3.8902,3.8902,68.17,1.17,12300
15,2014-01-06,4.7555,4.7555,111.9098,1.43,12767
15,2014-01-07,4.111,4.111,119.2345,1.23,12496
15,2014-01-08,5.7336,5.7336,135.0324,1.72,12011
15,2014-01-09,5.7693,5.7693,122.8337,1.73,11447
15,2014-01-10,8.4323,8.4323,138.2637,2.53,11953
15,2014-01-11,7.7089,7.7089,94.1325,2.31,12421
15,2014-01-12,12.308,12.308,120.1973,3.69,12517
15,2014-01-13,10.1421,10.1421,93.3622,3.04,11915
15,2014-01-14,7.4536,7.4536,42.3863,2.24,11614
15,2014-01-15,4.7961,4.7961,62.8532,1.44,12027
15,2014-01-16,4.4198,4.4198,65.9625,1.33,12021
15,2014-01-17,5.1058,5.1058,82.4144,1.53,13732
15,2014-01-18,3.9749,3.9749,91.2136,1.19,13876
15,2014-01-19,5.022,5.022,95.0149,1.51,14038
15,2014-01-20,6.4162,6.4162,87.2029,1.92,13410
15,2014-01-21,8.542,8.542,83.8706,2.56,12937
15,2014-01-22,13.2636,13.2636,105.4379,3.98,13323
15,2014-01-23,9.5344,9.5344,91.1768,2.86,13476
15,2014-01-24,0.5811,0.5811,14.6542,0.17,1621
15,2014-01-25,0.8451,0.8451,27.7689,0.25,2511
15,2014-01-26,0.7407,0.7407,16.964,0.22,1449
15,2014-01-27,0.4386,0.4386,8.9238,0.13,895
15,2014-01-28,0.3755,0.3755,6.2875,0.11,764
15,2014-01-29,0.7782,0.7782,4.8062,0.23,675
15,2014-01-30,0.155,0.155,3.3978,0.05,450
15,2014-01-31,0.2025,0.2025,2.8299,0.06,370
15,2014-02-01,0.2055,0.2055,3.3729,0.06,440
15,2014-02-02,0.4034,0.4034,5.7017,0.12,390
15,2014-02-03,0.3118,0.3118,7.4238,0.09,440
15,2014-02-04,0.1441,0.1441,6.0419,0.04,360
15,2014-02-05,0.1847,0.1847,8.556,0.06,510
15,2014-02-06,0.1996,0.1996,6.4535,0.06,447
15,2014-02-07,0.1782,0.1782,4.3426,0.05,340
15,2014-02-08,0.1459,0.1459,5.4232,0.04,400
15,2014-02-09,0.2879,0.2879,6.0466,0.09,450
15,2014-02-10,0.2181,0.2181,4.6319,0.07,390
15,2014-02-11,0.1217,0.1217,0.6034,0.04,146
15,2014-02-12,0.3328,0.3328,3.4486,0.1,540
15,2014-02-13,0.1581,0.1581,3.5458,0.05,438
15,2014-02-14,0.1755,0.1755,4.1929,0.05,487
15,2014-02-15,0.1322,0.1322,4.1338,0.04,457
15,2014-02-16,0.1447,0.1447,3.5477,0.04,370
15,2014-02-17,0.2654,0.2654,5.0229,0.08,498
15,2014-02-18,0.143,0.143,3.1367,0.04,300
15,2014-02-19,0.168,0.168,4.442,0.05,410
15,2014-02-20,2.9351,2.9351,44.8738,0.88,4594
15,2014-02-21,4.9158,4.9158,87.4208,1.47,7178
15,2014-02-22,0.4617,0.4617,13.2674,0.14,1256
15,2014-02-24,4.8593,4.8593,22.8112,1.46,2287
15,2014-02-26,1.2857,1.2857,33.086,0.39,3468
15,2014-02-27,3.9886,3.9886,85.4314,1.2,9202
15,2014-02-28,6.3954,6.3954,98.2594,1.92,12955
15,2014-03-01,4.5936,4.5936,103.4296,1.38,14240
15,2014-03-02,5.3284,5.3284,80.9967,1.6,14051
15,2014-03-03,5.5562,5.5562,97.0518,1.67,12975
15,2014-03-04,6.9785,6.9785,138.9312,2.09,13702
15,2014-03-05,5.5171,5.5171,130.9337,1.66,13588
15,2014-03-06,6.099,6.099,124.175,1.83,13718
15,2014-03-07,7.7773,7.7773,116.7813,2.33,12423
15,2014-03-14,3.1052,3.1052,39.4852,0.93,5826
15,2014-03-15,7.0827,7.0827,87.6864,2.12,13846
15,2014-03-16,9.9249,9.9249,72.6687,2.98,14308
15,2014-03-17,6.976,6.976,70.4746,2.09,13634
15,2014-03-18,6.7897,6.7897,74.2263,2.04,13749
15,2014-03-19,10.216,10.216,84.7028,3.06,14095
15,2014-03-20,8.4821,8.4821,73.1697,2.54,14016
15,2014-03-21,5.6424,5.6424,57.8825,1.69,14009
15,2014-03-22,5.805,5.805,96.3186,1.74,14274
15,2014-03-23,11.03,11.03,86.1901,3.31,14208
15,2014-03-24,10.4058,10.4058,72.2818,3.12,13711
15,2014-03-25,6.7082,6.7082,69.7305,2.01,14011
15,2014-03-26,7.5533,7.5533,69.3152,2.27,13847
15,2014-03-27,6.58,6.58,82.6552,1.97,13977
15,2014-03-28,10.3556,10.3556,61.4817,3.11,13859
15,2014-03-29,7.7776,7.7776,51.8969,2.33,14286
15,2014-03-30,6.637,6.637,75.6378,1.99,13678
15,2014-03-31,6.145,6.145,80.4106,1.84,12668
15,2014-04-01,5.8435,5.8435,90.166,1.75,13638
15,2014-04-02,4.9051,4.9051,98.2644,1.47,11449
15,2014-04-03,6.6551,6.6551,120.9466,2.0,12839
15,2014-04-04,6.343,6.343,101.5825,1.9,12821
15,2014-04-05,4.0152,4.0152,57.7231,1.2,10608
15,2014-04-06,8.0836,8.0836,105.0702,2.43,14273
15,2014-04-07,9.7783,9.7783,113.4732,2.93,12032
15,2014-04-08,6.3993,6.3993,59.4374,1.92,10866
15,2014-04-09,4.7348,4.7348,83.8261,1.42,11440
15,2014-04-10,6.1844,6.1844,82.0574,1.86,11443
15,2014-04-11,5.4708,5.4708,77.664,1.64,13105
15,2014-04-12,6.3855,6.3855,86.608,1.92,14196
15,2014-04-13,8.103,8.103,117.3277,2.43,14229
15,2014-04-14,5.4416,5.4416,115.7075,1.63,12352
15,2014-04-15,6.0029,6.0029,154.617,1.8,13271
15,2014-04-16,6.0872,6.0872,172.4435,1.83,13654
15,2014-04-17,12.4577,12.4577,168.3114,3.74,13123
15,2014-04-18,6.904,6.904,116.1072,2.07,12608
15,2014-04-19,8.15,8.15,85.3369,2.45,12426
15,2014-04-20,9.3223,9.3223,68.787,2.8,12618
15,2014-04-21,7.9283,7.9283,69.5998,2.38,12863
15,2014-04-22,6.2763,6.2763,79.44,1.88,13074
15,2014-04-23,6.5604,6.5604,106.3766,1.97,13626
15,2014-04-24,10.7723,10.7723,91.2736,3.23,13296
15,2014-04-25,7.4409,7.4409,65.3883,2.23,13651
15,2014-04-26,9.2152,9.2152,49.1882,2.76,12750
15,2014-04-27,8.5508,8.5508,48.0389,2.57,12581
15,2014-04-28,6.4716,6.4716,51.4043,1.94,13688
15,2014-04-29,6.3376,6.3376,52.4388,1.9,13743
15,2014-04-30,5.5076,5.5076,39.6059,1.65,13488
15,2014-05-01,7.8035,7.8035,42.0924,2.34,13540
15,2014-05-02,6.5801,6.5801,47.9039,1.97,13284
15,2014-05-03,6.8351,6.8351,57.4884,2.05,12517
15,2014-05-04,6.0202,6.0202,55.815,1.81,11674
15,2014-05-05,5.6949,5.6949,63.0454,1.71,13059
15,2014-05-06,6.7938,6.7938,65.8798,2.04,13307
15,2014-05-07,6.3139,6.3139,64.8045,1.89,13156
15,2014-05-08,12.1303,12.1303,42.0601,3.64,13070
15,2014-05-09,6.1345,6.1345,52.0883,1.84,13241
15,2014-05-10,10.3865,10.3865,90.1305,3.12,12067
15,2014-05-11,10.3617,10.3617,84.6789,3.11,12397
15,2014-05-12,6.9655,6.9655,54.9741,2.09,13667
15,2014-05-13,7.604,7.604,63.3683,2.28,14311
15,2014-05-14,6.4762,6.4762,53.2091,1.94,13592
15,2014-05-15,6.2531,6.2531,57.4002,1.88,13729
15,2014-05-16,7.9461,7.9461,56.4253,2.38,12833
15,2014-05-17,8.2586,8.2586,56.6502,2.48,12981
15,2014-05-18,6.8663,6.8663,59.4359,2.06,13077
15,2014-05-19,5.7345,5.7345,55.0893,1.72,13868
15,2014-05-20,6.0305,6.0305,94.4973,1.81,14073
15,2014-05-21,6.1617,6.1617,118.8621,1.85,13736
15,2014-05-22,14.7901,14.7901,96.3609,4.44,13816
15,2014-05-23,7.1201,7.1201,66.5047,2.14,13342
15,2014-05-24,11.0047,11.0047,72.915,3.3,13086
15,2014-05-25,12.0173,12.0173,93.0074,3.61,13264
15,2014-05-26,8.9817,8.9817,68.2838,2.69,13353
15,2014-05-27,5.9407,5.9407,47.6781,1.78,13331
15,2014-05-28,6.1599,6.1599,41.0513,1.85,13509
15,2014-05-29,6.8397,6.8397,62.3256,2.05,13308
15,2014-05-30,6.3234,6.3234,56.5187,1.9,13612
15,2014-05-31,6.665,6.665,57.636,2.0,13247
15,2014-06-01,5.2436,5.2436,62.9011,1.57,13135
15,2014-06-02,9.9962,9.9962,60.8605,3.0,13788
15,2014-06-03,6.1962,6.1962,61.1656,1.86,13528
15,2014-06-04,6.36,6.36,61.1451,1.91,13303
15,2014-06-05,7.6593,7.6593,69.4132,2.3,13841
15,2014-06-06,7.0046,7.0046,97.9831,2.1,14179
15,2014-06-07,6.2388,6.2388,88.4022,1.87,14388
15,2014-06-08,7.5223,7.5223,110.4089,2.26,14129
15,2014-06-09,6.1103,6.1103,100.7143,1.83,13824
15,2014-06-10,5.9247,5.9247,113.1713,1.78,14123
15,2014-06-11,6.2733,6.2733,117.2858,1.88,14050
15,2014-06-12,5.285,5.285,129.5528,1.59,14278
15,2014-06-13,4.9118,4.9118,132.7997,1.47,14350
15,2014-06-14,6.0247,6.0247,164.2826,1.81,14331
15,2014-06-15,16.155,16.155,156.197,4.85,14336
15,2014-06-16,5.6996,5.6996,94.9671,1.71,13960
15,2014-06-17,6.3902,6.3902,92.2643,1.92,13988
15,2014-06-18,7.0131,7.0131,99.5131,2.1,14342
15,2014-06-19,7.6377,7.6377,77.7497,2.29,14373
15,2014-06-20,6.9266,6.9266,48.9419,2.08,14287
15,2014-06-21,8.6359,8.6359,61.5779,2.59,13848
15,2014-06-22,8.439,8.439,68.4976,2.53,13756
15,2014-06-23,5.459,5.459,72.3196,1.64,14035
15,2014-06-24,5.5107,5.5107,67.4813,1.65,14303
15,2014-06-25,5.7484,5.7484,58.0589,1.72,14294
15,2014-06-26,5.4458,5.4458,68.5573,1.63,13916
15,2014-06-27,5.0174,5.0174,66.4821,1.51,13274
15,2014-06-28,5.7796,5.7796,102.625,1.73,13661
15,2014-06-29,5.3655,5.3655,103.3563,1.61,13242
15,2014-06-30,11.2904,11.2904,100.3089,3.39,13861
15,2014-07-01,5.6721,5.6721,55.0254,1.7,12817
15,2014-07-02,5.2439,5.2439,58.6406,1.57,13583
15,2014-07-03,6.9519,6.9519,73.5659,2.09,13608
15,2014-07-04,5.9852,5.9852,78.212,1.8,13820
15,2014-07-05,5.3247,5.3247,59.1661,1.6,12684
15,2014-07-06,6.0148,6.0148,75.6336,1.8,14118
15,2014-07-07,7.6779,7.6779,47.7745,2.3,10626
15,2014-07-08,7.0159,7.0159,53.6215,2.1,13948
15,2014-07-09,5.5733,5.5733,62.196,1.67,13672
15,2014-07-10,6.4547,6.4547,62.565,1.94,13214
15,2014-07-11,5.1653,5.1653,48.8403,1.55,13835
15,2014-07-12,4.351,4.351,58.8144,1.31,13534
15,2014-07-13,5.6369,5.6369,71.4236,1.69,13552
15,2014-07-14,5.8898,5.8898,71.7675,1.77,13855
15,2014-07-15,5.0119,5.0119,73.9757,1.5,13318
15,2014-07-16,5.7222,5.7222,79.7373,1.72,13526
15,2014-07-17,5.9093,5.9093,88.4527,1.77,13807
15,2014-07-18,6.6429,6.6429,99.0205,1.99,13346
15,2014-07-19,7.2634,7.2634,92.1415,2.18,13812
15,2014-07-20,5.9187,5.9187,69.3511,1.78,11084
15,2014-07-21,6.7653,6.7653,94.2745,2.03,11689
15,2014-07-22,4.3153,4.3153,88.8508,1.29,11525
15,2014-07-23,4.8134,4.8134,100.8213,1.44,12005
15,2014-07-24,4.8485,4.8485,105.6691,1.45,11484
15,2014-07-25,4.7161,4.7161,115.4063,1.41,11473
15,2014-07-26,4.3301,4.3301,128.4195,1.3,12508
15,2014-07-27,4.6204,4.6204,151.1577,1.39,12262
15,2014-07-28,4.9099,4.9099,145.2664,1.47,12200
15,2014-07-29,5.5058,5.5058,143.4867,1.65,11526
15,2014-07-30,4.8494,4.8494,143.7835,1.45,11323
15,2014-07-31,6.6129,6.6129,133.8325,1.98,11632
15,2014-08-01,5.3327,5.3327,103.6405,1.6,8772
15,2014-08-02,4.445,4.445,46.0162,1.33,5511
15,2014-08-03,4.9479,4.9479,61.6161,1.48,9958
15,2014-08-04,4.7158,4.7158,67.0367,1.41,10269
15,2014-08-05,6.4556,6.4556,85.1312,1.94,12321
15,2014-08-06,5.1057,5.1057,84.9634,1.53,10175
15,2014-08-07,4.347,4.347,77.4324,1.3,10558
15,2014-08-08,5.0323,5.0323,77.3746,1.51,11948
15,2014-08-09,5.094,5.094,74.2512,1.53,11376
15,2014-08-10,6.7624,6.7624,78.7736,2.03,11318
15,2014-08-11,10.8458,10.8458,80.9468,3.25,13469
15,2014-08-12,5.4018,5.4018,105.587,1.62,14117
15,2014-08-13,4.7872,4.7872,58.6866,1.44,11534
15,2014-08-14,5.3039,5.3039,47.3488,1.59,11232
15,2014-08-15,4.6596,4.6596,43.1125,1.4,11846
15,2014-08-16,8.1238,8.1238,44.5809,2.44,11330
15,2014-08-17,6.5127,6.5127,47.655,1.95,11648
15,2014-08-18,6.5827,6.5827,31.4012,1.97,13126
15,2014-08-19,4.8595,4.8595,105.6092,1.46,13142
15,2014-08-20,5.7808,5.7808,99.6687,1.73,12229
15,2014-08-21,4.6249,4.6249,50.5821,1.39,12075
15,2014-08-22,5.1103,5.1103,47.2474,1.53,12238
15,2014-08-23,7.1139,7.1139,73.7282,2.13,12297
15,2014-08-24,5.8999,5.8999,86.0372,1.77,12050
15,2014-08-25,10.7786,10.7786,90.4228,3.23,12912
15,2014-08-26,5.8439,5.8439,55.1399,1.75,13849
15,2014-08-27,9.2585,9.2585,63.8997,2.78,13884
15,2014-08-28,8.7833,8.7833,70.6629,2.63,13519
15,2014-08-29,5.5452,5.5452,40.3423,1.66,12409
15,2014-08-30,2.5418,2.5418,28.7018,0.76,7359
15,2014-08-31,0.8522,0.8522,11.1488,0.26,2548
15,2014-09-01,6.5706,6.5706,46.6098,1.97,7770
15,2014-09-02,5.5675,5.5675,71.4852,1.67,10798
15,2014-09-03,5.0867,5.0867,97.2076,1.53,10848
15,2014-09-04,4.627,4.627,110.8939,1.39,11683
15,2014-09-05,6.0397,6.0397,111.0645,1.81,12062
15,2014-09-06,9.7778,9.7778,108.8702,2.93,11749
15,2014-09-07,7.5641,7.5641,106.2813,2.27,9089
15,2014-09-11,2.6212,2.6212,49.3719,0.79,4203
15,2014-09-12,6.9603,6.9603,118.3547,2.09,11431
15,2014-09-13,4.5534,4.5534,111.6822,1.37,11602
15,2014-09-14,3.9954,3.9954,116.5962,1.2,11975
15,2014-09-15,4.4509,4.4509,113.222,1.34,11729
15,2014-09-16,4.5541,4.5541,99.8466,1.37,11489
15,2014-09-17,4.9488,4.9488,98.1942,1.48,11955
15,2014-09-18,7.1976,7.1976,90.2933,2.16,11410
15,2014-09-19,7.1467,7.1467,103.1211,2.14,12045
15,2014-09-20,8.3322,8.3322,92.6563,2.5,11833
15,2014-09-21,5.3692,5.3692,90.1804,1.61,12227
15,2014-09-22,5.2271,5.2271,92.0433,1.57,11824
15,2014-09-23,4.8674,4.8674,96.9654,1.46,12451
15,2014-09-24,5.648,5.648,87.5808,1.69,12409
15,2014-09-25,7.0828,7.0828,58.2218,2.12,11670
15,2014-09-26,5.8802,5.8802,77.6345,1.76,12320
15,2014-09-27,5.3638,5.3638,87.6375,1.61,12274
15,2014-09-28,4.7425,4.7425,35.908,1.42,11925
15,2014-09-29,5.4535,5.4535,77.427,1.64,12076
15,2014-09-30,7.0135,7.0135,102.8346,2.1,13201
15,2014-10-01,5.7224,5.7224,48.9522,1.72,10804
15,2014-10-02,4.7504,4.7504,64.4717,1.43,10936
15,2014-10-03,4.9874,4.9874,69.7452,1.5,10876
15,2014-10-04,6.7871,6.7871,54.8019,2.04,10534
15,2014-10-05,7.1205,7.1205,57.2324,2.14,10721
15,2014-10-06,4.6246,4.6246,41.4655,1.39,10881
15,2014-10-07,7.9537,7.9537,75.7267,2.39,10892
15,2014-10-08,5.3407,5.3407,57.5568,1.6,10787
15,2014-10-09,12.1271,12.1271,80.0092,3.64,10899
15,2014-10-10,5.2254,5.2254,64.9369,1.57,10880
15,2014-10-11,4.9764,4.9764,77.2157,1.49,10880
15,2014-10-12,4.3031,4.3031,44.8999,1.29,10829
15,2014-10-13,9.3044,9.3044,84.2037,2.79,12048
15,2014-10-14,6.0127,6.0127,57.1911,1.8,12848
15,2014-10-15,6.0142,6.0142,75.0422,1.8,12797
15,2014-10-16,6.6135,6.6135,114.3846,1.98,12927
15,2014-10-17,6.4506,6.4506,89.2513,1.94,12959
15,2014-10-18,8.3445,8.3445,95.5429,2.5,12970
15,2014-10-19,5.8329,5.8329,87.6475,1.75,12947
15,2014-10-20,7.5209,7.5209,71.1228,2.26,12985
15,2014-10-21,6.8983,6.8983,60.4236,2.07,12939
15,2014-10-22,7.3138,7.3138,84.8426,2.19,12939
15,2014-10-23,9.5458,9.5458,126.9214,2.86,12851
15,2014-10-24,5.0582,5.0582,43.1877,1.52,12666
15,2014-10-25,7.0109,7.0109,33.3408,2.1,12953
15,2014-10-26,4.9583,4.9583,52.8626,1.49,13478
15,2014-10-27,2.764,2.764,13.0217,0.83,8307
15,2014-10-28,4.1208,4.1208,17.6262,1.24,5519
15,2014-10-29,7.7372,7.7372,51.9978,2.32,12933
15,2014-10-30,5.8467,5.8467,47.9725,1.75,12917
15,2014-10-31,5.1559,5.1559,65.6574,1.55,12916
15,2014-11-01,2.6909,2.6909,39.1128,0.81,7589
15,2014-11-05,1.6567,1.6567,18.3138,0.5,3871
15,2014-11-06,6.9885,6.9885,74.0609,2.1,12799
15,2014-11-07,5.2021,5.2021,84.4456,1.56,12462
15,2014-11-08,5.2722,5.2722,93.2003,1.58,12792
15,2014-11-09,6.4735,6.4735,95.6119,1.94,12773
15,2014-11-10,2.6506,2.6506,37.03,0.8,5273
15,2014-11-11,4.8442,4.8442,110.2931,1.45,12741
15,2014-11-12,6.9875,6.9875,106.3304,2.1,12762
15,2014-11-13,5.7168,5.7168,107.9957,1.72,12790
15,2014-11-14,7.6637,7.6637,102.5398,2.3,12806
15,2014-11-15,7.5811,7.5811,96.0629,2.27,12713
15,2014-11-16,13.5305,13.5305,83.1973,4.06,12762
15,2014-11-17,4.8033,4.8033,41.8976,1.44,12763
15,2014-11-18,7.2558,7.2558,82.3922,2.18,12743
15,2014-11-19,10.6977,10.6977,97.9934,3.21,12759
15,2014-11-20,5.944,5.944,50.9592,1.78,12785
15,2014-11-21,5.0754,5.0754,49.9426,1.52,12695
15,2014-11-22,5.4614,5.4614,54.7132,1.64,12789
15,2014-11-23,4.915,4.915,74.3788,1.47,12801
15,2014-11-24,4.7044,4.7044,49.0309,1.41,12793
15,2014-11-25,4.8139,4.8139,57.7905,1.44,12735
15,2014-11-26,5.4061,5.4061,58.2314,1.62,12788
15,2014-11-27,4.5834,4.5834,50.6313,1.38,12756
15,2014-11-28,5.3152,5.3152,81.1158,1.59,12786
15,2014-11-29,6.4205,6.4205,77.907,1.93,12766
15,2014-11-30,5.9941,5.9941,85.1904,1.8,12764
15,2014-12-01,5.2049,5.2049,104.8181,1.56,12775
15,2014-12-02,7.5105,7.5105,55.7071,2.25,12763
15,2014-12-03,7.3686,7.3686,59.6513,2.21,12751
15,2014-12-04,4.9991,4.9991,71.2976,1.5,12848
15,2014-12-05,4.6897,4.6897,58.6256,1.41,12875
15,2014-12-06,4.6972,4.6972,64.7669,1.41,12911
15,2014-12-07,4.7694,4.7694,114.0592,1.43,12882
15,2014-12-08,4.5083,4.5083,169.8448,1.35,12889
15,2014-12-09,13.6742,13.6742,194.159,4.1,12861
15,2014-12-10,9.4918,9.4918,121.7934,2.85,12885
15,2014-12-11,5.865,5.865,125.8924,1.76,12909
15,2014-12-12,4.072,4.072,97.8285,1.22,9517
16,2014-01-02,0.5954,0.5954,3.1237,0.18,570
16,2014-01-03,13.2002,13.2002,58.6324,3.96,13800
16,2014-01-04,13.1486,13.1486,24.993,3.94,13034
16,2014-01-05,14.9141,14.9141,29.2851,4.47,14325
16,2014-01-06,18.3471,18.3471,55.0143,5.5,14258
16,2014-01-07,11.322,11.322,76.2027,3.4,13640
16,2014-01-08,0.2496,0.2496,2.7763,0.07,575
16,2014-01-09,6.2541,6.2541,39.1,1.88,7874
16,2014-01-10,12.6181,12.6181,46.5571,3.79,10785
16,2014-01-11,7.1673,7.1673,28.7633,2.15,7530
16,2014-01-12,14.122,14.122,57.6897,4.24,12778
16,2014-02-02,0.3854,0.3854,2.5761,0.12,360
16,2014-02-03,17.2654,17.2654,84.1757,5.18,13783
16,2014-02-04,10.456,10.456,38.1847,3.14,12387
16,2014-02-05,14.0942,14.0942,16.6616,4.23,14296
16,2014-02-06,11.7003,11.7003,44.6093,3.51,14181
16,2014-02-07,16.044,16.044,32.0858,4.81,14177
16,2014-02-09,10.4685,10.4685,26.1032,3.14,10816
16,2014-02-10,9.9065,9.9065,40.9137,2.97,10959
16,2014-02-12,17.7587,17.7587,71.0401,5.33,12785
16,2014-03-02,0.535,0.535,4.0544,0.16,440
16,2014-03-03,16.7901,16.7901,87.3595,5.04,12607
16,2014-03-04,13.2865,13.2865,52.7392,3.99,13205
16,2014-03-05,17.3399,17.3399,34.3895,5.2,14299
16,2014-03-06,15.9252,15.9252,23.5322,4.78,14316
16,2014-03-07,12.9425,12.9425,17.9238,3.88,14228
16,2014-03-09,10.2088,10.2088,16.3305,3.06,10866
16,2014-03-10,10.2591,10.2591,19.0976,3.08,10914
16,2014-03-12,17.3133,17.3133,50.4155,5.19,12792
16,2014-04-02,0.7657,0.7657,4.7954,0.23,400
16,2014-04-03,17.2324,17.2324,67.8187,5.17,13187
16,2014-04-04,16.3707,16.3707,47.2675,4.91,12900
16,2014-04-05,14.7335,14.7335,43.515,4.42,14198
16,2014-04-06,16.3281,16.3281,26.694,4.9,14282
16,2014-04-07,10.5723,10.5723,17.7645,3.17,14214
16,2014-04-09,11.527,11.527,24.0901,3.46,10830
16,2014-04-10,14.8476,14.8476,25.2863,4.45,10480
16,2014-04-12,19.4808,19.4808,51.7505,5.84,12809
16,2014-05-02,0.6617,0.6617,3.1924,0.2,460
16,2014-05-03,15.881,15.881,45.326,4.76,13324
16,2014-05-04,20.2494,20.2494,29.1598,6.07,13972
16,2014-05-05,16.7216,16.7216,14.8427,5.02,14234
16,2014-05-06,17.3763,17.3763,14.9654,5.21,14035
16,2014-05-07,10.0958,10.0958,11.106,3.03,14015
16,2014-05-09,11.4315,11.4315,11.7094,3.43,10868
16,2014-05-10,11.2937,11.2937,10.9556,3.39,10806
16,2014-05-12,19.4562,19.4562,22.3569,5.84,12804
16,2014-06-02,0.5819,0.5819,1.2388,0.17,530
16,2014-06-03,15.6439,15.6439,25.207,4.69,13344
16,2014-06-04,20.9333,20.9333,43.7974,6.28,13702
16,2014-06-05,20.9345,20.9345,32.0191,6.28,13791
16,2014-06-06,16.0197,16.0197,34.6577,4.81,14266
16,2014-06-07,13.9205,13.9205,19.4964,4.18,14339
16,2014-06-09,15.0102,15.0102,12.6848,4.5,10882
16,2014-06-10,19.0607,19.0607,18.6322,5.72,10977
16,2014-06-12,16.5843,16.5843,20.739,4.98,12747
16,2014-07-02,0.481,0.481,0.4013,0.14,380
16,2014-07-03,19.0496,19.0496,24.8363,5.71,13044
16,2014-07-04,14.9531,14.9531,42.5355,4.49,12790
16,2014-07-05,17.221,17.221,71.9868,5.17,14119
16,2014-07-06,12.3302,12.3302,65.1017,3.7,14286
16,2014-07-07,8.5105,8.5105,36.6336,2.55,10614
16,2014-07-08,1.7176,1.7176,11.8506,0.52,3923
16,2014-07-09,15.7153,15.7153,27.7583,4.71,10698
16,2014-07-10,14.1119,14.1119,22.3543,4.23,10945
16,2014-07-11,14.0629,14.0629,15.1881,4.22,6897
16,2014-07-12,16.1893,16.1893,25.5565,4.86,12759
16,2014-08-02,0.5488,0.5488,0.9483,0.16,390
16,2014-08-03,20.7402,20.7402,33.8733,6.22,13370
16,2014-08-04,10.7465,10.7465,24.7481,3.22,11917
16,2014-08-05,14.5082,14.5082,40.7372,4.35,14264
16,2014-08-06,16.342,16.342,55.3974,4.9,14241
16,2014-08-07,13.5661,13.5661,62.8066,4.07,14168
16,2014-08-08,8.0178,8.0178,21.7667,2.41,10920
16,2014-08-09,11.9044,11.9044,26.2169,3.57,10732
16,2014-08-10,14.7464,14.7464,21.745,4.42,10873
16,2014-08-11,11.1303,11.1303,18.951,3.34,12849
16,2014-08-12,20.1435,20.1435,20.5544,6.04,12725
16,2014-09-02,0.7587,0.7587,0.7506,0.23,409
16,2014-09-03,28.5373,28.5373,38.9463,8.56,13864
16,2014-09-04,12.1509,12.1509,33.2484,3.65,12383
16,2014-09-05,14.6568,14.6568,30.4886,4.4,14256
16,2014-09-06,12.6737,12.6737,19.3772,3.8,13690
16,2014-09-07,10.6292,10.6292,17.2499,3.19,13948
16,2014-09-08,13.5389,13.5389,14.6501,4.06,10895
16,2014-09-09,10.3632,10.3632,14.6354,3.11,10844
16,2014-09-10,11.5827,11.5827,15.4665,3.47,10919
16,2014-09-11,11.0058,11.0058,22.291,3.3,12756
16,2014-09-12,13.2068,13.2068,25.2429,3.96,12768
16,2014-10-01,10.7311,10.7311,18.1094,3.22,6213
16,2014-10-02,0.4789,0.4789,0.7894,0.14,350
16,2014-10-03,14.185,14.185,33.1032,4.26,13147
16,2014-10-04,17.751,17.751,23.4661,5.33,12132
16,2014-10-05,14.4483,14.4483,14.84,4.33,14099
16,2014-10-06,14.0274,14.0274,14.7528,4.21,14147
16,2014-10-07,13.4074,13.4074,17.4075,4.02,13427
16,2014-10-08,10.9893,10.9893,15.4167,3.3,10785
16,2014-10-09,11.3675,11.3675,16.7731,3.41,10885
16,2014-10-10,9.8103,9.8103,21.0888,2.94,10958
16,2014-10-11,8.9163,8.9163,14.6953,2.67,5347
16,2014-10-12,16.6055,16.6055,29.3439,4.98,12829
16,2014-11-01,16.9452,16.9452,47.7886,5.08,11328
16,2014-11-02,0.1177,0.1177,0.3492,0.04,104
16,2014-11-03,16.224,16.224,36.1162,4.87,13290
16,2014-11-04,16.1167,16.1167,43.9984,4.84,13593
16,2014-11-05,16.703,16.703,52.009,5.01,14198
16,2014-11-06,12.4314,12.4314,38.1987,3.73,14335
16,2014-11-07,14.1525,14.1525,38.4598,4.25,13865
16,2014-11-08,14.5978,14.5978,29.1648,4.38,10866
16,2014-11-09,12.2874,12.2874,32.1095,3.69,10895
16,2014-11-10,12.1617,12.1617,39.3566,3.65,10923
16,2014-11-11,15.7733,15.7733,29.5657,4.73,12818
16,2014-11-12,10.9261,10.9261,10.474,3.28,12830
16,2014-12-01,29.8533,29.8533,47.4746,8.96,11500
16,2014-12-02,0.922,0.922,4.9748,0.28,599
16,2014-12-03,20.8731,20.8731,23.8263,6.26,12962
16,2014-12-04,13.1,13.1,9.1755,3.93,13795
16,2014-12-05,17.6752,17.6752,16.3457,5.3,13981
16,2014-12-06,12.004,12.004,11.7288,3.6,14059
16,2014-12-07,17.221,17.221,17.08,5.17,13948
16,2014-12-08,13.527,13.527,11.5642,4.06,10813
16,2014-12-09,8.4606,8.4606,17.9116,2.54,10815
16,2014-12-10,12.8263,12.8263,15.0536,3.85,10862
16,2014-12-11,19.877,19.877,19.4266,5.96,12839
16,2014-12-12,12.9151,12.9151,16.3983,3.87,12571
16,2015-01-01,21.855,21.855,9.2322,6.56,12732
17,2014-01-04,6.2876,6.2876,94.4188,1.89,13579
17,2014-01-05,6.0732,6.0732,75.8119,1.82,12490
17,2014-01-06,7.7807,7.7807,55.5595,2.33,11065
17,2014-01-07,6.138,6.138,51.7504,1.84,10431
17,2014-01-08,5.6814,5.6814,22.1803,1.7,7919
17,2014-01-09,5.1922,5.1922,37.3535,1.56,7706
17,2014-01-10,6.2975,6.2975,53.0928,1.89,10682
17,2014-01-11,15.743,15.743,60.7451,4.72,12249
17,2014-01-12,12.7129,12.7129,65.1197,3.81,12591
17,2014-02-04,4.5777,4.5777,55.5848,1.37,11536
17,2014-02-05,5.075,5.075,54.9022,1.52,12610
17,2014-02-06,7.4465,7.4465,58.342,2.23,12605
17,2014-02-07,8.931,8.931,48.9131,2.68,10549
17,2014-02-08,6.3804,6.3804,27.1716,1.91,5221
17,2014-02-09,7.35,7.35,52.6884,2.21,10810
17,2014-02-10,8.9076,8.9076,51.3539,2.67,10851
17,2014-02-11,10.0392,10.0392,61.8731,3.01,12812
17,2014-02-12,10.8219,10.8219,54.8781,3.25,12559
17,2014-03-04,5.6245,5.6245,77.7682,1.69,12560
17,2014-03-05,4.8719,4.8719,61.9112,1.46,12138
17,2014-03-06,9.4378,9.4378,68.448,2.83,12114
17,2014-03-07,7.1741,7.1741,58.8938,2.15,10454
17,2014-03-08,7.6884,7.6884,44.9588,2.31,9606
17,2014-03-09,6.5049,6.5049,50.6552,1.95,10769
17,2014-03-10,10.3559,10.3559,62.0031,3.11,10827
17,2014-03-11,13.3855,13.3855,79.7707,4.02,12795
17,2014-03-12,12.4906,12.4906,59.7986,3.75,12545
17,2014-04-04,4.3086,4.3086,50.3947,1.29,12746
17,2014-04-05,5.7575,5.7575,49.8322,1.73,12334
17,2014-04-06,7.5634,7.5634,69.9392,2.27,12960
17,2014-04-07,8.259,8.259,68.7448,2.48,11472
17,2014-04-08,7.1991,7.1991,46.2566,2.16,9846
17,2014-04-09,8.5791,8.5791,52.4011,2.57,11279
17,2014-04-10,11.3307,11.3307,51.5441,3.4,9973
17,2014-04-11,11.2404,11.2404,47.0624,3.37,12689
17,2014-04-12,9.9686,9.9686,44.6122,2.99,12654
17,2014-05-04,4.3895,4.3895,71.5223,1.32,14383
17,2014-05-05,4.7727,4.7727,66.8891,1.43,12033
17,2014-05-06,10.9604,10.9604,52.3083,3.29,12992
17,2014-05-07,9.5457,9.5457,44.1348,2.86,9791
17,2014-05-08,7.4985,7.4985,72.8749,2.25,12041
17,2014-05-09,9.1694,9.1694,81.9099,2.75,11447
17,2014-05-10,8.817,8.817,87.6958,2.65,10746
17,2014-05-11,10.0044,10.0044,92.9948,3.0,12677
17,2014-05-12,15.6105,15.6105,92.7639,4.68,12658
17,2014-06-03,4.751,4.751,14.6091,1.43,4567
17,2014-06-04,6.5666,6.5666,57.2457,1.97,14302
17,2014-06-05,5.4495,5.4495,51.0541,1.63,12954
17,2014-06-06,12.4873,12.4873,45.5583,3.75,12837
17,2014-06-07,7.4327,7.4327,41.0325,2.23,10752
17,2014-06-08,6.6326,6.6326,39.7016,1.99,9726
17,2014-06-09,8.5442,8.5442,43.5346,2.56,11179
17,2014-06-10,8.3869,8.3869,39.029,2.52,10816
17,2014-06-11,8.3899,8.3899,46.4637,2.52,12619
17,2014-06-12,16.9649,16.9649,41.1033,5.09,12569
17,2014-07-03,6.9361,6.9361,55.3128,2.08,14226
17,2014-07-04,7.8984,7.8984,76.8632,2.37,12260
17,2014-07-05,6.4551,6.4551,72.1042,1.94,12336
17,2014-07-06,7.7107,7.7107,59.4168,2.31,12402
17,2014-07-07,6.5962,6.5962,18.3046,1.98,9195
17,2014-07-08,7.189,7.189,33.9668,2.16,9455
17,2014-07-09,2.7695,2.7695,20.4907,0.83,4006
17,2014-07-10,7.3383,7.3383,35.6771,2.2,10829
17,2014-07-11,9.4084,9.4084,36.7132,2.82,12306
17,2014-07-12,12.8166,12.8166,51.1781,3.84,12567
17,2014-08-03,7.4635,7.4635,46.9152,2.24,14122
17,2014-08-04,4.5189,4.5189,37.1985,1.36,11710
17,2014-08-05,6.6762,6.6762,57.0002,2.0,12424
17,2014-08-06,10.2428,10.2428,42.6499,3.07,12100
17,2014-08-07,8.1829,8.1829,46.4725,2.45,12978
17,2014-08-08,7.643,7.643,37.0785,2.29,10574
17,2014-08-09,9.013,9.013,39.3825,2.7,11474
17,2014-08-10,9.7284,9.7284,37.2912,2.92,10720
17,2014-08-11,9.458,9.458,43.847,2.84,12631
17,2014-08-12,12.601,12.601,39.5939,3.78,12572
17,2014-09-03,13.883,13.883,64.667,4.16,14350
17,2014-09-04,6.6551,6.6551,34.1502,2.0,11727
17,2014-09-05,7.4101,7.4101,68.4199,2.22,12583
17,2014-09-06,7.9812,7.9812,36.5368,2.39,13022
17,2014-09-07,6.8372,6.8372,37.0309,2.05,10577
17,2014-09-08,6.5497,6.5497,33.2511,1.96,9814
17,2014-09-09,9.0272,9.0272,40.752,2.71,12325
17,2014-09-10,8.6997,8.6997,32.6731,2.61,10704
17,2014-09-11,8.5609,8.5609,53.2637,2.57,12623
17,2014-09-12,9.4619,9.4619,43.8767,2.84,12539
17,2014-10-03,11.1753,11.1753,68.1784,3.35,14020
17,2014-10-04,5.4456,5.4456,53.1145,1.63,12151
17,2014-10-05,7.3636,7.3636,49.4256,2.21,12149
17,2014-10-06,9.2871,9.2871,29.0798,2.79,12251
17,2014-10-07,6.9892,6.9892,51.609,2.1,11405
17,2014-10-08,4.8499,4.8499,46.9426,1.45,9763
17,2014-10-09,6.0601,6.0601,71.5609,1.82,10999
17,2014-10-10,10.1908,10.1908,72.1676,3.06,10809
17,2014-10-11,5.5584,5.5584,38.9707,1.67,5197
17,2014-10-12,13.9034,13.9034,81.0697,4.17,12569
17,2014-11-03,7.6514,7.6514,51.1057,2.3,14263
17,2014-11-04,6.9602,6.9602,44.7581,2.09,12835
17,2014-11-05,10.1851,10.1851,44.3247,3.06,11650
17,2014-11-06,12.1388,12.1388,50.3244,3.64,11788
17,2014-11-07,8.2185,8.2185,42.9362,2.47,10146
17,2014-11-08,5.3457,5.3457,42.9984,1.6,12740
17,2014-11-09,8.6399,8.6399,39.5831,2.59,11113
17,2014-11-10,11.5674,11.5674,35.1016,3.47,10833
17,2014-11-11,11.4445,11.4445,34.5394,3.43,12573
17,2014-11-12,10.4214,10.4214,42.012,3.13,12592
17,2014-12-03,6.5927,6.5927,30.4793,1.98,13676
17,2014-12-04,5.8675,5.8675,60.0401,1.76,14178
17,2014-12-05,7.4878,7.4878,53.0471,2.25,13065
17,2014-12-06,12.5612,12.5612,29.8705,3.77,13507
17,2014-12-07,9.4061,9.4061,37.5478,2.82,10521
17,2014-12-08,7.1072,7.1072,17.7072,2.13,13755
17,2014-12-09,7.8684,7.8684,30.0948,2.36,10803
17,2014-12-10,9.0833,9.0833,42.5029,2.73,10791
17,2014-12-11,14.9875,14.9875,41.9079,4.5,12621
17,2014-12-12,7.959,7.959,45.2544,2.39,12522
17,2015-01-01,9.5465,9.5465,35.5418,2.86,12560
18,2014-01-04,21.6849,21.6849,75.1508,6.51,13631
18,2014-01-05,9.4576,9.4576,72.8183,2.84,11622
18,2014-01-06,8.3429,8.3429,45.191,2.5,8988
18,2014-01-07,9.0627,9.0627,52.8755,2.72,9747
18,2014-01-08,4.6107,4.6107,33.5524,1.38,6687
18,2014-01-09,9.4134,9.4134,23.7426,2.82,7692
18,2014-01-10,8.6772,8.6772,10.1863,2.6,10743
18,2014-01-11,3.9568,3.9568,6.5068,1.19,7540
18,2014-01-12,11.6715,11.6715,13.1714,3.5,12635
18,2014-02-04,11.454,11.454,11.8456,3.44,11834
18,2014-02-05,10.8373,10.8373,11.1194,3.25,11018
18,2014-02-06,15.4747,15.4747,13.5972,4.64,11870
18,2014-02-07,9.043,9.043,8.2239,2.71,9441
18,2014-02-08,2.2732,2.2732,3.3301,0.68,4154
18,2014-02-09,9.0182,9.0182,9.5034,2.71,10768
18,2014-02-10,9.5978,9.5978,9.9285,2.88,10840
18,2014-02-12,15.6107,15.6107,15.3113,4.68,12647
18,2014-03-04,11.7395,11.7395,14.9093,3.52,12669
18,2014-03-05,9.7848,9.7848,18.8438,2.94,9265
18,2014-03-06,10.5625,10.5625,32.1829,3.17,10845
18,2014-03-07,10.4152,10.4152,18.4938,3.12,9161
18,2014-03-08,4.9165,4.9165,17.2729,1.47,9014
18,2014-03-09,11.5558,11.5558,23.8333,3.47,10844
18,2014-03-10,10.9873,10.9873,23.4939,3.3,10804
18,2014-03-12,10.5299,10.5299,46.9931,3.16,12655
18,2014-04-04,10.6428,10.6428,15.2895,3.19,12845
18,2014-04-05,9.6644,9.6644,12.2218,2.9,9205
18,2014-04-06,12.1912,12.1912,17.4665,3.66,10433
18,2014-04-07,8.7327,8.7327,18.4573,2.62,9654
18,2014-04-08,4.5887,4.5887,21.9107,1.38,9369
18,2014-04-09,7.7591,7.7591,29.4268,2.33,10263
18,2014-04-10,10.2264,10.2264,36.3208,3.07,10424
18,2014-04-12,20.0265,20.0265,58.8617,6.01,12741
18,2014-05-04,21.5613,21.5613,98.021,6.47,14388
18,2014-05-05,8.8526,8.8526,47.0395,2.66,10337
18,2014-05-06,15.8545,15.8545,55.858,4.76,12562
18,2014-05-07,9.4782,9.4782,44.6574,2.84,9219
18,2014-05-08,7.438,7.438,51.3028,2.23,11004
18,2014-05-09,7.4124,7.4124,44.459,2.22,9816
18,2014-05-10,10.4775,10.4775,48.2609,3.14,10668
18,2014-05-11,3.4065,3.4065,16.1799,1.02,3845
18,2014-05-12,16.7073,16.7073,55.8626,5.01,12791
18,2014-06-04,12.7204,12.7204,56.3488,3.82,14332
18,2014-06-05,11.712,11.712,44.2274,3.51,12350
18,2014-06-06,10.1852,10.1852,41.0468,3.06,12517
18,2014-06-07,8.8753,8.8753,9.1178,2.66,9514
18,2014-06-08,5.2625,5.2625,7.9062,1.58,9649
18,2014-06-09,9.5077,9.5077,11.6132,2.85,10348
18,2014-06-10,10.9115,10.9115,11.2065,3.27,10793
18,2014-06-11,11.4375,11.4375,15.3069,3.43,12664
18,2014-06-12,19.3993,19.3993,19.7013,5.82,12864
18,2014-07-03,9.6712,9.6712,16.0379,2.9,7923
18,2014-07-04,13.9423,13.9423,22.6701,4.18,12203
18,2014-07-05,6.1427,6.1427,8.548,1.84,11097
18,2014-07-06,13.047,13.047,13.8489,3.91,14382
18,2014-07-07,9.465,9.465,9.2541,2.84,9365
18,2014-07-08,5.2781,5.2781,7.478,1.58,9263
18,2014-07-09,11.7784,11.7784,13.9251,3.53,13968
18,2014-07-10,9.7686,9.7686,10.2888,2.93,10779
18,2014-07-11,12.52,12.52,16.0428,3.76,12366
18,2014-07-12,18.1387,18.1387,22.6304,5.44,12801
18,2014-08-03,12.8028,12.8028,17.8412,3.84,14088
18,2014-08-04,9.8388,9.8388,10.29,2.95,11346
18,2014-08-05,5.7514,5.7514,8.5629,1.73,10927
18,2014-08-06,10.493,10.493,31.4702,3.15,14113
18,2014-08-07,10.9092,10.9092,55.9638,3.27,12650
18,2014-08-08,5.333,5.333,50.1591,1.6,10454
18,2014-08-09,8.9915,8.9915,51.4249,2.7,10704
18,2014-08-10,8.0841,8.0841,51.9057,2.43,10665
18,2014-08-11,10.5876,10.5876,60.7847,3.18,12684
18,2014-08-12,16.8191,16.8191,59.0555,5.05,12779
18,2014-09-03,15.2718,15.2718,32.2466,4.58,14378
18,2014-09-04,10.0407,10.0407,11.7912,3.01,11752
18,2014-09-05,5.9233,5.9233,11.1113,1.78,11038
18,2014-09-06,13.5601,13.5601,19.023,4.07,14032
18,2014-09-07,11.1931,11.1931,20.1526,3.36,9792
18,2014-09-08,5.2468,5.2468,17.7507,1.57,9310
18,2014-09-09,9.4526,9.4526,19.5015,2.84,10936
18,2014-09-10,5.6985,5.6985,17.2058,1.71,10768
18,2014-09-11,12.8039,12.8039,19.0989,3.84,12653
18,2014-09-12,11.3432,11.3432,14.3079,3.4,12766
18,2014-10-03,13.7531,13.7531,15.1119,4.13,14189
18,2014-10-04,12.1002,12.1002,11.8979,3.63,11446
18,2014-10-05,5.2004,5.2004,7.1244,1.56,9892
18,2014-10-06,11.3006,11.3006,11.0395,3.39,13682
18,2014-10-07,10.6581,10.6581,10.1586,3.2,10587
18,2014-10-08,4.6549,4.6549,6.8761,1.4,9251
18,2014-10-09,9.806,9.806,10.2938,2.94,9754
18,2014-10-10,5.7326,5.7326,9.2856,1.72,10792
18,2014-10-11,5.6942,5.6942,6.0768,1.71,5240
18,2014-10-12,10.4455,10.4455,15.603,3.13,12810
18,2014-11-03,11.9907,11.9907,23.9963,3.6,14166
18,2014-11-04,10.9796,10.9796,20.5087,3.29,12684
18,2014-11-05,4.7634,4.7634,16.0724,1.43,9192
18,2014-11-06,12.6084,12.6084,24.4177,3.78,11432
18,2014-11-07,10.407,10.407,10.3855,3.12,10207
18,2014-11-08,6.6523,6.6523,10.4279,2.0,12674
18,2014-11-09,8.1922,8.1922,8.4483,2.46,9476
18,2014-11-10,5.58,5.58,8.8834,1.67,10787
18,2014-11-11,15.0724,15.0724,16.8483,4.52,12670
18,2014-11-12,13.1478,13.1478,21.8551,3.94,12811
18,2014-12-03,12.4347,12.4347,29.0734,3.73,13635
18,2014-12-04,14.7329,14.7329,37.8348,4.42,14159
18,2014-12-05,6.4096,6.4096,36.6145,1.92,12521
18,2014-12-06,14.1114,14.1114,42.607,4.23,13004
18,2014-12-07,9.375,9.375,27.1263,2.81,9499
18,2014-12-08,6.7928,6.7928,29.0677,2.04,13387
18,2014-12-09,8.5119,8.5119,16.4091,2.55,8996
18,2014-12-10,5.3747,5.3747,12.8476,1.61,10710
18,2014-12-11,10.7592,10.7592,12.6774,3.23,12722
18,2014-12-12,10.381,10.381,21.8674,3.11,12751
18,2015-01-01,13.0163,13.0163,32.7871,3.9,12827
18,2015-01-02,4.7198,4.7198,81.0968,1.42,13023
19,2014-01-04,1.77,1.77,17.1537,0.53,3746
19,2014-01-05,6.8618,6.8618,54.1373,2.06,13807
19,2014-01-06,5.1978,5.1978,73.4748,1.56,13276
19,2014-01-07,4.7776,4.7776,50.885,1.43,11138
19,2014-01-08,4.5898,4.5898,48.8917,1.38,10202
19,2014-01-09,4.7864,4.7864,35.5751,1.44,7624
19,2014-01-10,5.5874,5.5874,47.7604,1.68,10556
19,2014-01-11,8.599,8.599,63.3845,2.58,11942
19,2014-01-12,8.647,8.647,58.7985,2.59,12512
19,2014-02-04,3.7732,3.7732,28.9682,1.13,4751
19,2014-02-05,7.7323,7.7323,77.3195,2.32,13598
19,2014-02-06,7.5221,7.5221,100.7628,2.26,13573
19,2014-02-07,6.0448,6.0448,86.1661,1.81,12043
19,2014-02-08,4.3487,4.3487,44.3529,1.3,7116
19,2014-02-09,5.8981,5.8981,65.2747,1.77,10658
19,2014-02-10,5.3459,5.3459,55.2824,1.6,10701
19,2014-02-11,11.0433,11.0433,56.9041,3.31,12449
19,2014-02-12,7.1199,7.1199,56.8584,2.14,12521
19,2014-03-04,7.3717,7.3717,48.8753,2.21,11802
19,2014-03-05,7.6499,7.6499,60.6898,2.29,13490
19,2014-03-06,9.3307,9.3307,80.047,2.8,13665
19,2014-03-07,5.6895,5.6895,61.8437,1.71,11871
19,2014-03-08,8.2355,8.2355,77.5165,2.47,14020
19,2014-03-09,5.4971,5.4971,69.7566,1.65,10679
19,2014-03-10,7.0495,7.0495,68.372,2.11,10682
19,2014-03-11,7.5422,7.5422,50.8228,2.26,12441
19,2014-03-12,7.1776,7.1776,56.4221,2.15,12518
19,2014-04-04,7.4075,7.4075,63.2083,2.22,12855
19,2014-04-05,9.2548,9.2548,64.4719,2.78,13664
19,2014-04-06,10.6937,10.6937,64.8154,3.21,13650
19,2014-04-07,5.8585,5.8585,52.5092,1.76,12530
19,2014-04-08,7.409,7.409,71.3033,2.22,13799
19,2014-04-09,7.2785,7.2785,71.064,2.18,12371
19,2014-04-10,7.9138,7.9138,43.8274,2.37,9848
19,2014-04-11,7.4202,7.4202,58.1032,2.23,12396
19,2014-04-12,8.5669,8.5669,48.86,2.57,12491
19,2014-05-04,8.1644,8.1644,63.5368,2.45,14343
19,2014-05-05,8.9578,8.9578,97.369,2.69,13345
19,2014-05-06,9.4368,9.4368,96.1101,2.83,13875
19,2014-05-07,4.9938,4.9938,56.2085,1.5,10633
19,2014-05-08,6.3395,6.3395,58.4054,1.9,13863
19,2014-05-09,5.7742,5.7742,84.4197,1.73,13818
19,2014-05-10,5.5351,5.5351,53.1369,1.66,10586
19,2014-05-11,9.5986,9.5986,63.2168,2.88,12429
19,2014-05-12,8.7454,8.7454,71.7532,2.62,12528
19,2014-06-03,4.2974,4.2974,23.6766,1.29,4494
19,2014-06-04,8.8848,8.8848,66.7484,2.67,14156
19,2014-06-05,6.4586,6.4586,68.6559,1.94,13402
19,2014-06-06,10.0689,10.0689,114.5198,3.02,14198
19,2014-06-07,5.6036,5.6036,119.488,1.68,11491
19,2014-06-08,4.0586,4.0586,125.43,1.22,12824
19,2014-06-09,4.3331,4.3331,101.1352,1.3,12291
19,2014-06-10,5.6359,5.6359,70.1072,1.69,10677
19,2014-06-11,7.1441,7.1441,55.8106,2.14,12523
19,2014-06-12,9.4315,9.4315,64.9339,2.83,12522
19,2014-07-03,7.7421,7.7421,80.5055,2.32,13644
19,2014-07-04,7.322,7.322,52.3542,2.2,11951
19,2014-07-05,6.3838,6.3838,55.4496,1.92,13379
19,2014-07-06,10.8201,10.8201,70.2305,3.25,14172
19,2014-07-07,5.3186,5.3186,58.8959,1.6,9432
19,2014-07-08,4.1047,4.1047,92.1838,1.23,12999
19,2014-07-09,1.2605,1.2605,38.4665,0.38,4198
19,2014-07-10,6.0477,6.0477,67.8704,1.81,10697
19,2014-07-11,8.9351,8.9351,59.3911,2.68,12227
19,2014-07-12,10.6326,10.6326,57.5834,3.19,12498
19,2014-08-03,9.6756,9.6756,63.2451,2.9,13900
19,2014-08-04,7.0003,7.0003,51.6403,2.1,10801
19,2014-08-05,6.7422,6.7422,80.0274,2.02,13473
19,2014-08-06,8.9571,8.9571,69.9305,2.69,14160
19,2014-08-07,7.0559,7.0559,75.4591,2.12,13229
19,2014-08-08,4.1301,4.1301,105.7926,1.24,13196
19,2014-08-09,7.6437,7.6437,101.7508,2.29,12306
19,2014-08-10,5.7297,5.7297,66.987,1.72,10596
19,2014-08-11,11.3785,11.3785,64.7943,3.41,12547
19,2014-08-12,8.0826,8.0826,52.6334,2.42,12466
19,2014-09-03,8.8103,8.8103,71.8276,2.64,14341
19,2014-09-04,6.501,6.501,73.7733,1.95,11692
19,2014-09-05,6.5274,6.5274,67.2591,1.96,13347
19,2014-09-06,7.0667,7.0667,60.7326,2.12,13912
19,2014-09-07,5.3983,5.3983,58.5981,1.62,11349
19,2014-09-08,4.0518,4.0518,56.5772,1.22,12872
19,2014-09-09,6.2903,6.2903,70.5352,1.89,13658
19,2014-09-10,6.7866,6.7866,83.2095,2.04,10392
19,2014-09-11,11.7448,11.7448,77.2993,3.52,12545
19,2014-09-12,7.5436,7.5436,53.6037,2.26,12431
19,2014-10-03,7.5985,7.5985,82.1642,2.28,13901
19,2014-10-04,5.8062,5.8062,77.3861,1.74,11329
19,2014-10-05,6.977,6.977,72.3493,2.09,13480
19,2014-10-06,6.1538,6.1538,84.7105,1.85,13771
19,2014-10-07,6.8043,6.8043,44.3246,2.04,11869
19,2014-10-08,4.0757,4.0757,60.3827,1.22,13035
19,2014-10-09,6.8672,6.8672,66.9007,2.06,13433
19,2014-10-10,7.0104,7.0104,50.3824,2.1,10713
19,2014-10-11,3.5083,3.5083,26.8767,1.05,5221
19,2014-10-12,6.7516,6.7516,56.1209,2.03,12477
19,2014-11-03,9.1697,9.1697,132.1941,2.75,13977
19,2014-11-04,8.7756,8.7756,125.3841,2.63,12894
19,2014-11-05,7.1211,7.1211,94.8926,2.14,13386
19,2014-11-06,7.1121,7.1121,62.8843,2.13,13948
19,2014-11-07,5.1477,5.1477,42.5527,1.54,11035
19,2014-11-08,4.2193,4.2193,94.3505,1.27,13701
19,2014-11-09,7.4883,7.4883,75.8781,2.25,13532
19,2014-11-10,8.2539,8.2539,35.9513,2.48,10674
19,2014-11-11,7.7895,7.7895,52.6439,2.34,12547
19,2014-11-12,8.4495,8.4495,68.3497,2.53,12443
19,2014-12-03,7.46,7.46,80.5659,2.24,13203
19,2014-12-04,7.587,7.587,62.0851,2.28,14031
19,2014-12-05,7.9447,7.9447,64.7846,2.38,13632
19,2014-12-06,7.0338,7.0338,68.5007,2.11,14268
19,2014-12-07,6.6383,6.6383,67.6908,1.99,11537
19,2014-12-08,7.476,7.476,100.5153,2.24,14274
19,2014-12-09,8.4591,8.4591,80.3888,2.54,13301
19,2014-12-10,8.2466,8.2466,42.7644,2.47,10544
19,2014-12-11,8.4455,8.4455,58.6649,2.53,12546
19,2014-12-12,7.5684,7.5684,63.2285,2.27,12422
19,2015-01-01,10.077,10.077,44.685,3.02,12539
20,2014-03-20,5.7911,5.7911,19.1808,1.74,7112
20,2014-03-21,12.1305,12.1305,45.7773,3.64,14145
20,2014-03-22,10.4436,10.4436,62.8787,3.13,14175
20,2014-03-23,9.9175,9.9175,78.8964,2.98,13951
20,2014-03-24,11.565,11.565,72.8184,3.47,14144
20,2014-03-25,10.6156,10.6156,44.815,3.18,14187
20,2014-03-26,8.7181,8.7181,47.5052,2.62,14232
20,2014-03-27,9.4871,9.4871,67.3254,2.85,14240
20,2014-03-28,6.9404,6.9404,48.9366,2.08,14155
20,2014-03-29,10.0799,10.0799,75.4751,3.02,14687
20,2014-03-30,12.4142,12.4142,81.0432,3.72,13750
20,2014-03-31,11.9117,11.9117,58.4297,3.57,12966
20,2014-04-01,8.4393,8.4393,27.7162,2.53,13487
20,2014-04-02,7.6863,7.6863,37.2862,2.31,11396
20,2014-04-03,6.6204,6.6204,49.7584,1.99,12665
20,2014-04-04,5.9566,5.9566,42.7467,1.79,13040
20,2014-04-05,8.0188,8.0188,54.6109,2.41,14387
20,2014-04-06,9.1546,9.1546,45.1557,2.75,14361
20,2014-04-07,11.7492,11.7492,41.5359,3.52,12748
20,2014-04-08,7.6294,7.6294,50.0963,2.29,12099
20,2014-04-09,6.7403,6.7403,46.5119,2.02,12174
20,2014-04-10,7.8551,7.8551,51.076,2.36,12087
20,2014-04-11,11.828,11.828,61.1192,3.55,12653
20,2014-04-12,8.3157,8.3157,55.8875,2.49,14185
20,2014-04-13,10.0923,10.0923,57.2869,3.03,14326
20,2014-04-14,12.3842,12.3842,53.8702,3.72,13125
20,2014-04-15,7.2857,7.2857,41.3552,2.19,12327
20,2014-04-16,8.0856,8.0856,43.1547,2.43,12524
20,2014-04-17,6.1746,6.1746,35.2469,1.85,10900
20,2014-04-18,5.7809,5.7809,31.7349,1.73,9511
20,2014-04-19,7.3485,7.3485,45.8408,2.2,9350
20,2014-04-20,6.713,6.713,33.4954,2.01,9314
20,2014-04-21,5.2857,5.2857,35.2762,1.59,9814
20,2014-04-22,10.8414,10.8414,47.081,3.25,11006
20,2014-04-23,7.3217,7.3217,61.5979,2.2,12191
20,2014-04-24,6.197,6.197,68.2412,1.86,11902
20,2014-04-25,10.7987,10.7987,63.724,3.24,12607
20,2014-04-26,5.7148,5.7148,45.4826,1.71,9930
20,2014-04-27,6.0483,6.0483,52.8059,1.81,9488
20,2014-04-28,9.9452,9.9452,53.4024,2.98,12454
20,2014-04-29,7.2125,7.2125,42.6988,2.16,12254
20,2014-04-30,8.3966,8.3966,57.7175,2.52,11579
20,2014-05-01,9.4129,9.4129,62.7696,2.82,11548
20,2014-05-02,4.5125,4.5125,75.9017,1.35,10780
20,2014-05-03,3.3304,3.3304,82.7871,1.0,9370
20,2014-05-04,3.4714,3.4714,96.8016,1.04,9552
20,2014-05-05,3.8081,3.8081,120.1957,1.14,10452
20,2014-05-06,4.5467,4.5467,167.8944,1.36,12344
20,2014-05-07,4.0946,4.0946,168.1051,1.23,11093
20,2014-05-08,4.9682,4.9682,144.901,1.49,10812
20,2014-05-09,10.9486,10.9486,116.6146,3.28,11197
20,2014-05-10,9.254,9.254,102.0384,2.78,10078
20,2014-05-11,5.0357,5.0357,102.5009,1.51,9642
20,2014-05-12,4.832,4.832,113.2372,1.45,12580
20,2014-05-13,5.1585,5.1585,119.6295,1.55,14070
20,2014-05-14,4.4626,4.4626,116.0984,1.34,12638
20,2014-05-15,4.45,4.45,132.8647,1.34,12569
20,2014-05-16,4.4821,4.4821,118.5383,1.34,10955
20,2014-05-17,4.4851,4.4851,67.1526,1.35,9117
20,2014-05-18,5.3938,5.3938,49.9682,1.62,9197
20,2014-05-19,6.121,6.121,56.0392,1.84,12576
20,2014-05-20,6.4663,6.4663,49.3513,1.94,13717
20,2014-05-21,5.5641,5.5641,40.4956,1.67,11826
20,2014-05-22,6.6678,6.6678,55.5254,2.0,12264
20,2014-05-23,4.8901,4.8901,51.0215,1.47,10631
20,2014-05-24,4.2613,4.2613,36.9192,1.28,9370
20,2014-05-25,4.5867,4.5867,39.2596,1.38,9411
20,2014-05-26,5.8576,5.8576,52.8451,1.76,11072
20,2014-05-27,11.9926,11.9926,55.6136,3.6,10458
20,2014-05-28,7.5808,7.5808,55.6443,2.27,11746
20,2014-05-29,6.552,6.552,70.3143,1.97,10421
20,2014-05-30,8.4231,8.4231,42.4491,2.53,11361
20,2014-05-31,4.4988,4.4988,53.1494,1.35,9800
20,2014-06-01,6.4419,6.4419,56.9947,1.93,8794
20,2014-06-02,9.8415,9.8415,54.7392,2.95,12004
20,2014-06-03,6.6391,6.6391,44.1107,1.99,10692
20,2014-06-04,7.6401,7.6401,43.2669,2.29,10442
20,2014-06-05,7.9917,7.9917,53.8677,2.4,12574
20,2014-06-06,9.5683,9.5683,58.0758,2.87,12477
20,2014-06-07,9.5991,9.5991,81.2058,2.88,14380
20,2014-06-08,8.6933,8.6933,85.375,2.61,14084
20,2014-06-09,11.7771,11.7771,43.401,3.53,14006
20,2014-06-10,8.9725,8.9725,57.7132,2.69,13014
20,2014-06-11,8.3597,8.3597,55.2118,2.51,11153
20,2014-06-12,9.1358,9.1358,58.5262,2.74,13025
20,2014-06-13,12.8569,12.8569,74.067,3.86,14058
20,2014-06-14,9.2534,9.2534,56.9104,2.78,13113
20,2014-06-15,9.0834,9.0834,47.4316,2.73,13283
20,2014-06-16,9.5402,9.5402,74.0489,2.86,11736
20,2014-06-17,8.4654,8.4654,57.8987,2.54,11673
20,2014-06-18,12.9015,12.9015,67.6337,3.87,14274
20,2014-06-19,8.7909,8.7909,77.3686,2.64,14160
20,2014-06-20,13.9558,13.9558,69.8342,4.19,13770
20,2014-06-21,5.774,5.774,50.3521,1.73,9828
20,2014-06-22,6.8978,6.8978,60.2023,2.07,9356
20,2014-06-23,8.72,8.72,60.2242,2.62,11150
20,2014-06-24,7.1526,7.1526,63.7025,2.15,12990
20,2014-06-25,6.9493,6.9493,109.5094,2.08,13925
20,2014-06-26,6.5002,6.5002,73.7779,1.95,11163
20,2014-06-27,8.5148,8.5148,63.4823,2.55,10877
20,2014-06-28,5.6086,5.6086,60.6842,1.68,9377
20,2014-06-29,6.8002,6.8002,59.372,2.04,9285
20,2014-06-30,10.7118,10.7118,53.4463,3.21,10793
20,2014-07-01,6.1498,6.1498,55.0255,1.84,9705
20,2014-07-02,5.9981,5.9981,60.4994,1.8,9009
20,2014-07-03,5.9757,5.9757,56.4364,1.79,9475
20,2014-07-04,7.859,7.859,50.4518,2.36,9938
20,2014-07-05,7.1464,7.1464,48.9045,2.14,9641
20,2014-07-06,5.9977,5.9977,54.1821,1.8,9632
20,2014-07-07,6.7488,6.7488,44.6858,2.02,9340
20,2014-07-08,7.4668,7.4668,56.7917,2.24,12532
20,2014-07-09,4.995,4.995,38.748,1.5,9638
20,2014-07-10,5.2145,5.2145,68.2383,1.56,10370
20,2014-07-11,5.323,5.323,75.5416,1.6,10113
20,2014-07-12,5.0206,5.0206,67.6251,1.51,9337
20,2014-07-13,6.4844,6.4844,60.8677,1.95,8941
20,2014-07-14,10.7061,10.7061,65.5876,3.21,11460
20,2014-07-15,6.4448,6.4448,41.2083,1.93,9589
20,2014-07-16,6.6721,6.6721,55.0187,2.0,9312
20,2014-07-17,6.3329,6.3329,62.8239,1.9,10271
20,2014-07-18,8.6223,8.6223,52.0039,2.59,9403
20,2014-07-19,6.5904,6.5904,45.614,1.98,9475
20,2014-07-20,6.7378,6.7378,60.1374,2.02,8528
20,2014-07-21,7.8599,7.8599,50.5908,2.36,9846
20,2014-07-22,5.9676,5.9676,47.9854,1.79,9392
20,2014-07-23,5.5678,5.5678,57.2925,1.67,9236
20,2014-07-24,6.296,6.296,49.7899,1.89,9415
20,2014-07-25,8.6318,8.6318,56.1261,2.59,10081
20,2014-07-26,8.0611,8.0611,46.5882,2.42,10982
20,2014-07-27,8.7203,8.7203,53.9579,2.62,11415
20,2014-07-28,9.2733,9.2733,68.8973,2.78,11132
20,2014-07-29,6.9048,6.9048,40.5531,2.07,9471
20,2014-07-30,5.9545,5.9545,45.4716,1.79,9635
20,2014-07-31,5.7474,5.7474,72.9911,1.72,10388
20,2014-08-01,6.7961,6.7961,46.934,2.04,7776
20,2014-08-02,4.1912,4.1912,19.3202,1.26,5216
20,2014-08-03,7.9882,7.9882,57.2969,2.4,9662
20,2014-08-04,7.2591,7.2591,59.8332,2.18,9642
20,2014-08-05,6.8459,6.8459,61.6836,2.05,11248
20,2014-08-06,7.8541,7.8541,53.1136,2.36,10013
20,2014-08-07,6.1597,6.1597,69.9713,1.85,9519
20,2014-08-08,9.2593,9.2593,49.2708,2.78,10844
20,2014-08-09,6.2189,6.2189,41.4803,1.87,10526
20,2014-08-10,8.3265,8.3265,46.4336,2.5,10505
20,2014-08-11,10.4137,10.4137,64.2036,3.12,11600
20,2014-08-12,7.5793,7.5793,75.3792,2.27,11950
20,2014-08-13,6.4401,6.4401,54.8668,1.93,10411
20,2014-08-14,8.3473,8.3473,57.4057,2.5,10313
20,2014-08-15,8.6703,8.6703,55.7163,2.6,11247
20,2014-08-16,5.9938,5.9938,52.4132,1.8,10414
20,2014-08-17,6.7921,6.7921,62.3162,2.04,10310
20,2014-08-18,9.2272,9.2272,60.4598,2.77,12040
20,2014-08-19,6.9097,6.9097,89.2632,2.07,12516
20,2014-08-20,8.2268,8.2268,61.5591,2.47,10295
20,2014-08-21,5.564,5.564,64.9068,1.67,10342
20,2014-08-22,8.1509,8.1509,60.0024,2.45,9904
20,2014-08-23,6.0101,6.0101,34.9988,1.8,9523
20,2014-08-24,8.6681,8.6681,43.0273,2.6,9702
20,2014-08-25,8.9337,8.9337,43.0846,2.68,10558
20,2014-08-26,7.5606,7.5606,47.4547,2.27,10571
20,2014-08-27,4.7914,4.7914,53.5576,1.44,9770
20,2014-08-28,3.9332,3.9332,59.8842,1.18,9673
20,2014-08-29,3.7338,3.7338,60.1261,1.12,9396
20,2014-08-30,2.1267,2.1267,41.9196,0.64,6049
20,2014-08-31,0.5839,0.5839,18.122,0.18,2545
20,2014-09-01,3.0509,3.0509,59.6535,0.92,7796
20,2014-09-02,5.6619,5.6619,84.7723,1.7,10747
20,2014-09-03,9.9047,9.9047,62.3307,2.97,10821
20,2014-09-04,8.8388,8.8388,46.5854,2.65,10949
20,2014-09-05,7.9968,7.9968,46.6996,2.4,10026
20,2014-09-06,8.1318,8.1318,58.0089,2.44,10030
20,2014-09-07,15.5038,15.5038,77.1154,4.65,13920
20,2014-09-08,8.6239,8.6239,40.7191,2.59,10365
20,2014-09-09,7.5889,7.5889,62.3972,2.28,10869
20,2014-09-10,10.4144,10.4144,50.9688,3.12,9590
20,2014-09-11,7.6357,7.6357,45.0798,2.29,9159
20,2014-09-12,9.5232,9.5232,40.9374,2.86,8790
20,2014-09-13,8.6663,8.6663,40.0706,2.6,9017
20,2014-09-14,8.3231,8.3231,57.1035,2.5,8969
20,2014-09-15,8.6728,8.6728,43.0512,2.6,9274
20,2014-09-16,7.5035,7.5035,43.2406,2.25,9116
20,2014-09-17,7.6188,7.6188,46.2339,2.29,9240
20,2014-09-18,7.854,7.854,43.9081,2.36,9074
20,2014-09-19,8.5701,8.5701,36.1063,2.57,8743
20,2014-09-20,5.528,5.528,30.6233,1.66,9647
20,2014-09-21,8.6527,8.6527,53.4864,2.6,9516
20,2014-09-22,9.8576,9.8576,47.9928,2.96,9703
20,2014-09-23,8.2405,8.2405,38.8888,2.47,10217
20,2014-09-24,6.7114,6.7114,54.1326,2.01,10829
20,2014-09-25,8.8622,8.8622,51.3601,2.66,10550
20,2014-09-26,11.5031,11.5031,50.2468,3.45,10847
20,2014-09-27,9.245,9.245,51.0688,2.77,11656
20,2014-09-28,9.2999,9.2999,60.05,2.79,10761
20,2014-09-29,10.9422,10.9422,49.516,3.28,10941
20,2014-09-30,10.3017,10.3017,44.7688,3.09,12524
20,2014-10-01,8.4045,8.4045,34.4018,2.52,10750
20,2014-10-02,8.4777,8.4777,41.9788,2.54,10858
20,2014-10-03,8.756,8.756,46.6376,2.63,10842
20,2014-10-04,9.0499,9.0499,56.8008,2.71,10464
20,2014-10-05,8.1247,8.1247,45.6473,2.44,10680
20,2014-10-06,9.3889,9.3889,51.4723,2.82,10850
20,2014-10-07,8.5969,8.5969,44.137,2.58,10849
20,2014-10-08,7.6229,7.6229,46.7872,2.29,10765
20,2014-10-09,8.198,8.198,61.2062,2.46,10733
20,2014-10-10,8.2031,8.2031,51.9399,2.46,10852
20,2014-10-11,6.6557,6.6557,45.5774,2.0,10792
20,2014-10-12,9.662,9.662,60.4586,2.9,10750
20,2014-10-13,8.6808,8.6808,53.5871,2.6,11959
20,2014-10-14,8.5307,8.5307,37.9093,2.56,12718
20,2014-10-15,9.1289,9.1289,35.9394,2.74,12739
20,2014-10-16,9.2117,9.2117,51.2468,2.76,12729
20,2014-10-17,9.6363,9.6363,59.9064,2.89,12733
20,2014-10-18,9.4514,9.4514,64.2521,2.84,12758
20,2014-10-19,9.1452,9.1452,68.2493,2.74,12725
20,2014-10-20,10.3346,10.3346,59.9836,3.1,12775
20,2014-10-21,8.2081,8.2081,47.3264,2.46,12801
20,2014-10-22,6.9392,6.9392,53.2309,2.08,12745
20,2014-10-23,6.6301,6.6301,58.0917,1.99,12692
20,2014-10-24,6.8821,6.8821,70.2542,2.06,12558
20,2014-10-25,7.9665,7.9665,59.0054,2.39,12776
20,2014-10-26,8.6311,8.6311,53.1864,2.59,13268
20,2014-10-27,12.1509,12.1509,46.5027,3.65,11375
20,2014-10-28,6.2098,6.2098,15.2867,1.86,5435
20,2014-10-29,8.8838,8.8838,62.3224,2.67,12706
20,2014-10-30,8.3453,8.3453,81.4496,2.5,12760
20,2014-10-31,10.2577,10.2577,68.6941,3.08,12730
20,2014-11-01,8.9839,8.9839,52.5778,2.7,12236
20,2014-11-02,10.1839,10.1839,74.1685,3.06,12735
20,2014-11-03,13.0322,13.0322,58.9172,3.91,12747
20,2014-11-04,9.7834,9.7834,47.773,2.94,12678
20,2014-11-05,8.8612,8.8612,47.9043,2.66,12728
20,2014-11-06,10.0353,10.0353,41.668,3.01,12775
20,2014-11-07,10.3078,10.3078,44.755,3.09,12517
20,2014-11-08,11.0646,11.0646,58.4128,3.32,12857
20,2014-11-09,9.2556,9.2556,57.7749,2.78,12825
20,2014-11-10,5.9414,5.9414,31.5319,1.78,5292
20,2014-11-11,9.9244,9.9244,94.4611,2.98,12818
20,2014-11-12,9.4052,9.4052,76.1315,2.82,12821
20,2014-11-13,12.0701,12.0701,73.2642,3.62,12808
20,2014-11-14,10.3042,10.3042,63.1268,3.09,12821
20,2014-11-15,8.7704,8.7704,54.5294,2.63,12833
20,2014-11-16,11.7213,11.7213,95.1116,3.52,12828
20,2014-11-17,11.2363,11.2363,68.9908,3.37,12831
20,2014-11-18,9.622,9.622,68.4642,2.89,12812
20,2014-11-19,8.6755,8.6755,71.7898,2.6,12791
20,2014-11-20,10.7631,10.7631,72.9948,3.23,12845
20,2014-11-21,10.9239,10.9239,42.2655,3.28,12746
20,2014-11-22,8.926,8.926,45.012,2.68,12825
20,2014-11-23,11.0943,11.0943,43.9515,3.33,12819
20,2014-11-24,13.5494,13.5494,49.5249,4.06,12888
20,2014-11-25,11.0389,11.0389,41.2232,3.31,12759
20,2014-11-26,9.9621,9.9621,45.6738,2.99,12827
20,2014-11-27,11.2939,11.2939,39.7761,3.39,12774
20,2014-11-28,12.9345,12.9345,53.8474,3.88,12826
20,2014-11-29,6.4308,6.4308,21.8211,1.93,12826
20,2014-11-30,5.6347,5.6347,16.1304,1.69,12797
20,2014-12-01,5.6005,5.6005,44.3737,1.68,12797
20,2014-12-02,6.8276,6.8276,58.1148,2.05,12788
20,2014-12-03,10.5205,10.5205,51.0948,3.16,12801
20,2014-12-04,8.1303,8.1303,64.5905,2.44,12838
20,2014-12-05,10.3816,10.3816,47.1474,3.11,12856
20,2014-12-06,9.2754,9.2754,67.196,2.78,12850
20,2014-12-07,10.8773,10.8773,33.3909,3.26,12858
20,2014-12-08,14.7128,14.7128,38.691,4.41,12815
20,2014-12-09,11.598,11.598,55.7748,3.48,12748
20,2014-12-10,6.6254,6.6254,75.7465,1.99,12761
20,2014-12-11,10.1187,10.1187,90.3566,3.04,12785
20,2014-12-12,10.3727,10.3727,58.4043,3.11,12715
20,2014-12-13,8.9137,8.9137,56.6939,2.67,12432
20,2014-12-14,11.1365,11.1365,70.7482,3.34,12498
20,2014-12-15,10.6869,10.6869,56.5096,3.21,12855
20,2014-12-16,8.2215,8.2215,49.3464,2.47,12666
20,2014-12-17,8.5192,8.5192,84.6865,2.56,12755
20,2014-12-18,3.2312,3.2312,49.6036,0.97,5624
20,2014-12-19,8.2169,8.2169,34.3061,2.47,7170
20,2014-12-20,11.9432,11.9432,59.9297,3.58,12866
20,2014-12-21,9.5712,9.5712,64.1766,2.87,12818
20,2014-12-22,12.2525,12.2525,70.7167,3.68,12797
20,2014-12-23,9.1992,9.1992,73.3509,2.76,12447
20,2014-12-24,9.9081,9.9081,106.1913,2.97,12854
20,2014-12-25,13.1519,13.1519,101.1985,3.95,12816
20,2014-12-26,14.5954,14.5954,69.6016,4.38,12803
20,2014-12-27,12.7955,12.7955,65.6721,3.84,12767
20,2014-12-28,12.9109,12.9109,70.4307,3.87,12788
20,2014-12-29,11.7232,11.7232,56.4985,3.52,12903
20,2014-12-30,10.3287,10.3287,51.6309,3.1,12891
20,2014-12-31,7.8312,7.8312,58.1894,2.35,12861
20,2015-01-01,11.8336,11.8336,72.0113,3.55,12839
20,2015-01-02,11.9432,11.9432,72.1011,3.58,12869
20,2015-01-03,13.0598,13.0598,46.7653,3.92,12841
20,2015-01-04,13.1454,13.1454,60.9837,3.94,12866
20,2015-01-05,12.0883,12.0883,75.8152,3.63,12841
20,2015-01-06,11.6328,11.6328,79.1403,3.49,12795
20,2015-01-07,9.6217,9.6217,46.6133,2.89,12474
20,2015-01-08,10.164,10.164,39.2629,3.05,12638
20,2015-01-09,13.0648,13.0648,61.7893,3.92,12711
20,2015-01-10,12.3381,12.3381,49.8169,3.7,12749
20,2015-01-11,11.5211,11.5211,68.8624,3.46,12653
20,2015-01-12,14.0247,14.0247,66.1692,4.21,12695
20,2015-01-13,8.2428,8.2428,42.6,2.47,12528
20,2015-01-14,10.2249,10.2249,49.449,3.07,12659
20,2015-01-15,10.2676,10.2676,51.7566,3.08,12643
20,2015-01-16,12.7048,12.7048,48.7865,3.81,12650
20,2015-01-17,10.0656,10.0656,67.6193,3.02,12604
20,2015-01-18,11.7145,11.7145,97.4933,3.51,12572
20,2015-01-19,13.9465,13.9465,51.6471,4.18,12643
20,2015-01-20,10.7024,10.7024,48.6588,3.21,12663
20,2015-01-21,7.7555,7.7555,45.6007,2.33,12688
20,2015-01-22,7.7404,7.7404,61.4642,2.32,12261
20,2015-01-23,11.7556,11.7556,59.4145,3.53,12956
20,2015-01-24,10.8162,10.8162,48.3232,3.24,12756
20,2015-01-25,14.7124,14.7124,45.7393,4.41,12759
20,2015-01-26,9.8206,9.8206,36.1172,2.95,12742
20,2015-01-27,10.6025,10.6025,51.8967,3.18,13381
20,2015-01-28,9.7646,9.7646,66.3042,2.93,13126
20,2015-01-29,8.5576,8.5576,56.9671,2.57,13153
20,2015-01-30,11.362,11.362,57.3865,3.41,12809
20,2015-01-31,9.1957,9.1957,54.3538,2.76,12955
20,2015-02-01,8.8691,8.8691,47.7484,2.66,12923
20,2015-02-02,13.5553,13.5553,69.5203,4.07,12949
20,2015-02-03,10.2113,10.2113,78.6874,3.06,12922
20,2015-02-04,8.4049,8.4049,78.1666,2.52,12919
20,2015-02-05,11.1654,11.1654,63.4075,3.35,12961
20,2015-02-06,9.938,9.938,54.7485,2.98,12752
20,2015-02-07,7.8572,7.8572,45.8777,2.36,12924
20,2015-02-08,10.6338,10.6338,62.9906,3.19,12761
20,2015-02-09,10.416,10.416,59.6892,3.12,12901
20,2015-02-10,9.4682,9.4682,48.9968,2.84,12897
20,2015-02-11,10.3053,10.3053,52.5868,3.09,12915
20,2015-02-12,9.4892,9.4892,59.7298,2.85,12843
20,2015-02-13,9.585,9.585,58.7484,2.88,12859
20,2015-02-14,6.5777,6.5777,32.5753,1.97,12856
20,2015-02-15,8.3341,8.3341,30.7,2.5,12665
20,2015-02-16,6.6704,6.6704,48.2658,2.0,12839
20,2015-02-17,7.0166,7.0166,54.3667,2.1,12845
20,2015-02-18,6.6997,6.6997,84.9243,2.01,12836
20,2015-02-19,7.421,7.421,63.5057,2.23,12820
20,2015-02-20,6.6791,6.6791,64.5628,2.0,12857
20,2015-02-21,7.8647,7.8647,58.5692,2.36,12888
20,2015-02-22,7.9378,7.9378,50.7536,2.38,12862
20,2015-02-23,8.0546,8.0546,15.2754,2.42,7213
21,2014-01-04,15.777,15.777,76.579,4.73,13576
21,2014-01-05,8.7237,8.7237,30.2113,2.62,11672
21,2014-01-06,16.9254,16.9254,23.2763,5.08,11575
21,2014-01-07,10.3824,10.3824,60.9132,3.11,9752
21,2014-01-08,9.0922,9.0922,19.0421,2.73,7678
21,2014-01-09,5.6641,5.6641,18.1156,1.7,7791
21,2014-01-10,9.507,9.507,45.8258,2.85,10799
21,2014-01-11,10.1162,10.1162,94.8664,3.03,12447
21,2014-01-12,6.7358,6.7358,92.4348,2.02,12775
21,2014-02-04,9.337,9.337,65.8915,2.8,11969
21,2014-02-05,9.9113,9.9113,41.3504,2.97,11091
21,2014-02-06,16.1661,16.1661,30.3987,4.85,12826
21,2014-02-07,10.8761,10.8761,42.4965,3.26,9405
21,2014-02-08,3.7055,3.7055,7.7807,1.11,5032
21,2014-02-09,10.649,10.649,14.6689,3.19,10916
21,2014-02-10,9.3838,9.3838,18.5255,2.82,10990
21,2014-02-11,13.2485,13.2485,50.8508,3.97,13003
21,2014-02-12,9.9781,9.9781,61.2294,2.99,12778
21,2014-03-04,7.6778,7.6778,58.0567,2.3,12815
21,2014-03-05,14.5176,14.5176,12.8405,4.36,9934
21,2014-03-06,11.8967,11.8967,67.3314,3.57,12426
21,2014-03-07,9.7732,9.7732,54.924,2.93,9437
21,2014-03-08,13.459,13.459,39.6386,4.04,11039
21,2014-03-09,8.5778,8.5778,20.4634,2.57,11003
21,2014-03-10,10.8203,10.8203,17.8263,3.25,10970
21,2014-03-11,15.7038,15.7038,31.4489,4.71,12996
21,2014-03-12,12.0336,12.0336,32.6478,3.61,12767
21,2014-04-04,7.6144,7.6144,66.6619,2.28,12874
21,2014-04-05,9.8099,9.8099,10.9694,2.94,10092
21,2014-04-06,7.0969,7.0969,15.9904,2.13,11502
21,2014-04-07,10.7522,10.7522,39.8318,3.23,9853
21,2014-04-08,11.3046,11.3046,20.9308,3.39,10802
21,2014-04-09,7.3107,7.3107,19.3712,2.19,10896
21,2014-04-10,5.308,5.308,21.6825,1.59,10142
21,2014-04-11,13.544,13.544,47.5022,4.06,12786
21,2014-04-12,7.6129,7.6129,101.6273,2.28,12845
21,2014-05-04,11.2396,11.2396,77.6525,3.37,14339
21,2014-05-05,12.353,12.353,9.5038,3.71,10703
21,2014-05-06,16.3431,16.3431,37.5276,4.9,12542
21,2014-05-07,9.6985,9.6985,38.4614,2.91,9284
21,2014-05-08,9.7018,9.7018,35.5862,2.91,11234
21,2014-05-09,11.4578,11.4578,34.2914,3.44,10843
21,2014-05-10,9.7407,9.7407,37.2258,2.92,10915
21,2014-05-11,11.1915,11.1915,60.5231,3.36,12917
21,2014-05-12,9.8949,9.8949,77.6883,2.97,12876
21,2014-06-04,17.897,17.897,113.3815,5.37,14329
21,2014-06-05,20.508,20.508,69.7069,6.15,12436
21,2014-06-06,16.931,16.931,42.832,5.08,11797
21,2014-06-07,9.8715,9.8715,31.6002,2.96,9932
21,2014-06-08,12.5258,12.5258,14.5935,3.76,11121
21,2014-06-09,5.9481,5.9481,39.1655,1.78,10683
21,2014-06-10,7.4014,7.4014,42.2679,2.22,10957
21,2014-06-11,10.267,10.267,39.3263,3.08,12830
21,2014-06-12,8.5332,8.5332,48.5938,2.56,12770
21,2014-07-03,6.1603,6.1603,18.2407,1.85,4462
21,2014-07-04,13.6473,13.6473,63.5133,4.09,12273
21,2014-07-05,12.7173,12.7173,66.085,3.82,11212
21,2014-07-06,10.0309,10.0309,68.8211,3.01,10913
21,2014-07-07,11.0034,11.0034,57.0026,3.3,9146
21,2014-07-08,10.9379,10.9379,46.4163,3.28,10592
21,2014-07-09,2.3847,2.3847,8.1815,0.72,3901
21,2014-07-10,9.3353,9.3353,20.6305,2.8,10911
21,2014-07-11,10.8993,10.8993,32.4129,3.27,12529
21,2014-07-12,16.1507,16.1507,53.0179,4.85,12701
21,2014-08-03,14.3512,14.3512,100.7387,4.31,14149
21,2014-08-04,16.0539,16.0539,61.7084,4.82,11365
21,2014-08-05,7.1059,7.1059,59.516,2.13,10973
21,2014-08-06,13.0899,13.0899,68.0623,3.93,10729
21,2014-08-07,13.2712,13.2712,51.4639,3.98,12652
21,2014-08-08,10.6195,10.6195,55.6982,3.19,11017
21,2014-08-09,15.4974,15.4974,22.2763,4.65,10660
21,2014-08-10,7.7166,7.7166,25.5096,2.31,10890
21,2014-08-11,12.1384,12.1384,83.8548,3.64,12879
21,2014-08-12,17.4224,17.4224,53.6421,5.23,12745
21,2014-09-03,19.636,19.636,67.3041,5.89,14351
21,2014-09-04,18.3103,18.3103,59.6529,5.49,11543
21,2014-09-05,14.3242,14.3242,27.3503,4.3,11651
21,2014-09-06,17.7633,17.7633,81.4179,5.33,12500
21,2014-09-07,13.0322,13.0322,36.7942,3.91,9598
21,2014-09-08,12.0992,12.0992,42.8271,3.63,10265
21,2014-09-09,11.5017,11.5017,43.8374,3.45,11492
21,2014-09-10,7.1556,7.1556,40.108,2.15,10876
21,2014-09-11,18.8295,18.8295,47.9074,5.65,12865
21,2014-09-12,8.3485,8.3485,29.7856,2.5,12713
21,2014-10-03,16.1658,16.1658,48.7974,4.85,14044
21,2014-10-04,12.963,12.963,46.9562,3.89,11995
21,2014-10-05,12.462,12.462,45.5065,3.74,10435
21,2014-10-06,19.1887,19.1887,79.6233,5.76,12482
21,2014-10-07,18.2063,18.2063,56.2856,5.46,10672
21,2014-10-08,6.9397,6.9397,58.0751,2.08,10153
21,2014-10-09,14.1311,14.1311,46.451,4.24,10942
21,2014-10-10,12.7973,12.7973,43.8148,3.84,10993
21,2014-10-11,5.5805,5.5805,16.1776,1.67,5308
21,2014-10-12,10.2244,10.2244,45.2411,3.07,12768
21,2014-11-03,15.3035,15.3035,106.6024,4.59,14220
21,2014-11-04,15.7853,15.7853,70.8655,4.74,12896
21,2014-11-05,10.9295,10.9295,58.7374,3.28,9974
21,2014-11-06,11.9483,11.9483,59.6299,3.58,11086
21,2014-11-07,9.0435,9.0435,32.5245,2.71,8842
21,2014-11-08,14.9389,14.9389,43.3743,4.48,11644
21,2014-11-09,11.082,11.082,38.0076,3.32,10787
21,2014-11-10,10.4472,10.4472,17.3429,3.13,11016
21,2014-11-11,9.929,9.929,23.9221,2.98,12831
21,2014-11-12,8.9648,8.9648,29.2836,2.69,12782
21,2014-12-03,10.8594,10.8594,56.0105,3.26,13729
21,2014-12-04,13.5405,13.5405,91.1135,4.06,14151
21,2014-12-05,15.2415,15.2415,63.8459,4.57,12411
21,2014-12-06,19.4446,19.4446,62.6362,5.83,13083
21,2014-12-07,12.5151,12.5151,58.2297,3.75,9362
21,2014-12-08,15.0833,15.0833,45.2059,4.53,12579
21,2014-12-09,9.0124,9.0124,33.4074,2.7,10000
21,2014-12-10,12.1011,12.1011,40.6547,3.63,10938
21,2014-12-11,15.8586,15.8586,37.9656,4.76,12891
21,2014-12-12,8.6785,8.6785,35.8393,2.6,12746
21,2015-01-02,14.8825,14.8825,44.7923,4.46,13014
