house,appliance_label,appliance_type,product_category,refit_column,current_avg_kwh_day,current_annual_kwh_est,current_cost_month_aud,current_cost_year_aud,recommended_store,recommended_product,recommended_brand,recommended_price_aud,recommended_annual_kwh,recommended_cost_month_aud,estimated_energy_saving_kwh_year,estimated_monthly_saving_aud,estimated_annual_saving_aud,payback_months,saving_score,energy_efficiency_score,affordability_score,payback_score,product_match_score,energy_rating,option_type,suitability_note,replacement_priority,product_recommendation,product_category_intel,benchmark_avg_kwh_day,benchmark_median_kwh_day,benchmark_avg_cost_month_aud,usage_percentile_vs_similar_houses,above_similar_house_avg_pct,intelligent_efficiency_class,recommendation_reason_codes,intelligent_recommendation_summary,balanced_intelligent_score,budget_user_score,eco_user_score,fast_payback_score,explainable_product_reason
1,Chest Freezer,Chest Freezer,freezer,Appliance2,0.13465,49.15,1.21,14.74,Kmart,Freezer Timer Reminder Plug,Generic,19.0,300.0,7.5,0.0,0.0,0.0,,0.0,0.0,0.9294,0.0,0.1394,Control,Cheapest,"Useful for monitoring, not replacing cold storage.",low,Consider Freezer Timer Reminder Plug from Kmart for Chest Freezer. Estimated saving: $0.00/month with about 0.0 kWh/year reduction.,freezer,1.02615,0.92847,9.235384615384616,15.4,-86.9,Average,peak-hour usage,"Chest Freezer is classified as Average. It is 86.9% below the REFIT similar-appliance average, with 863 detected events and 31.5% peak-hour activity.",0.2441,0.4896,0.0517,0.2823,"Matched because this appliance is average, peak-hour usage, and the option balances price, energy reduction, savings and payback."
1,Chest Freezer,Chest Freezer,freezer,Appliance2,0.13465,49.15,1.21,14.74,Kmart,Smart Plug With Timer,Generic,19.0,80.0,2.0,0.0,0.0,0.0,,0.0,0.0,0.9294,0.0,0.1394,Control,Cheapest,Low-cost way to reduce standby and schedule usage.,low,Consider Smart Plug With Timer from Kmart for Chest Freezer. Estimated saving: $0.00/month with about 0.0 kWh/year reduction.,freezer,1.02615,0.92847,9.235384615384616,15.4,-86.9,Average,peak-hour usage,"Chest Freezer is classified as Average. It is 86.9% below the REFIT similar-appliance average, with 863 detected events and 31.5% peak-hour activity.",0.2441,0.4896,0.0517,0.2823,"Matched because this appliance is average, peak-hour usage, and the option balances price, energy reduction, savings and payback."
1,Chest Freezer,Chest Freezer,freezer,Appliance2,0.13465,49.15,1.21,14.74,Bunnings,Timer Plug / Standby Saver,Arlec,24.0,75.0,1.88,0.0,0.0,0.0,,0.0,0.0,0.9124,0.0,0.1369,Control,Best Value,Useful for appliance groups and plug loads.,low,Consider Timer Plug / Standby Saver from Bunnings for Chest Freezer. Estimated saving: $0.00/month with about 0.0 kWh/year reduction.,freezer,1.02615,0.92847,9.235384615384616,15.4,-86.9,Average,peak-hour usage,"Chest Freezer is classified as Average. It is 86.9% below the REFIT similar-appliance average, with 863 detected events and 31.5% peak-hour activity.",0.2407,0.482,0.0517,0.2797,"Matched because this appliance is average, peak-hour usage, and the option balances price, energy reduction, savings and payback."
1,Chest Freezer,Chest Freezer,freezer,Appliance2,0.13465,49.15,1.21,14.74,JB Hi-Fi,Energy Monitoring Smart Plug,TP-Link Tapo,29.0,70.0,1.75,0.0,0.0,0.0,,0.0,0.0,0.8961,0.0,0.1344,Monitoring,Overall,Adds monitoring so recommendations can be updated later.,low,Consider Energy Monitoring Smart Plug from JB Hi-Fi for Chest Freezer. Estimated saving: $0.00/month with about 0.0 kWh/year reduction.,freezer,1.02615,0.92847,9.235384615384616,15.4,-86.9,Average,peak-hour usage,"Chest Freezer is classified as Average. It is 86.9% below the REFIT similar-appliance average, with 863 detected events and 31.5% peak-hour activity.",0.2375,0.4747,0.0517,0.2773,"Matched because this appliance is average, peak-hour usage, and the option balances price, energy reduction, savings and payback."
1,Chest Freezer,Chest Freezer,freezer,Appliance2,0.13465,49.15,1.21,14.74,Harvey Norman,Low Energy Chest Freezer,Haier,499.0,210.0,5.25,0.0,0.0,0.0,,0.0,0.0,0.3338,0.0,0.0501,Premium,Energy Wise,Chest freezer style can reduce energy loss.,low,Consider Low Energy Chest Freezer from Harvey Norman for Chest Freezer. Estimated saving: $0.00/month with about 0.0 kWh/year reduction.,freezer,1.02615,0.92847,9.235384615384616,15.4,-86.9,Average,peak-hour usage,"Chest Freezer is classified as Average. It is 86.9% below the REFIT similar-appliance average, with 863 detected events and 31.5% peak-hour activity.",0.125,0.2216,0.0517,0.1929,"Matched because this appliance is average, peak-hour usage, and the option balances price, energy reduction, savings and payback."
1,Chest Freezer,Chest Freezer,freezer,Appliance2,0.13465,49.15,1.21,14.74,The Good Guys,Efficient Upright Freezer,Westinghouse,849.0,250.0,6.25,0.0,0.0,0.0,,0.0,0.0,0.2275,0.0,0.0341,High,Best Value,Good for high continuous freezer loads.,low,Consider Efficient Upright Freezer from The Good Guys for Chest Freezer. Estimated saving: $0.00/month with about 0.0 kWh/year reduction.,freezer,1.02615,0.92847,9.235384615384616,15.4,-86.9,Average,peak-hour usage,"Chest Freezer is classified as Average. It is 86.9% below the REFIT similar-appliance average, with 863 detected events and 31.5% peak-hour activity.",0.1038,0.1738,0.0517,0.177,"Matched because this appliance is average, peak-hour usage, and the option balances price, energy reduction, savings and payback."
1,Computer Site,Computer Site,computer,Appliance7,0.05419,19.78,0.49,5.93,Kmart,Smart Plug With Timer,Generic,19.0,80.0,2.0,0.0,0.0,0.0,,0.0,0.0,0.9294,0.0,0.1394,Control,Cheapest,Low-cost way to reduce standby and schedule usage.,low,Consider Smart Plug With Timer from Kmart for Computer Site. Estimated saving: $0.00/month with about 0.0 kWh/year reduction.,computer,0.41818333333333335,0.179285,3.763888888888889,22.2,-87.0,Average,peak-hour usage,"Computer Site is classified as Average. It is 87.0% below the REFIT similar-appliance average, with 7 detected events and 25.4% peak-hour activity.",0.2509,0.4896,0.0619,0.2823,"Matched because this appliance is average, peak-hour usage, and the option balances price, energy reduction, savings and payback."
1,Computer Site,Computer Site,computer,Appliance7,0.05419,19.78,0.49,5.93,Bunnings,Timer Plug / Standby Saver,Arlec,24.0,75.0,1.88,0.0,0.0,0.0,,0.0,0.0,0.9124,0.0,0.1369,Control,Best Value,Useful for appliance groups and plug loads.,low,Consider Timer Plug / Standby Saver from Bunnings for Computer Site. Estimated saving: $0.00/month with about 0.0 kWh/year reduction.,computer,0.41818333333333335,0.179285,3.763888888888889,22.2,-87.0,Average,peak-hour usage,"Computer Site is classified as Average. It is 87.0% below the REFIT similar-appliance average, with 7 detected events and 25.4% peak-hour activity.",0.2475,0.482,0.0619,0.2797,"Matched because this appliance is average, peak-hour usage, and the option balances price, energy reduction, savings and payback."
1,Computer Site,Computer Site,computer,Appliance7,0.05419,19.78,0.49,5.93,JB Hi-Fi,Energy Monitoring Smart Plug,TP-Link Tapo,29.0,70.0,1.75,0.0,0.0,0.0,,0.0,0.0,0.8961,0.0,0.1344,Monitoring,Overall,Adds monitoring so recommendations can be updated later.,low,Consider Energy Monitoring Smart Plug from JB Hi-Fi for Computer Site. Estimated saving: $0.00/month with about 0.0 kWh/year reduction.,computer,0.41818333333333335,0.179285,3.763888888888889,22.2,-87.0,Average,peak-hour usage,"Computer Site is classified as Average. It is 87.0% below the REFIT similar-appliance average, with 7 detected events and 25.4% peak-hour activity.",0.2443,0.4747,0.0619,0.2773,"Matched because this appliance is average, peak-hour usage, and the option balances price, energy reduction, savings and payback."
1,Computer Site,Computer Site,computer,Appliance7,0.05419,19.78,0.49,5.93,Officeworks,Smart Standby Powerboard,Jackson,39.0,135.0,3.38,0.0,0.0,0.0,,0.0,0.0,0.8651,0.0,0.1298,Control,Best Value,"Reduces standby waste from monitors, printers and routers.",low,Consider Smart Standby Powerboard from Officeworks for Computer Site. Estimated saving: $0.00/month with about 0.0 kWh/year reduction.,computer,0.41818333333333335,0.179285,3.763888888888889,22.2,-87.0,Average,peak-hour usage,"Computer Site is classified as Average. It is 87.0% below the REFIT similar-appliance average, with 7 detected events and 25.4% peak-hour activity.",0.2381,0.4607,0.0619,0.2726,"Matched because this appliance is average, peak-hour usage, and the option balances price, energy reduction, savings and payback."
1,Computer Site,Computer Site,computer,Appliance7,0.05419,19.78,0.49,5.93,JB Hi-Fi,Energy Efficient Mini PC Setup,Generic,699.0,105.0,2.62,0.0,0.0,0.0,,0.0,0.0,0.2634,0.0,0.0395,High,Energy Wise,Lower-power option for desktop computer sites.,low,Consider Energy Efficient Mini PC Setup from JB Hi-Fi for Computer Site. Estimated saving: $0.00/month with about 0.0 kWh/year reduction.,computer,0.41818333333333335,0.179285,3.763888888888889,22.2,-87.0,Average,peak-hour usage,"Computer Site is classified as Average. It is 87.0% below the REFIT similar-appliance average, with 7 detected events and 25.4% peak-hour activity.",0.1177,0.19,0.0619,0.1824,"Matched because this appliance is average, peak-hour usage, and the option balances price, energy reduction, savings and payback."
1,Dishwasher,Dishwasher,washing machine,Appliance6,0.49155,179.42,4.42,53.82,Kmart,Smart Plug With Timer,Generic,19.0,80.0,2.0,99.42,2.42,29.09,7.84,0.5479,0.5541,0.9294,0.7538,0.6379,Control,Cheapest,Low-cost way to reduce standby and schedule usage.,high,Consider Smart Plug With Timer from Kmart for Dishwasher. Estimated saving: $2.42/month with about 99.4 kWh/year reduction.,washing machine,1.958721081081081,1.22083,17.62810810810811,21.6,-74.9,Average,peak-hour usage,"Dishwasher is classified as Average. It is 74.9% below the REFIT similar-appliance average, with 55 detected events and 27.9% peak-hour activity.",0.325,0.6091,0.1138,0.5191,"Matched because this appliance is average, peak-hour usage, and the option balances price, energy reduction, savings and payback."
1,Dishwasher,Dishwasher,washing machine,Appliance6,0.49155,179.42,4.42,53.82,Bunnings,Timer Plug / Standby Saver,Arlec,24.0,75.0,1.88,104.42,2.55,30.59,9.42,0.5762,0.582,0.9124,0.7182,0.6497,Control,Best Value,Useful for appliance groups and plug loads.,high,Consider Timer Plug / Standby Saver from Bunnings for Dishwasher. Estimated saving: $2.55/month with about 104.4 kWh/year reduction.,washing machine,1.958721081081081,1.22083,17.62810810810811,21.6,-74.9,Average,peak-hour usage,"Dishwasher is classified as Average. It is 74.9% below the REFIT similar-appliance average, with 55 detected events and 27.9% peak-hour activity.",0.3164,0.5926,0.1106,0.4989,"Matched because this appliance is average, peak-hour usage, and the option balances price, energy reduction, savings and payback."
1,Dishwasher,Dishwasher,washing machine,Appliance6,0.49155,179.42,4.42,53.82,JB Hi-Fi,Energy Monitoring Smart Plug,TP-Link Tapo,29.0,70.0,1.75,109.42,2.67,32.09,10.85,0.6044,0.6098,0.8961,0.6888,0.6624,Monitoring,Overall,Adds monitoring so recommendations can be updated later.,high,Consider Energy Monitoring Smart Plug from JB Hi-Fi for Dishwasher. Estimated saving: $2.67/month with about 109.4 kWh/year reduction.,washing machine,1.958721081081081,1.22083,17.62810810810811,21.6,-74.9,Average,peak-hour usage,"Dishwasher is classified as Average. It is 74.9% below the REFIT similar-appliance average, with 55 detected events and 27.9% peak-hour activity.",0.309,0.578,0.1079,0.4818,"Matched because this appliance is average, peak-hour usage, and the option balances price, energy reduction, savings and payback."
1,Dishwasher,Dishwasher,washing machine,Appliance6,0.49155,179.42,4.42,53.82,Big W,Laundry Smart Timer Plug,Generic,29.0,180.0,4.5,0.0,0.0,0.0,,0.0,0.0,0.8961,0.0,0.1344,Control,Cheapest,Low-cost option to shift laundry away from peak hours.,low,Consider Laundry Smart Timer Plug from Big W for Dishwasher. Estimated saving: $0.00/month with about 0.0 kWh/year reduction.,washing machine,1.958721081081081,1.22083,17.62810810810811,21.6,-74.9,Average,peak-hour usage,"Dishwasher is classified as Average. It is 74.9% below the REFIT similar-appliance average, with 55 detected events and 27.9% peak-hour activity.",0.2437,0.4747,0.061,0.2773,"Matched because this appliance is average, peak-hour usage, and the option balances price, energy reduction, savings and payback."
1,Dishwasher,Dishwasher,washing machine,Appliance6,0.49155,179.42,4.42,53.82,JB Hi-Fi,Inverter Front Loader,LG,799.0,145.0,3.62,34.42,0.8,9.59,1000.04,0.1806,0.1918,0.2383,0.0234,0.1691,High,Best Value,Good value inverter option for repeated laundry use.,medium,Consider Inverter Front Loader from JB Hi-Fi for Dishwasher. Estimated saving: $0.80/month with about 34.4 kWh/year reduction.,washing machine,1.958721081081081,1.22083,17.62810810810811,21.6,-74.9,Average,peak-hour usage,"Dishwasher is classified as Average. It is 74.9% below the REFIT similar-appliance average, with 55 detected events and 27.9% peak-hour activity.",0.0743,0.1139,0.0368,0.0484,"Matched because this appliance is average, peak-hour usage, and the option balances price, energy reduction, savings and payback."
1,Dishwasher,Dishwasher,washing machine,Appliance6,0.49155,179.42,4.42,53.82,The Good Guys,Front Load Washing Machine,Bosch,849.0,135.0,3.38,44.42,1.05,12.59,809.37,0.2371,0.2476,0.2275,0.0288,0.2076,Premium,Energy Wise,Front loaders are suited to lower water and energy use.,medium,Consider Front Load Washing Machine from The Good Guys for Dishwasher. Estimated saving: $1.05/month with about 44.4 kWh/year reduction.,washing machine,1.958721081081081,1.22083,17.62810810810811,21.6,-74.9,Average,peak-hour usage,"Dishwasher is classified as Average. It is 74.9% below the REFIT similar-appliance average, with 55 detected events and 27.9% peak-hour activity.",0.0734,0.1106,0.038,0.0497,"Matched because this appliance is average, peak-hour usage, and the option balances price, energy reduction, savings and payback."
1,Electric Heater,Electric Heater,heater,Appliance9,0.19931,72.75,1.79,21.82,Kmart,Smart Plug With Timer,Generic,19.0,80.0,2.0,0.0,0.0,0.0,,0.0,0.0,0.9294,0.0,0.1394,Control,Cheapest,Low-cost way to reduce standby and schedule usage.,low,Consider Smart Plug With Timer from Kmart for Electric Heater. Estimated saving: $0.00/month with about 0.0 kWh/year reduction.,heater,4.664432,1.54766,41.977999999999994,20.0,-95.7,Efficient,normal usage pattern,"Electric Heater is classified as Efficient. It is 95.7% below the REFIT similar-appliance average, with 177 detected events and 0.0% peak-hour activity.",0.2487,0.4896,0.0586,0.2823,"Matched because this appliance is efficient, normal usage pattern, and the option balances price, energy reduction, savings and payback."
1,Electric Heater,Electric Heater,heater,Appliance9,0.19931,72.75,1.79,21.82,Bunnings,Programmable Heater Timer,Arlec,24.0,420.0,10.5,0.0,0.0,0.0,,0.0,0.0,0.9124,0.0,0.1369,Control,Cheapest,Helps avoid heater running outside needed hours.,low,Consider Programmable Heater Timer from Bunnings for Electric Heater. Estimated saving: $0.00/month with about 0.0 kWh/year reduction.,heater,4.664432,1.54766,41.977999999999994,20.0,-95.7,Efficient,normal usage pattern,"Electric Heater is classified as Efficient. It is 95.7% below the REFIT similar-appliance average, with 177 detected events and 0.0% peak-hour activity.",0.2453,0.482,0.0586,0.2797,"Matched because this appliance is efficient, normal usage pattern, and the option balances price, energy reduction, savings and payback."
1,Electric Heater,Electric Heater,heater,Appliance9,0.19931,72.75,1.79,21.82,Bunnings,Timer Plug / Standby Saver,Arlec,24.0,75.0,1.88,0.0,0.0,0.0,,0.0,0.0,0.9124,0.0,0.1369,Control,Best Value,Useful for appliance groups and plug loads.,low,Consider Timer Plug / Standby Saver from Bunnings for Electric Heater. Estimated saving: $0.00/month with about 0.0 kWh/year reduction.,heater,4.664432,1.54766,41.977999999999994,20.0,-95.7,Efficient,normal usage pattern,"Electric Heater is classified as Efficient. It is 95.7% below the REFIT similar-appliance average, with 177 detected events and 0.0% peak-hour activity.",0.2453,0.482,0.0586,0.2797,"Matched because this appliance is efficient, normal usage pattern, and the option balances price, energy reduction, savings and payback."
1,Electric Heater,Electric Heater,heater,Appliance9,0.19931,72.75,1.79,21.82,JB Hi-Fi,Energy Monitoring Smart Plug,TP-Link Tapo,29.0,70.0,1.75,2.75,0.04,0.53,662.3,0.0244,0.0378,0.8961,0.035,0.1608,Monitoring,Overall,Adds monitoring so recommendations can be updated later.,low,Consider Energy Monitoring Smart Plug from JB Hi-Fi for Electric Heater. Estimated saving: $0.04/month with about 2.7 kWh/year reduction.,heater,4.664432,1.54766,41.977999999999994,20.0,-95.7,Efficient,normal usage pattern,"Electric Heater is classified as Efficient. It is 95.7% below the REFIT similar-appliance average, with 177 detected events and 0.0% peak-hour activity.",0.2046,0.412,0.0336,0.1519,"Matched because this appliance is efficient, normal usage pattern, and the option balances price, energy reduction, savings and payback."
1,Electric Heater,Electric Heater,heater,Appliance9,0.19931,72.75,1.79,21.82,Big W,Timer Controlled Heater,Dimplex,129.0,360.0,9.0,0.0,0.0,0.0,,0.0,0.0,0.6596,0.0,0.0989,High,Best Value,Timer function supports behaviour-based saving.,low,Consider Timer Controlled Heater from Big W for Electric Heater. Estimated saving: $0.00/month with about 0.0 kWh/year reduction.,heater,4.664432,1.54766,41.977999999999994,20.0,-95.7,Efficient,normal usage pattern,"Electric Heater is classified as Efficient. It is 95.7% below the REFIT similar-appliance average, with 177 detected events and 0.0% peak-hour activity.",0.1948,0.3683,0.0586,0.2418,"Matched because this appliance is efficient, normal usage pattern, and the option balances price, energy reduction, savings and payback."
1,Electric Heater,Electric Heater,heater,Appliance9,0.19931,72.75,1.79,21.82,Harvey Norman,Efficient Panel Heater,Noirot,349.0,300.0,7.5,0.0,0.0,0.0,,0.0,0.0,0.4174,0.0,0.0626,Premium,Energy Wise,Better for frequent heating periods.,low,Consider Efficient Panel Heater from Harvey Norman for Electric Heater. Estimated saving: $0.00/month with about 0.0 kWh/year reduction.,heater,4.664432,1.54766,41.977999999999994,20.0,-95.7,Efficient,normal usage pattern,"Electric Heater is classified as Efficient. It is 95.7% below the REFIT similar-appliance average, with 177 detected events and 0.0% peak-hour activity.",0.1463,0.2592,0.0586,0.2055,"Matched because this appliance is efficient, normal usage pattern, and the option balances price, energy reduction, savings and payback."
1,Fridge,Fridge,fridge,Appliance1,0.1444,52.7,1.3,15.81,Kmart,Smart Plug With Timer,Generic,19.0,80.0,2.0,0.0,0.0,0.0,,0.0,0.0,0.9294,0.0,0.1394,Control,Cheapest,Low-cost way to reduce standby and schedule usage.,low,Consider Smart Plug With Timer from Kmart for Fridge. Estimated saving: $0.00/month with about 0.0 kWh/year reduction.,fridge,0.8247209090909091,0.62875,7.422727272727273,18.2,-82.5,Efficient,normal usage pattern,"Fridge is classified as Efficient. It is 82.5% below the REFIT similar-appliance average, with 177 detected events and 23.1% peak-hour activity.",0.2469,0.4896,0.0559,0.2823,"Matched because this appliance is efficient, normal usage pattern, and the option balances price, energy reduction, savings and payback."
1,Fridge,Fridge,fridge,Appliance1,0.1444,52.7,1.3,15.81,Bunnings,Timer Plug / Standby Saver,Arlec,24.0,75.0,1.88,0.0,0.0,0.0,,0.0,0.0,0.9124,0.0,0.1369,Control,Best Value,Useful for appliance groups and plug loads.,low,Consider Timer Plug / Standby Saver from Bunnings for Fridge. Estimated saving: $0.00/month with about 0.0 kWh/year reduction.,fridge,0.8247209090909091,0.62875,7.422727272727273,18.2,-82.5,Efficient,normal usage pattern,"Fridge is classified as Efficient. It is 82.5% below the REFIT similar-appliance average, with 177 detected events and 23.1% peak-hour activity.",0.2435,0.482,0.0559,0.2797,"Matched because this appliance is efficient, normal usage pattern, and the option balances price, energy reduction, savings and payback."
1,Fridge,Fridge,fridge,Appliance1,0.1444,52.7,1.3,15.81,JB Hi-Fi,Energy Monitoring Smart Plug,TP-Link Tapo,29.0,70.0,1.75,0.0,0.0,0.0,,0.0,0.0,0.8961,0.0,0.1344,Monitoring,Overall,Adds monitoring so recommendations can be updated later.,low,Consider Energy Monitoring Smart Plug from JB Hi-Fi for Fridge. Estimated saving: $0.00/month with about 0.0 kWh/year reduction.,fridge,0.8247209090909091,0.62875,7.422727272727273,18.2,-82.5,Efficient,normal usage pattern,"Fridge is classified as Efficient. It is 82.5% below the REFIT similar-appliance average, with 177 detected events and 23.1% peak-hour activity.",0.2403,0.4747,0.0559,0.2773,"Matched because this appliance is efficient, normal usage pattern, and the option balances price, energy reduction, savings and payback."
1,Fridge,Fridge,fridge,Appliance1,0.1444,52.7,1.3,15.81,JB Hi-Fi,Compact Efficient Fridge,CHiQ,449.0,285.0,7.12,0.0,0.0,0.0,,0.0,0.0,0.3577,0.0,0.0536,Standard,Cheapest,Lower upfront price for smaller households.,low,Consider Compact Efficient Fridge from JB Hi-Fi for Fridge. Estimated saving: $0.00/month with about 0.0 kWh/year reduction.,fridge,0.8247209090909091,0.62875,7.422727272727273,18.2,-82.5,Efficient,normal usage pattern,"Fridge is classified as Efficient. It is 82.5% below the REFIT similar-appliance average, with 177 detected events and 23.1% peak-hour activity.",0.1326,0.2324,0.0559,0.1965,"Matched because this appliance is efficient, normal usage pattern, and the option balances price, energy reduction, savings and payback."
1,Fridge,Fridge,fridge,Appliance1,0.1444,52.7,1.3,15.81,The Good Guys,Energy Efficient Fridge-Freezer,Hisense,699.0,260.0,6.5,0.0,0.0,0.0,,0.0,0.0,0.2634,0.0,0.0395,High,Best Value,Balanced replacement for continuous loads.,low,Consider Energy Efficient Fridge-Freezer from The Good Guys for Fridge. Estimated saving: $0.00/month with about 0.0 kWh/year reduction.,fridge,0.8247209090909091,0.62875,7.422727272727273,18.2,-82.5,Efficient,normal usage pattern,"Fridge is classified as Efficient. It is 82.5% below the REFIT similar-appliance average, with 177 detected events and 23.1% peak-hour activity.",0.1137,0.19,0.0559,0.1824,"Matched because this appliance is efficient, normal usage pattern, and the option balances price, energy reduction, savings and payback."
1,Fridge,Fridge,fridge,Appliance1,0.1444,52.7,1.3,15.81,Harvey Norman,Inverter Fridge-Freezer,Samsung,999.0,220.0,5.5,0.0,0.0,0.0,,0.0,0.0,0.2002,0.0,0.03,Premium,Energy Wise,Inverter compressor suited to always-on refrigeration.,low,Consider Inverter Fridge-Freezer from Harvey Norman for Fridge. Estimated saving: $0.00/month with about 0.0 kWh/year reduction.,fridge,0.8247209090909091,0.62875,7.422727272727273,18.2,-82.5,Efficient,normal usage pattern,"Fridge is classified as Efficient. It is 82.5% below the REFIT similar-appliance average, with 177 detected events and 23.1% peak-hour activity.",0.1011,0.1615,0.0559,0.1729,"Matched because this appliance is efficient, normal usage pattern, and the option balances price, energy reduction, savings and payback."
1,Television Site,Television Site,television,Appliance8,0.03711,13.55,0.33,4.06,Kmart,Standby Saver Powerboard,Generic,19.0,120.0,3.0,0.0,0.0,0.0,,0.0,0.0,0.9294,0.0,0.1394,Control,Cheapest,Useful where TV site has multiple standby devices.,low,Consider Standby Saver Powerboard from Kmart for Television Site. Estimated saving: $0.00/month with about 0.0 kWh/year reduction.,television,0.64669,0.36083,5.819047619047619,4.8,-94.3,Average,peak-hour usage,"Television Site is classified as Average. It is 94.3% below the REFIT similar-appliance average, with 108 detected events and 27.7% peak-hour activity.",0.2335,0.4896,0.0358,0.2823,"Matched because this appliance is average, peak-hour usage, and the option balances price, energy reduction, savings and payback."
1,Television Site,Television Site,television,Appliance8,0.03711,13.55,0.33,4.06,Kmart,Smart Plug With Timer,Generic,19.0,80.0,2.0,0.0,0.0,0.0,,0.0,0.0,0.9294,0.0,0.1394,Control,Cheapest,Low-cost way to reduce standby and schedule usage.,low,Consider Smart Plug With Timer from Kmart for Television Site. Estimated saving: $0.00/month with about 0.0 kWh/year reduction.,television,0.64669,0.36083,5.819047619047619,4.8,-94.3,Average,peak-hour usage,"Television Site is classified as Average. It is 94.3% below the REFIT similar-appliance average, with 108 detected events and 27.7% peak-hour activity.",0.2335,0.4896,0.0358,0.2823,"Matched because this appliance is average, peak-hour usage, and the option balances price, energy reduction, savings and payback."
1,Television Site,Television Site,television,Appliance8,0.03711,13.55,0.33,4.06,Bunnings,Timer Plug / Standby Saver,Arlec,24.0,75.0,1.88,0.0,0.0,0.0,,0.0,0.0,0.9124,0.0,0.1369,Control,Best Value,Useful for appliance groups and plug loads.,low,Consider Timer Plug / Standby Saver from Bunnings for Television Site. Estimated saving: $0.00/month with about 0.0 kWh/year reduction.,television,0.64669,0.36083,5.819047619047619,4.8,-94.3,Average,peak-hour usage,"Television Site is classified as Average. It is 94.3% below the REFIT similar-appliance average, with 108 detected events and 27.7% peak-hour activity.",0.2301,0.482,0.0358,0.2797,"Matched because this appliance is average, peak-hour usage, and the option balances price, energy reduction, savings and payback."
1,Television Site,Television Site,television,Appliance8,0.03711,13.55,0.33,4.06,JB Hi-Fi,Energy Monitoring Smart Plug,TP-Link Tapo,29.0,70.0,1.75,0.0,0.0,0.0,,0.0,0.0,0.8961,0.0,0.1344,Monitoring,Overall,Adds monitoring so recommendations can be updated later.,low,Consider Energy Monitoring Smart Plug from JB Hi-Fi for Television Site. Estimated saving: $0.00/month with about 0.0 kWh/year reduction.,television,0.64669,0.36083,5.819047619047619,4.8,-94.3,Average,peak-hour usage,"Television Site is classified as Average. It is 94.3% below the REFIT similar-appliance average, with 108 detected events and 27.7% peak-hour activity.",0.2269,0.4747,0.0358,0.2773,"Matched because this appliance is average, peak-hour usage, and the option balances price, energy reduction, savings and payback."
1,Television Site,Television Site,television,Appliance8,0.03711,13.55,0.33,4.06,JB Hi-Fi,Energy Efficient LED TV,TCL,599.0,95.0,2.38,0.0,0.0,0.0,,0.0,0.0,0.2945,0.0,0.0442,High,Best Value,LED replacement for high TV-site consumption.,low,Consider Energy Efficient LED TV from JB Hi-Fi for Television Site. Estimated saving: $0.00/month with about 0.0 kWh/year reduction.,television,0.64669,0.36083,5.819047619047619,4.8,-94.3,Average,peak-hour usage,"Television Site is classified as Average. It is 94.3% below the REFIT similar-appliance average, with 108 detected events and 27.7% peak-hour activity.",0.1065,0.2039,0.0358,0.187,"Matched because this appliance is average, peak-hour usage, and the option balances price, energy reduction, savings and payback."
1,Television Site,Television Site,television,Appliance8,0.03711,13.55,0.33,4.06,The Good Guys,Low Energy QLED TV,Samsung,899.0,80.0,2.0,0.0,0.0,0.0,,0.0,0.0,0.2176,0.0,0.0326,Premium,Energy Wise,Lower annual kWh for heavy TV use.,low,Consider Low Energy QLED TV from The Good Guys for Television Site. Estimated saving: $0.00/month with about 0.0 kWh/year reduction.,television,0.64669,0.36083,5.819047619047619,4.8,-94.3,Average,peak-hour usage,"Television Site is classified as Average. It is 94.3% below the REFIT similar-appliance average, with 108 detected events and 27.7% peak-hour activity.",0.0912,0.1693,0.0358,0.1755,"Matched because this appliance is average, peak-hour usage, and the option balances price, energy reduction, savings and payback."
1,Tumble Dryer,Tumble Dryer,generic,Appliance4,1.40455,512.66,12.64,153.8,Kmart,Smart Plug With Timer,Generic,19.0,80.0,2.0,432.66,10.64,127.69,1.79,0.8418,0.844,0.9294,0.9308,0.8689,Control,Cheapest,Low-cost way to reduce standby and schedule usage.,high,Consider Smart Plug With Timer from Kmart for Tumble Dryer. Estimated saving: $10.64/month with about 432.7 kWh/year reduction.,generic,3.5444526086956527,1.83936,31.899565217391302,47.8,-60.4,Efficient,normal usage pattern,"Tumble Dryer is classified as Efficient. It is 60.4% below the REFIT similar-appliance average, with 19 detected events and 24.2% peak-hour activity.",0.3926,0.6614,0.1911,0.617,"Matched because this appliance is efficient, normal usage pattern, and the option balances price, energy reduction, savings and payback."
1,Tumble Dryer,Tumble Dryer,generic,Appliance4,1.40455,512.66,12.64,153.8,Bunnings,Timer Plug / Standby Saver,Arlec,24.0,75.0,1.88,437.66,10.77,129.19,2.23,0.8517,0.8537,0.9124,0.915,0.8709,Control,Best Value,Useful for appliance groups and plug loads.,high,Consider Timer Plug / Standby Saver from Bunnings for Tumble Dryer. Estimated saving: $10.77/month with about 437.7 kWh/year reduction.,generic,3.5444526086956527,1.83936,31.899565217391302,47.8,-60.4,Efficient,normal usage pattern,"Tumble Dryer is classified as Efficient. It is 60.4% below the REFIT similar-appliance average, with 19 detected events and 24.2% peak-hour activity.",0.3871,0.65,0.1899,0.6068,"Matched because this appliance is efficient, normal usage pattern, and the option balances price, energy reduction, savings and payback."
1,Tumble Dryer,Tumble Dryer,generic,Appliance4,1.40455,512.66,12.64,153.8,JB Hi-Fi,Energy Monitoring Smart Plug,TP-Link Tapo,29.0,70.0,1.75,442.66,10.89,130.69,2.66,0.8616,0.8635,0.8961,0.9001,0.8731,Monitoring,Overall,Adds monitoring so recommendations can be updated later.,high,Consider Energy Monitoring Smart Plug from JB Hi-Fi for Tumble Dryer. Estimated saving: $10.89/month with about 442.7 kWh/year reduction.,generic,3.5444526086956527,1.83936,31.899565217391302,47.8,-60.4,Efficient,normal usage pattern,"Tumble Dryer is classified as Efficient. It is 60.4% below the REFIT similar-appliance average, with 19 detected events and 24.2% peak-hour activity.",0.3818,0.6391,0.1887,0.5971,"Matched because this appliance is efficient, normal usage pattern, and the option balances price, energy reduction, savings and payback."
1,Upright Freezer,Upright Freezer,freezer,Appliance3,0.14036,51.23,1.26,15.37,Kmart,Freezer Timer Reminder Plug,Generic,19.0,300.0,7.5,0.0,0.0,0.0,,0.0,0.0,0.9294,0.0,0.1394,Control,Cheapest,"Useful for monitoring, not replacing cold storage.",low,Consider Freezer Timer Reminder Plug from Kmart for Upright Freezer. Estimated saving: $0.00/month with about 0.0 kWh/year reduction.,freezer,1.02615,0.92847,9.235384615384616,23.1,-86.3,Efficient,normal usage pattern,"Upright Freezer is classified as Efficient. It is 86.3% below the REFIT similar-appliance average, with 734 detected events and 24.7% peak-hour activity.",0.2518,0.4896,0.0632,0.2823,"Matched because this appliance is efficient, normal usage pattern, and the option balances price, energy reduction, savings and payback."
1,Upright Freezer,Upright Freezer,freezer,Appliance3,0.14036,51.23,1.26,15.37,Kmart,Smart Plug With Timer,Generic,19.0,80.0,2.0,0.0,0.0,0.0,,0.0,0.0,0.9294,0.0,0.1394,Control,Cheapest,Low-cost way to reduce standby and schedule usage.,low,Consider Smart Plug With Timer from Kmart for Upright Freezer. Estimated saving: $0.00/month with about 0.0 kWh/year reduction.,freezer,1.02615,0.92847,9.235384615384616,23.1,-86.3,Efficient,normal usage pattern,"Upright Freezer is classified as Efficient. It is 86.3% below the REFIT similar-appliance average, with 734 detected events and 24.7% peak-hour activity.",0.2518,0.4896,0.0632,0.2823,"Matched because this appliance is efficient, normal usage pattern, and the option balances price, energy reduction, savings and payback."
1,Upright Freezer,Upright Freezer,freezer,Appliance3,0.14036,51.23,1.26,15.37,Bunnings,Timer Plug / Standby Saver,Arlec,24.0,75.0,1.88,0.0,0.0,0.0,,0.0,0.0,0.9124,0.0,0.1369,Control,Best Value,Useful for appliance groups and plug loads.,low,Consider Timer Plug / Standby Saver from Bunnings for Upright Freezer. Estimated saving: $0.00/month with about 0.0 kWh/year reduction.,freezer,1.02615,0.92847,9.235384615384616,23.1,-86.3,Efficient,normal usage pattern,"Upright Freezer is classified as Efficient. It is 86.3% below the REFIT similar-appliance average, with 734 detected events and 24.7% peak-hour activity.",0.2484,0.482,0.0632,0.2797,"Matched because this appliance is efficient, normal usage pattern, and the option balances price, energy reduction, savings and payback."
1,Upright Freezer,Upright Freezer,freezer,Appliance3,0.14036,51.23,1.26,15.37,JB Hi-Fi,Energy Monitoring Smart Plug,TP-Link Tapo,29.0,70.0,1.75,0.0,0.0,0.0,,0.0,0.0,0.8961,0.0,0.1344,Monitoring,Overall,Adds monitoring so recommendations can be updated later.,low,Consider Energy Monitoring Smart Plug from JB Hi-Fi for Upright Freezer. Estimated saving: $0.00/month with about 0.0 kWh/year reduction.,freezer,1.02615,0.92847,9.235384615384616,23.1,-86.3,Efficient,normal usage pattern,"Upright Freezer is classified as Efficient. It is 86.3% below the REFIT similar-appliance average, with 734 detected events and 24.7% peak-hour activity.",0.2452,0.4747,0.0632,0.2773,"Matched because this appliance is efficient, normal usage pattern, and the option balances price, energy reduction, savings and payback."
1,Upright Freezer,Upright Freezer,freezer,Appliance3,0.14036,51.23,1.26,15.37,Harvey Norman,Low Energy Chest Freezer,Haier,499.0,210.0,5.25,0.0,0.0,0.0,,0.0,0.0,0.3338,0.0,0.0501,Premium,Energy Wise,Chest freezer style can reduce energy loss.,low,Consider Low Energy Chest Freezer from Harvey Norman for Upright Freezer. Estimated saving: $0.00/month with about 0.0 kWh/year reduction.,freezer,1.02615,0.92847,9.235384615384616,23.1,-86.3,Efficient,normal usage pattern,"Upright Freezer is classified as Efficient. It is 86.3% below the REFIT similar-appliance average, with 734 detected events and 24.7% peak-hour activity.",0.1327,0.2216,0.0632,0.1929,"Matched because this appliance is efficient, normal usage pattern, and the option balances price, energy reduction, savings and payback."
1,Upright Freezer,Upright Freezer,freezer,Appliance3,0.14036,51.23,1.26,15.37,The Good Guys,Efficient Upright Freezer,Westinghouse,849.0,250.0,6.25,0.0,0.0,0.0,,0.0,0.0,0.2275,0.0,0.0341,High,Best Value,Good for high continuous freezer loads.,low,Consider Efficient Upright Freezer from The Good Guys for Upright Freezer. Estimated saving: $0.00/month with about 0.0 kWh/year reduction.,freezer,1.02615,0.92847,9.235384615384616,23.1,-86.3,Efficient,normal usage pattern,"Upright Freezer is classified as Efficient. It is 86.3% below the REFIT similar-appliance average, with 734 detected events and 24.7% peak-hour activity.",0.1115,0.1738,0.0632,0.177,"Matched because this appliance is efficient, normal usage pattern, and the option balances price, energy reduction, savings and payback."
1,Washing Machine,Washing Machine,washing machine,Appliance5,0.03658,13.35,0.33,4.01,Kmart,Smart Plug With Timer,Generic,19.0,80.0,2.0,0.0,0.0,0.0,,0.0,0.0,0.9294,0.0,0.1394,Control,Cheapest,Low-cost way to reduce standby and schedule usage.,low,Consider Smart Plug With Timer from Kmart for Washing Machine. Estimated saving: $0.00/month with about 0.0 kWh/year reduction.,washing machine,1.958721081081081,1.22083,17.62810810810811,2.7,-98.1,Average,peak-hour usage,"Washing Machine is classified as Average. It is 98.1% below the REFIT similar-appliance average, with 290 detected events and 25.4% peak-hour activity.",0.2314,0.4896,0.0326,0.2823,"Matched because this appliance is average, peak-hour usage, and the option balances price, energy reduction, savings and payback."
1,Washing Machine,Washing Machine,washing machine,Appliance5,0.03658,13.35,0.33,4.01,Bunnings,Timer Plug / Standby Saver,Arlec,24.0,75.0,1.88,0.0,0.0,0.0,,0.0,0.0,0.9124,0.0,0.1369,Control,Best Value,Useful for appliance groups and plug loads.,low,Consider Timer Plug / Standby Saver from Bunnings for Washing Machine. Estimated saving: $0.00/month with about 0.0 kWh/year reduction.,washing machine,1.958721081081081,1.22083,17.62810810810811,2.7,-98.1,Average,peak-hour usage,"Washing Machine is classified as Average. It is 98.1% below the REFIT similar-appliance average, with 290 detected events and 25.4% peak-hour activity.",0.228,0.482,0.0326,0.2797,"Matched because this appliance is average, peak-hour usage, and the option balances price, energy reduction, savings and payback."
1,Washing Machine,Washing Machine,washing machine,Appliance5,0.03658,13.35,0.33,4.01,Big W,Laundry Smart Timer Plug,Generic,29.0,180.0,4.5,0.0,0.0,0.0,,0.0,0.0,0.8961,0.0,0.1344,Control,Cheapest,Low-cost option to shift laundry away from peak hours.,low,Consider Laundry Smart Timer Plug from Big W for Washing Machine. Estimated saving: $0.00/month with about 0.0 kWh/year reduction.,washing machine,1.958721081081081,1.22083,17.62810810810811,2.7,-98.1,Average,peak-hour usage,"Washing Machine is classified as Average. It is 98.1% below the REFIT similar-appliance average, with 290 detected events and 25.4% peak-hour activity.",0.2248,0.4747,0.0326,0.2773,"Matched because this appliance is average, peak-hour usage, and the option balances price, energy reduction, savings and payback."
1,Washing Machine,Washing Machine,washing machine,Appliance5,0.03658,13.35,0.33,4.01,JB Hi-Fi,Energy Monitoring Smart Plug,TP-Link Tapo,29.0,70.0,1.75,0.0,0.0,0.0,,0.0,0.0,0.8961,0.0,0.1344,Monitoring,Overall,Adds monitoring so recommendations can be updated later.,low,Consider Energy Monitoring Smart Plug from JB Hi-Fi for Washing Machine. Estimated saving: $0.00/month with about 0.0 kWh/year reduction.,washing machine,1.958721081081081,1.22083,17.62810810810811,2.7,-98.1,Average,peak-hour usage,"Washing Machine is classified as Average. It is 98.1% below the REFIT similar-appliance average, with 290 detected events and 25.4% peak-hour activity.",0.2248,0.4747,0.0326,0.2773,"Matched because this appliance is average, peak-hour usage, and the option balances price, energy reduction, savings and payback."
1,Washing Machine,Washing Machine,washing machine,Appliance5,0.03658,13.35,0.33,4.01,JB Hi-Fi,Inverter Front Loader,LG,799.0,145.0,3.62,0.0,0.0,0.0,,0.0,0.0,0.2383,0.0,0.0357,High,Best Value,Good value inverter option for repeated laundry use.,low,Consider Inverter Front Loader from JB Hi-Fi for Washing Machine. Estimated saving: $0.00/month with about 0.0 kWh/year reduction.,washing machine,1.958721081081081,1.22083,17.62810810810811,2.7,-98.1,Average,peak-hour usage,"Washing Machine is classified as Average. It is 98.1% below the REFIT similar-appliance average, with 290 detected events and 25.4% peak-hour activity.",0.0932,0.1787,0.0326,0.1786,"Matched because this appliance is average, peak-hour usage, and the option balances price, energy reduction, savings and payback."
1,Washing Machine,Washing Machine,washing machine,Appliance5,0.03658,13.35,0.33,4.01,The Good Guys,Front Load Washing Machine,Bosch,849.0,135.0,3.38,0.0,0.0,0.0,,0.0,0.0,0.2275,0.0,0.0341,Premium,Energy Wise,Front loaders are suited to lower water and energy use.,low,Consider Front Load Washing Machine from The Good Guys for Washing Machine. Estimated saving: $0.00/month with about 0.0 kWh/year reduction.,washing machine,1.958721081081081,1.22083,17.62810810810811,2.7,-98.1,Average,peak-hour usage,"Washing Machine is classified as Average. It is 98.1% below the REFIT similar-appliance average, with 290 detected events and 25.4% peak-hour activity.",0.0911,0.1738,0.0326,0.177,"Matched because this appliance is average, peak-hour usage, and the option balances price, energy reduction, savings and payback."
2,Dishwasher,Dishwasher,washing machine,Appliance3,1.22083,445.6,10.99,133.68,Kmart,Smart Plug With Timer,Generic,19.0,80.0,2.0,365.6,8.99,107.85,2.11,0.818,0.8205,0.9294,0.919,0.8506,Control,Cheapest,Low-cost way to reduce standby and schedule usage.,high,Consider Smart Plug With Timer from Kmart for Dishwasher. Estimated saving: $8.99/month with about 365.6 kWh/year reduction.,washing machine,1.958721081081081,1.22083,17.62810810810811,51.4,-37.7,Average,peak-hour usage,"Dishwasher is classified as Average. It is 37.7% below the REFIT similar-appliance average, with 1521 detected events and 33.0% peak-hour activity.",0.3915,0.6569,0.1913,0.6094,"Matched because this appliance is average, peak-hour usage, and the option balances price, energy reduction, savings and payback."
2,Dishwasher,Dishwasher,washing machine,Appliance3,1.22083,445.6,10.99,133.68,Bunnings,Timer Plug / Standby Saver,Arlec,24.0,75.0,1.88,370.6,9.11,109.35,2.63,0.8294,0.8317,0.9124,0.9011,0.8533,Control,Best Value,Useful for appliance groups and plug loads.,high,Consider Timer Plug / Standby Saver from Bunnings for Dishwasher. Estimated saving: $9.11/month with about 370.6 kWh/year reduction.,washing machine,1.958721081081081,1.22083,17.62810810810811,51.4,-37.7,Average,peak-hour usage,"Dishwasher is classified as Average. It is 37.7% below the REFIT similar-appliance average, with 1521 detected events and 33.0% peak-hour activity.",0.3856,0.6449,0.1898,0.598,"Matched because this appliance is average, peak-hour usage, and the option balances price, energy reduction, savings and payback."
2,Dishwasher,Dishwasher,washing machine,Appliance3,1.22083,445.6,10.99,133.68,JB Hi-Fi,Energy Monitoring Smart Plug,TP-Link Tapo,29.0,70.0,1.75,375.6,9.24,110.85,3.14,0.8407,0.8429,0.8961,0.8843,0.8562,Monitoring,Overall,Adds monitoring so recommendations can be updated later.,high,Consider Energy Monitoring Smart Plug from JB Hi-Fi for Dishwasher. Estimated saving: $9.24/month with about 375.6 kWh/year reduction.,washing machine,1.958721081081081,1.22083,17.62810810810811,51.4,-37.7,Average,peak-hour usage,"Dishwasher is classified as Average. It is 37.7% below the REFIT similar-appliance average, with 1521 detected events and 33.0% peak-hour activity.",0.38,0.6335,0.1884,0.5872,"Matched because this appliance is average, peak-hour usage, and the option balances price, energy reduction, savings and payback."
2,Dishwasher,Dishwasher,washing machine,Appliance3,1.22083,445.6,10.99,133.68,Big W,Laundry Smart Timer Plug,Generic,29.0,180.0,4.5,265.6,6.49,77.85,4.47,0.5904,0.5961,0.8961,0.843,0.6758,Control,Cheapest,Low-cost option to shift laundry away from peak hours.,high,Consider Laundry Smart Timer Plug from Big W for Dishwasher. Estimated saving: $6.49/month with about 265.6 kWh/year reduction.,washing machine,1.958721081081081,1.22083,17.62810810810811,51.4,-37.7,Average,peak-hour usage,"Dishwasher is classified as Average. It is 37.7% below the REFIT similar-appliance average, with 1521 detected events and 33.0% peak-hour activity.",0.3689,0.6204,0.1776,0.5634,"Matched because this appliance is average, peak-hour usage, and the option balances price, energy reduction, savings and payback."
2,Dishwasher,Dishwasher,washing machine,Appliance3,1.22083,445.6,10.99,133.68,JB Hi-Fi,Inverter Front Loader,LG,799.0,145.0,3.62,300.6,7.36,88.35,108.52,0.6701,0.6746,0.2383,0.1811,0.5333,High,Best Value,Good value inverter option for repeated laundry use.,high,Consider Inverter Front Loader from JB Hi-Fi for Dishwasher. Estimated saving: $7.36/month with about 300.6 kWh/year reduction.,washing machine,1.958721081081081,1.22083,17.62810810810811,51.4,-37.7,Average,peak-hour usage,"Dishwasher is classified as Average. It is 37.7% below the REFIT similar-appliance average, with 1521 detected events and 33.0% peak-hour activity.",0.1396,0.1598,0.1135,0.1348,"Matched because this appliance is average, peak-hour usage, and the option balances price, energy reduction, savings and payback."
2,Dishwasher,Dishwasher,washing machine,Appliance3,1.22083,445.6,10.99,133.68,The Good Guys,Front Load Washing Machine,Bosch,849.0,135.0,3.38,310.6,7.61,91.35,111.53,0.6928,0.697,0.2275,0.1771,0.5469,Premium,Energy Wise,Front loaders are suited to lower water and energy use.,high,Consider Front Load Washing Machine from The Good Guys for Dishwasher. Estimated saving: $7.61/month with about 310.6 kWh/year reduction.,washing machine,1.958721081081081,1.22083,17.62810810810811,51.4,-37.7,Average,peak-hour usage,"Dishwasher is classified as Average. It is 37.7% below the REFIT similar-appliance average, with 1521 detected events and 33.0% peak-hour activity.",0.1373,0.1542,0.1137,0.1315,"Matched because this appliance is average, peak-hour usage, and the option balances price, energy reduction, savings and payback."
2,Fridge-Freezer,Fridge-Freezer,fridge,Appliance1,0.49365,180.18,4.44,54.05,Kmart,Smart Plug With Timer,Generic,19.0,80.0,2.0,100.18,2.44,29.31,7.78,0.5498,0.556,0.9294,0.7552,0.6394,Control,Cheapest,Low-cost way to reduce standby and schedule usage.,high,Consider Smart Plug With Timer from Kmart for Fridge-Freezer. Estimated saving: $2.44/month with about 100.2 kWh/year reduction.,fridge,0.8247209090909091,0.62875,7.422727272727273,36.4,-40.1,Average,"peak-hour usage, frequent usage","Fridge-Freezer is classified as Average. It is 40.1% below the REFIT similar-appliance average, with 1620 detected events and 28.9% peak-hour activity.",0.34,0.6094,0.1362,0.5198,"Matched because this appliance is average, peak-hour usage, frequent usage, and the option balances price, energy reduction, savings and payback."
2,Fridge-Freezer,Fridge-Freezer,fridge,Appliance1,0.49365,180.18,4.44,54.05,Bunnings,Timer Plug / Standby Saver,Arlec,24.0,75.0,1.88,105.18,2.57,30.81,9.35,0.578,0.5838,0.9124,0.7197,0.6511,Control,Best Value,Useful for appliance groups and plug loads.,high,Consider Timer Plug / Standby Saver from Bunnings for Fridge-Freezer. Estimated saving: $2.57/month with about 105.2 kWh/year reduction.,fridge,0.8247209090909091,0.62875,7.422727272727273,36.4,-40.1,Average,"peak-hour usage, frequent usage","Fridge-Freezer is classified as Average. It is 40.1% below the REFIT similar-appliance average, with 1620 detected events and 28.9% peak-hour activity.",0.3315,0.593,0.133,0.4997,"Matched because this appliance is average, peak-hour usage, frequent usage, and the option balances price, energy reduction, savings and payback."
2,Fridge-Freezer,Fridge-Freezer,fridge,Appliance1,0.49365,180.18,4.44,54.05,JB Hi-Fi,Energy Monitoring Smart Plug,TP-Link Tapo,29.0,70.0,1.75,110.18,2.69,32.31,10.77,0.6061,0.6115,0.8961,0.6903,0.6638,Monitoring,Overall,Adds monitoring so recommendations can be updated later.,high,Consider Energy Monitoring Smart Plug from JB Hi-Fi for Fridge-Freezer. Estimated saving: $2.69/month with about 110.2 kWh/year reduction.,fridge,0.8247209090909091,0.62875,7.422727272727273,36.4,-40.1,Average,"peak-hour usage, frequent usage","Fridge-Freezer is classified as Average. It is 40.1% below the REFIT similar-appliance average, with 1620 detected events and 28.9% peak-hour activity.",0.3241,0.5785,0.1303,0.4826,"Matched because this appliance is average, peak-hour usage, frequent usage, and the option balances price, energy reduction, savings and payback."
2,Fridge-Freezer,Fridge-Freezer,fridge,Appliance1,0.49365,180.18,4.44,54.05,JB Hi-Fi,Compact Efficient Fridge,CHiQ,449.0,285.0,7.12,0.0,0.0,0.0,,0.0,0.0,0.3577,0.0,0.0536,Standard,Cheapest,Lower upfront price for smaller households.,low,Consider Compact Efficient Fridge from JB Hi-Fi for Fridge-Freezer. Estimated saving: $0.00/month with about 0.0 kWh/year reduction.,fridge,0.8247209090909091,0.62875,7.422727272727273,36.4,-40.1,Average,"peak-hour usage, frequent usage","Fridge-Freezer is classified as Average. It is 40.1% below the REFIT similar-appliance average, with 1620 detected events and 28.9% peak-hour activity.",0.1508,0.2324,0.0832,0.1965,"Matched because this appliance is average, peak-hour usage, frequent usage, and the option balances price, energy reduction, savings and payback."
2,Fridge-Freezer,Fridge-Freezer,fridge,Appliance1,0.49365,180.18,4.44,54.05,The Good Guys,Energy Efficient Fridge-Freezer,Hisense,699.0,260.0,6.5,0.0,0.0,0.0,,0.0,0.0,0.2634,0.0,0.0395,High,Best Value,Balanced replacement for continuous loads.,low,Consider Energy Efficient Fridge-Freezer from The Good Guys for Fridge-Freezer. Estimated saving: $0.00/month with about 0.0 kWh/year reduction.,fridge,0.8247209090909091,0.62875,7.422727272727273,36.4,-40.1,Average,"peak-hour usage, frequent usage","Fridge-Freezer is classified as Average. It is 40.1% below the REFIT similar-appliance average, with 1620 detected events and 28.9% peak-hour activity.",0.1319,0.19,0.0832,0.1824,"Matched because this appliance is average, peak-hour usage, frequent usage, and the option balances price, energy reduction, savings and payback."
2,Fridge-Freezer,Fridge-Freezer,fridge,Appliance1,0.49365,180.18,4.44,54.05,Harvey Norman,Inverter Fridge-Freezer,Samsung,999.0,220.0,5.5,0.0,0.0,0.0,,0.0,0.0,0.2002,0.0,0.03,Premium,Energy Wise,Inverter compressor suited to always-on refrigeration.,low,Consider Inverter Fridge-Freezer from Harvey Norman for Fridge-Freezer. Estimated saving: $0.00/month with about 0.0 kWh/year reduction.,fridge,0.8247209090909091,0.62875,7.422727272727273,36.4,-40.1,Average,"peak-hour usage, frequent usage","Fridge-Freezer is classified as Average. It is 40.1% below the REFIT similar-appliance average, with 1620 detected events and 28.9% peak-hour activity.",0.1193,0.1615,0.0832,0.1729,"Matched because this appliance is average, peak-hour usage, frequent usage, and the option balances price, energy reduction, savings and payback."
2,Hi-Fi,Hi-Fi,computer,Appliance7,0.80963,295.52,7.29,88.65,Kmart,Smart Plug With Timer,Generic,19.0,80.0,2.0,215.52,5.29,63.44,3.59,0.7255,0.7293,0.9294,0.8698,0.7789,Control,Cheapest,Low-cost way to reduce standby and schedule usage.,high,Consider Smart Plug With Timer from Kmart for Hi-Fi. Estimated saving: $5.29/month with about 215.5 kWh/year reduction.,computer,0.41818333333333335,0.179285,3.763888888888889,83.3,93.6,Needs attention,"above similar-house benchmark, higher monthly cost","Hi-Fi is classified as Needs attention. It is 93.6% above the REFIT similar-appliance average, with 316 detected events and 22.9% peak-hour activity.",0.4093,0.6409,0.2251,0.5805,"Matched because this appliance is needs attention, above similar-house benchmark, higher monthly cost, and the option balances price, energy reduction, savings and payback."
2,Hi-Fi,Hi-Fi,computer,Appliance7,0.80963,295.52,7.29,88.65,Bunnings,Timer Plug / Standby Saver,Arlec,24.0,75.0,1.88,220.52,5.41,64.94,4.43,0.7427,0.7462,0.9124,0.844,0.7844,Control,Best Value,Useful for appliance groups and plug loads.,high,Consider Timer Plug / Standby Saver from Bunnings for Hi-Fi. Estimated saving: $5.41/month with about 220.5 kWh/year reduction.,computer,0.41818333333333335,0.179285,3.763888888888889,83.3,93.6,Needs attention,"above similar-house benchmark, higher monthly cost","Hi-Fi is classified as Needs attention. It is 93.6% above the REFIT similar-appliance average, with 316 detected events and 22.9% peak-hour activity.",0.4022,0.627,0.2228,0.5652,"Matched because this appliance is needs attention, above similar-house benchmark, higher monthly cost, and the option balances price, energy reduction, savings and payback."
2,Hi-Fi,Hi-Fi,computer,Appliance7,0.80963,295.52,7.29,88.65,JB Hi-Fi,Energy Monitoring Smart Plug,TP-Link Tapo,29.0,70.0,1.75,225.52,5.54,66.44,5.24,0.7598,0.7631,0.8961,0.8209,0.7904,Monitoring,Overall,Adds monitoring so recommendations can be updated later.,high,Consider Energy Monitoring Smart Plug from JB Hi-Fi for Hi-Fi. Estimated saving: $5.54/month with about 225.5 kWh/year reduction.,computer,0.41818333333333335,0.179285,3.763888888888889,83.3,93.6,Needs attention,"above similar-house benchmark, higher monthly cost","Hi-Fi is classified as Needs attention. It is 93.6% above the REFIT similar-appliance average, with 316 detected events and 22.9% peak-hour activity.",0.3957,0.6139,0.2208,0.5512,"Matched because this appliance is needs attention, above similar-house benchmark, higher monthly cost, and the option balances price, energy reduction, savings and payback."
2,Hi-Fi,Hi-Fi,computer,Appliance7,0.80963,295.52,7.29,88.65,Officeworks,Smart Standby Powerboard,Jackson,39.0,135.0,3.38,160.52,3.91,46.94,9.97,0.5368,0.5432,0.8651,0.7065,0.6134,Control,Best Value,"Reduces standby waste from monitors, printers and routers.",high,Consider Smart Standby Powerboard from Officeworks for Hi-Fi. Estimated saving: $3.91/month with about 160.5 kWh/year reduction.,computer,0.41818333333333335,0.179285,3.763888888888889,83.3,93.6,Needs attention,"above similar-house benchmark, higher monthly cost","Hi-Fi is classified as Needs attention. It is 93.6% above the REFIT similar-appliance average, with 316 detected events and 22.9% peak-hour activity.",0.3694,0.5698,0.2054,0.4875,"Matched because this appliance is needs attention, above similar-house benchmark, higher monthly cost, and the option balances price, energy reduction, savings and payback."
2,Hi-Fi,Hi-Fi,computer,Appliance7,0.80963,295.52,7.29,88.65,JB Hi-Fi,Energy Efficient Mini PC Setup,Generic,699.0,105.0,2.62,190.52,4.66,55.94,149.95,0.6398,0.6447,0.2634,0.138,0.5095,High,Energy Wise,Lower-power option for desktop computer sites.,high,Consider Energy Efficient Mini PC Setup from JB Hi-Fi for Hi-Fi. Estimated saving: $4.66/month with about 190.5 kWh/year reduction.,computer,0.41818333333333335,0.179285,3.763888888888889,83.3,93.6,Needs attention,"above similar-house benchmark, higher monthly cost","Hi-Fi is classified as Needs attention. It is 93.6% above the REFIT similar-appliance average, with 316 detected events and 22.9% peak-hour activity.",0.1652,0.1577,0.1503,0.1139,"Matched because this appliance is needs attention, above similar-house benchmark, higher monthly cost, and the option balances price, energy reduction, savings and payback."
2,Kettle,Kettle,kettle,Appliance8,18.59641,6787.69,167.37,2036.31,Kmart,Smart Plug With Timer,Generic,19.0,80.0,2.0,6707.69,165.37,1984.41,0.11,0.9881,0.9882,0.9294,0.9952,0.9804,Control,Cheapest,Low-cost way to reduce standby and schedule usage.,high,Consider Smart Plug With Timer from Kmart for Kettle. Estimated saving: $165.37/month with about 6707.7 kWh/year reduction.,kettle,16.07417125,13.334344999999999,144.66750000000002,62.5,15.7,Average,"frequent usage, higher monthly cost","Kettle is classified as Average. It is 15.7% above the REFIT similar-appliance average, with 1476 detected events and 24.0% peak-hour activity.",0.6978,0.8308,0.6026,0.8281,"Matched because this appliance is average, frequent usage, higher monthly cost, and the option balances price, energy reduction, savings and payback."
2,Kettle,Kettle,kettle,Appliance8,18.59641,6787.69,167.37,2036.31,Kmart,1.7L Auto-Off Kettle,Anko,25.0,32.0,0.8,6755.69,166.57,1998.81,0.15,0.9952,0.9953,0.9091,0.9938,0.9821,Efficient,Cheapest,Low-cost replacement with auto shut-off.,high,Consider 1.7L Auto-Off Kettle from Kmart for Kettle. Estimated saving: $166.57/month with about 6755.7 kWh/year reduction.,kettle,16.07417125,13.334344999999999,144.66750000000002,62.5,15.7,Average,"frequent usage, higher monthly cost","Kettle is classified as Average. It is 15.7% above the REFIT similar-appliance average, with 1476 detected events and 24.0% peak-hour activity.",0.6957,0.8224,0.6054,0.8256,"Matched because this appliance is average, frequent usage, higher monthly cost, and the option balances price, energy reduction, savings and payback."
2,Kettle,Kettle,kettle,Appliance8,18.59641,6787.69,167.37,2036.31,Bunnings,Timer Plug / Standby Saver,Arlec,24.0,75.0,1.88,6712.69,165.49,1985.91,0.15,0.9888,0.989,0.9124,0.994,0.9782,Control,Best Value,Useful for appliance groups and plug loads.,high,Consider Timer Plug / Standby Saver from Bunnings for Kettle. Estimated saving: $165.49/month with about 6712.7 kWh/year reduction.,kettle,16.07417125,13.334344999999999,144.66750000000002,62.5,15.7,Average,"frequent usage, higher monthly cost","Kettle is classified as Average. It is 15.7% above the REFIT similar-appliance average, with 1476 detected events and 24.0% peak-hour activity.",0.6944,0.8229,0.6027,0.8249,"Matched because this appliance is average, frequent usage, higher monthly cost, and the option balances price, energy reduction, savings and payback."
2,Kettle,Kettle,kettle,Appliance8,18.59641,6787.69,167.37,2036.31,JB Hi-Fi,Energy Monitoring Smart Plug,TP-Link Tapo,29.0,70.0,1.75,6717.69,165.62,1987.41,0.18,0.9895,0.9897,0.8961,0.9928,0.976,Monitoring,Overall,Adds monitoring so recommendations can be updated later.,high,Consider Energy Monitoring Smart Plug from JB Hi-Fi for Kettle. Estimated saving: $165.62/month with about 6717.7 kWh/year reduction.,kettle,16.07417125,13.334344999999999,144.66750000000002,62.5,15.7,Average,"frequent usage, higher monthly cost","Kettle is classified as Average. It is 15.7% above the REFIT similar-appliance average, with 1476 detected events and 24.0% peak-hour activity.",0.6912,0.8153,0.6029,0.822,"Matched because this appliance is average, frequent usage, higher monthly cost, and the option balances price, energy reduction, savings and payback."
2,Kettle,Kettle,kettle,Appliance8,18.59641,6787.69,167.37,2036.31,Big W,Energy Efficient Kettle,Russell Hobbs,49.0,28.0,0.7,6759.69,166.67,2000.01,0.29,0.9958,0.9959,0.8361,0.9879,0.9707,High,Best Value,Balanced price and energy use.,high,Consider Energy Efficient Kettle from Big W for Kettle. Estimated saving: $166.67/month with about 6759.7 kWh/year reduction.,kettle,16.07417125,13.334344999999999,144.66750000000002,62.5,15.7,Average,"frequent usage, higher monthly cost","Kettle is classified as Average. It is 15.7% above the REFIT similar-appliance average, with 1476 detected events and 24.0% peak-hour activity.",0.6804,0.7883,0.605,0.8119,"Matched because this appliance is average, frequent usage, higher monthly cost, and the option balances price, energy reduction, savings and payback."
2,Kettle,Kettle,kettle,Appliance8,18.59641,6787.69,167.37,2036.31,JB Hi-Fi,Smart Temperature Control Kettle,Breville,109.0,24.0,0.6,6763.69,166.77,2001.21,0.65,0.9964,0.9965,0.6964,0.9735,0.948,Premium,Energy Wise,Temperature control helps reduce repeated boiling.,high,Consider Smart Temperature Control Kettle from JB Hi-Fi for Kettle. Estimated saving: $166.77/month with about 6763.7 kWh/year reduction.,kettle,16.07417125,13.334344999999999,144.66750000000002,62.5,15.7,Average,"frequent usage, higher monthly cost","Kettle is classified as Average. It is 15.7% above the REFIT similar-appliance average, with 1476 detected events and 24.0% peak-hour activity.",0.6505,0.7219,0.6038,0.7839,"Matched because this appliance is average, frequent usage, higher monthly cost, and the option balances price, energy reduction, savings and payback."
2,Microwave,Microwave,microwave,Appliance5,4.56722,1667.03,41.1,500.11,Kmart,Smart Plug With Timer,Generic,19.0,80.0,2.0,1587.03,39.1,469.26,0.49,0.9513,0.952,0.9294,0.9802,0.9526,Control,Cheapest,Low-cost way to reduce standby and schedule usage.,high,Consider Smart Plug With Timer from Kmart for Microwave. Estimated saving: $39.10/month with about 1587.0 kWh/year reduction.,microwave,1.693406875,0.12358,15.23875,87.5,169.7,Needs attention,"above similar-house benchmark, frequent usage, higher monthly cost","Microwave is classified as Needs attention. It is 169.7% above the REFIT similar-appliance average, with 1308 detected events and 23.3% peak-hour activity.",0.4914,0.7019,0.3261,0.6746,"Matched because this appliance is needs attention, above similar-house benchmark, frequent usage, higher monthly cost, and the option balances price, energy reduction, savings and payback."
2,Microwave,Microwave,microwave,Appliance5,4.56722,1667.03,41.1,500.11,Bunnings,Timer Plug / Standby Saver,Arlec,24.0,75.0,1.88,1592.03,39.23,470.76,0.61,0.9544,0.955,0.9124,0.9751,0.9514,Control,Best Value,Useful for appliance groups and plug loads.,high,Consider Timer Plug / Standby Saver from Bunnings for Microwave. Estimated saving: $39.23/month with about 1592.0 kWh/year reduction.,microwave,1.693406875,0.12358,15.23875,87.5,169.7,Needs attention,"above similar-house benchmark, frequent usage, higher monthly cost","Microwave is classified as Needs attention. It is 169.7% above the REFIT similar-appliance average, with 1308 detected events and 23.3% peak-hour activity.",0.4875,0.6932,0.3259,0.6698,"Matched because this appliance is needs attention, above similar-house benchmark, frequent usage, higher monthly cost, and the option balances price, energy reduction, savings and payback."
2,Microwave,Microwave,microwave,Appliance5,4.56722,1667.03,41.1,500.11,JB Hi-Fi,Energy Monitoring Smart Plug,TP-Link Tapo,29.0,70.0,1.75,1597.03,39.35,472.26,0.74,0.9574,0.958,0.8961,0.9702,0.9503,Monitoring,Overall,Adds monitoring so recommendations can be updated later.,high,Consider Energy Monitoring Smart Plug from JB Hi-Fi for Microwave. Estimated saving: $39.35/month with about 1597.0 kWh/year reduction.,microwave,1.693406875,0.12358,15.23875,87.5,169.7,Needs attention,"above similar-house benchmark, frequent usage, higher monthly cost","Microwave is classified as Needs attention. It is 169.7% above the REFIT similar-appliance average, with 1308 detected events and 23.3% peak-hour activity.",0.4837,0.6847,0.3257,0.6649,"Matched because this appliance is needs attention, above similar-house benchmark, frequent usage, higher monthly cost, and the option balances price, energy reduction, savings and payback."
2,Microwave,Microwave,microwave,Appliance5,4.56722,1667.03,41.1,500.11,Kmart,Compact Microwave,Anko,99.0,96.0,2.4,1571.03,38.7,464.46,2.56,0.9416,0.9424,0.7163,0.9037,0.9024,Standard,Cheapest,Lowest upfront price.,high,Consider Compact Microwave from Kmart for Microwave. Estimated saving: $38.70/month with about 1571.0 kWh/year reduction.,microwave,1.693406875,0.12358,15.23875,87.5,169.7,Needs attention,"above similar-house benchmark, frequent usage, higher monthly cost","Microwave is classified as Needs attention. It is 169.7% above the REFIT similar-appliance average, with 1308 detected events and 23.3% peak-hour activity.",0.4366,0.5866,0.3174,0.604,"Matched because this appliance is needs attention, above similar-house benchmark, frequent usage, higher monthly cost, and the option balances price, energy reduction, savings and payback."
2,Microwave,Microwave,microwave,Appliance5,4.56722,1667.03,41.1,500.11,The Good Guys,900W Efficient Microwave,LG,179.0,82.0,2.05,1585.03,39.05,468.66,4.58,0.9501,0.9508,0.5828,0.8397,0.8787,High,Best Value,Good balance of price and energy use.,high,Consider 900W Efficient Microwave from The Good Guys for Microwave. Estimated saving: $39.05/month with about 1585.0 kWh/year reduction.,microwave,1.693406875,0.12358,15.23875,87.5,169.7,Needs attention,"above similar-house benchmark, frequent usage, higher monthly cost","Microwave is classified as Needs attention. It is 169.7% above the REFIT similar-appliance average, with 1308 detected events and 23.3% peak-hour activity.",0.4009,0.5108,0.3119,0.5524,"Matched because this appliance is needs attention, above similar-house benchmark, frequent usage, higher monthly cost, and the option balances price, energy reduction, savings and payback."
2,Microwave,Microwave,microwave,Appliance5,4.56722,1667.03,41.1,500.11,JB Hi-Fi,Compact Inverter Microwave,Panasonic,219.0,76.0,1.9,1591.03,39.2,470.46,5.59,0.9538,0.9544,0.533,0.8112,0.8695,Premium,Energy Wise,Inverter control is suitable for repeated cooking events.,high,Consider Compact Inverter Microwave from JB Hi-Fi for Microwave. Estimated saving: $39.20/month with about 1591.0 kWh/year reduction.,microwave,1.693406875,0.12358,15.23875,87.5,169.7,Needs attention,"above similar-house benchmark, frequent usage, higher monthly cost","Microwave is classified as Needs attention. It is 169.7% above the REFIT similar-appliance average, with 1308 detected events and 23.3% peak-hour activity.",0.3869,0.4815,0.3094,0.5308,"Matched because this appliance is needs attention, above similar-house benchmark, frequent usage, higher monthly cost, and the option balances price, energy reduction, savings and payback."
2,Oven Extractor Fan,Oven Extractor Fan,generic,Appliance9,0.79074,288.62,7.12,86.59,Kmart,Smart Plug With Timer,Generic,19.0,80.0,2.0,208.62,5.12,61.4,3.71,0.719,0.7228,0.9294,0.866,0.7737,Control,Cheapest,Low-cost way to reduce standby and schedule usage.,high,Consider Smart Plug With Timer from Kmart for Oven Extractor Fan. Estimated saving: $5.12/month with about 208.6 kWh/year reduction.,generic,3.5444526086956527,1.83936,31.899565217391302,39.1,-77.7,Efficient,normal usage pattern,"Oven Extractor Fan is classified as Efficient. It is 77.7% below the REFIT similar-appliance average, with 20 detected events and 23.3% peak-hour activity.",0.3642,0.6398,0.158,0.5784,"Matched because this appliance is efficient, normal usage pattern, and the option balances price, energy reduction, savings and payback."
2,Oven Extractor Fan,Oven Extractor Fan,generic,Appliance9,0.79074,288.62,7.12,86.59,Bunnings,Timer Plug / Standby Saver,Arlec,24.0,75.0,1.88,213.62,5.24,62.9,4.58,0.7365,0.7401,0.9124,0.8398,0.7795,Control,Best Value,Useful for appliance groups and plug loads.,high,Consider Timer Plug / Standby Saver from Bunnings for Oven Extractor Fan. Estimated saving: $5.24/month with about 213.6 kWh/year reduction.,generic,3.5444526086956527,1.83936,31.899565217391302,39.1,-77.7,Efficient,normal usage pattern,"Oven Extractor Fan is classified as Efficient. It is 77.7% below the REFIT similar-appliance average, with 20 detected events and 23.3% peak-hour activity.",0.3571,0.6257,0.1556,0.5628,"Matched because this appliance is efficient, normal usage pattern, and the option balances price, energy reduction, savings and payback."
2,Oven Extractor Fan,Oven Extractor Fan,generic,Appliance9,0.79074,288.62,7.12,86.59,JB Hi-Fi,Energy Monitoring Smart Plug,TP-Link Tapo,29.0,70.0,1.75,218.62,5.37,64.4,5.4,0.7541,0.7575,0.8961,0.8162,0.7857,Monitoring,Overall,Adds monitoring so recommendations can be updated later.,high,Consider Energy Monitoring Smart Plug from JB Hi-Fi for Oven Extractor Fan. Estimated saving: $5.37/month with about 218.6 kWh/year reduction.,generic,3.5444526086956527,1.83936,31.899565217391302,39.1,-77.7,Efficient,normal usage pattern,"Oven Extractor Fan is classified as Efficient. It is 77.7% below the REFIT similar-appliance average, with 20 detected events and 23.3% peak-hour activity.",0.3505,0.6126,0.1536,0.5488,"Matched because this appliance is efficient, normal usage pattern, and the option balances price, energy reduction, savings and payback."
2,Television,Television,television,Appliance4,0.96187,351.08,8.66,105.32,Kmart,Smart Plug With Timer,Generic,19.0,80.0,2.0,271.08,6.66,79.88,2.85,0.769,0.7721,0.9294,0.8937,0.8127,Control,Cheapest,Low-cost way to reduce standby and schedule usage.,high,Consider Smart Plug With Timer from Kmart for Television. Estimated saving: $6.66/month with about 271.1 kWh/year reduction.,television,0.64669,0.36083,5.819047619047619,81.0,48.7,Needs attention,"above similar-house benchmark, higher monthly cost","Television is classified as Needs attention. It is 48.7% above the REFIT similar-appliance average, with 237 detected events and 21.7% peak-hour activity.",0.4131,0.6483,0.2274,0.594,"Matched because this appliance is needs attention, above similar-house benchmark, higher monthly cost, and the option balances price, energy reduction, savings and payback."
2,Television,Television,television,Appliance4,0.96187,351.08,8.66,105.32,Kmart,Standby Saver Powerboard,Generic,19.0,120.0,3.0,231.08,5.66,67.88,3.36,0.6535,0.6582,0.9294,0.8772,0.7298,Control,Cheapest,Useful where TV site has multiple standby devices.,high,Consider Standby Saver Powerboard from Kmart for Television. Estimated saving: $5.66/month with about 231.1 kWh/year reduction.,television,0.64669,0.36083,5.819047619047619,81.0,48.7,Needs attention,"above similar-house benchmark, higher monthly cost","Television is classified as Needs attention. It is 48.7% above the REFIT similar-appliance average, with 237 detected events and 21.7% peak-hour activity.",0.4088,0.6431,0.2233,0.5846,"Matched because this appliance is needs attention, above similar-house benchmark, higher monthly cost, and the option balances price, energy reduction, savings and payback."
2,Television,Television,television,Appliance4,0.96187,351.08,8.66,105.32,Bunnings,Timer Plug / Standby Saver,Arlec,24.0,75.0,1.88,276.08,6.78,81.38,3.54,0.7834,0.7864,0.9124,0.8715,0.8169,Control,Best Value,Useful for appliance groups and plug loads.,high,Consider Timer Plug / Standby Saver from Bunnings for Television. Estimated saving: $6.78/month with about 276.1 kWh/year reduction.,television,0.64669,0.36083,5.819047619047619,81.0,48.7,Needs attention,"above similar-house benchmark, higher monthly cost","Television is classified as Needs attention. It is 48.7% above the REFIT similar-appliance average, with 237 detected events and 21.7% peak-hour activity.",0.4065,0.6352,0.2255,0.5804,"Matched because this appliance is needs attention, above similar-house benchmark, higher monthly cost, and the option balances price, energy reduction, savings and payback."
2,Television,Television,television,Appliance4,0.96187,351.08,8.66,105.32,JB Hi-Fi,Energy Monitoring Smart Plug,TP-Link Tapo,29.0,70.0,1.75,281.08,6.91,82.88,4.2,0.7978,0.8006,0.8961,0.8511,0.8214,Monitoring,Overall,Adds monitoring so recommendations can be updated later.,high,Consider Energy Monitoring Smart Plug from JB Hi-Fi for Television. Estimated saving: $6.91/month with about 281.1 kWh/year reduction.,television,0.64669,0.36083,5.819047619047619,81.0,48.7,Needs attention,"above similar-house benchmark, higher monthly cost","Television is classified as Needs attention. It is 48.7% above the REFIT similar-appliance average, with 237 detected events and 21.7% peak-hour activity.",0.4004,0.6228,0.2237,0.5679,"Matched because this appliance is needs attention, above similar-house benchmark, higher monthly cost, and the option balances price, energy reduction, savings and payback."
2,Television,Television,television,Appliance4,0.96187,351.08,8.66,105.32,JB Hi-Fi,Energy Efficient LED TV,TCL,599.0,95.0,2.38,256.08,6.28,75.38,95.35,0.7256,0.7294,0.2945,0.2011,0.5834,High,Best Value,LED replacement for high TV-site consumption.,high,Consider Energy Efficient LED TV from JB Hi-Fi for Television. Estimated saving: $6.28/month with about 256.1 kWh/year reduction.,television,0.64669,0.36083,5.819047619047619,81.0,48.7,Needs attention,"above similar-house benchmark, higher monthly cost","Television is classified as Needs attention. It is 48.7% above the REFIT similar-appliance average, with 237 detected events and 21.7% peak-hour activity.",0.1815,0.189,0.1572,0.152,"Matched because this appliance is needs attention, above similar-house benchmark, higher monthly cost, and the option balances price, energy reduction, savings and payback."
2,Television,Television,television,Appliance4,0.96187,351.08,8.66,105.32,The Good Guys,Low Energy QLED TV,Samsung,899.0,80.0,2.0,271.08,6.66,79.88,135.05,0.769,0.7721,0.2176,0.1509,0.5945,Premium,Energy Wise,Lower annual kWh for heavy TV use.,high,Consider Low Energy QLED TV from The Good Guys for Television. Estimated saving: $6.66/month with about 271.1 kWh/year reduction.,television,0.64669,0.36083,5.819047619047619,81.0,48.7,Needs attention,"above similar-house benchmark, higher monthly cost","Television is classified as Needs attention. It is 48.7% above the REFIT similar-appliance average, with 237 detected events and 21.7% peak-hour activity.",0.1593,0.1422,0.1531,0.1158,"Matched because this appliance is needs attention, above similar-house benchmark, higher monthly cost, and the option balances price, energy reduction, savings and payback."
2,Toaster,Toaster,toaster,Appliance6,4.68782,1711.05,42.19,513.32,Kmart,Smart Plug With Timer,Generic,19.0,80.0,2.0,1631.05,40.19,482.28,0.47,0.9526,0.9532,0.9294,0.9807,0.9535,Control,Cheapest,Low-cost way to reduce standby and schedule usage.,high,Consider Smart Plug With Timer from Kmart for Toaster. Estimated saving: $40.19/month with about 1631.1 kWh/year reduction.,toaster,6.3147199999999994,4.68782,56.83111111111111,55.6,-25.8,Average,normal usage pattern,"Toaster is classified as Average. It is 25.8% below the REFIT similar-appliance average, with 224 detected events and 23.4% peak-hour activity.",0.4616,0.7032,0.281,0.6762,"Matched because this appliance is average, normal usage pattern, and the option balances price, energy reduction, savings and payback."
2,Toaster,Toaster,toaster,Appliance6,4.68782,1711.05,42.19,513.32,Bunnings,Timer Plug / Standby Saver,Arlec,24.0,75.0,1.88,1636.05,40.32,483.78,0.6,0.9556,0.9562,0.9124,0.9758,0.9523,Control,Best Value,Useful for appliance groups and plug loads.,high,Consider Timer Plug / Standby Saver from Bunnings for Toaster. Estimated saving: $40.32/month with about 1636.1 kWh/year reduction.,toaster,6.3147199999999994,4.68782,56.83111111111111,55.6,-25.8,Average,normal usage pattern,"Toaster is classified as Average. It is 25.8% below the REFIT similar-appliance average, with 224 detected events and 23.4% peak-hour activity.",0.4576,0.6944,0.2808,0.6712,"Matched because this appliance is average, normal usage pattern, and the option balances price, energy reduction, savings and payback."
2,Toaster,Toaster,toaster,Appliance6,4.68782,1711.05,42.19,513.32,Kmart,Auto-Off 2 Slice Toaster,Anko,29.0,18.0,0.45,1693.05,41.74,500.88,0.69,0.9893,0.9895,0.8961,0.9719,0.9728,Efficient,Cheapest,Budget option for low-use cooking loads.,high,Consider Auto-Off 2 Slice Toaster from Kmart for Toaster. Estimated saving: $41.74/month with about 1693.1 kWh/year reduction.,toaster,6.3147199999999994,4.68782,56.83111111111111,55.6,-25.8,Average,normal usage pattern,"Toaster is classified as Average. It is 25.8% below the REFIT similar-appliance average, with 224 detected events and 23.4% peak-hour activity.",0.4564,0.6876,0.2839,0.6686,"Matched because this appliance is average, normal usage pattern, and the option balances price, energy reduction, savings and payback."
2,Toaster,Toaster,toaster,Appliance6,4.68782,1711.05,42.19,513.32,JB Hi-Fi,Energy Monitoring Smart Plug,TP-Link Tapo,29.0,70.0,1.75,1641.05,40.44,485.28,0.72,0.9585,0.9591,0.8961,0.971,0.9512,Monitoring,Overall,Adds monitoring so recommendations can be updated later.,high,Consider Energy Monitoring Smart Plug from JB Hi-Fi for Toaster. Estimated saving: $40.44/month with about 1641.1 kWh/year reduction.,toaster,6.3147199999999994,4.68782,56.83111111111111,55.6,-25.8,Average,normal usage pattern,"Toaster is classified as Average. It is 25.8% below the REFIT similar-appliance average, with 224 detected events and 23.4% peak-hour activity.",0.4539,0.686,0.2806,0.6666,"Matched because this appliance is average, normal usage pattern, and the option balances price, energy reduction, savings and payback."
2,Toaster,Toaster,toaster,Appliance6,4.68782,1711.05,42.19,513.32,Big W,Variable Browning Toaster,Sunbeam,59.0,16.0,0.4,1695.05,41.79,501.48,1.41,0.9905,0.9906,0.8091,0.9444,0.9564,High,Best Value,Better controls can reduce repeated use.,high,Consider Variable Browning Toaster from Big W for Toaster. Estimated saving: $41.79/month with about 1695.1 kWh/year reduction.,toaster,6.3147199999999994,4.68782,56.83111111111111,55.6,-25.8,Average,normal usage pattern,"Toaster is classified as Average. It is 25.8% below the REFIT similar-appliance average, with 224 detected events and 23.4% peak-hour activity.",0.4349,0.6416,0.2813,0.6419,"Matched because this appliance is average, normal usage pattern, and the option balances price, energy reduction, savings and payback."
2,Washing Machine,Washing Machine,washing machine,Appliance2,1.13648,414.81,10.23,124.44,Kmart,Smart Plug With Timer,Generic,19.0,80.0,2.0,334.81,8.23,98.74,2.31,0.8045,0.8071,0.9294,0.9122,0.8402,Control,Cheapest,Low-cost way to reduce standby and schedule usage.,high,Consider Smart Plug With Timer from Kmart for Washing Machine. Estimated saving: $8.23/month with about 334.8 kWh/year reduction.,washing machine,1.958721081081081,1.22083,17.62810810810811,45.9,-42.0,Efficient,frequent usage,"Washing Machine is classified as Efficient. It is 42.0% below the REFIT similar-appliance average, with 14081 detected events and 24.7% peak-hour activity.",0.3836,0.6544,0.1805,0.605,"Matched because this appliance is efficient, frequent usage, and the option balances price, energy reduction, savings and payback."
2,Washing Machine,Washing Machine,washing machine,Appliance2,1.13648,414.81,10.23,124.44,Bunnings,Timer Plug / Standby Saver,Arlec,24.0,75.0,1.88,339.81,8.35,100.24,2.87,0.8167,0.8192,0.9124,0.8931,0.8433,Control,Best Value,Useful for appliance groups and plug loads.,high,Consider Timer Plug / Standby Saver from Bunnings for Washing Machine. Estimated saving: $8.35/month with about 339.8 kWh/year reduction.,washing machine,1.958721081081081,1.22083,17.62810810810811,45.9,-42.0,Efficient,frequent usage,"Washing Machine is classified as Efficient. It is 42.0% below the REFIT similar-appliance average, with 14081 detected events and 24.7% peak-hour activity.",0.3775,0.6422,0.1789,0.5931,"Matched because this appliance is efficient, frequent usage, and the option balances price, energy reduction, savings and payback."
2,Washing Machine,Washing Machine,washing machine,Appliance2,1.13648,414.81,10.23,124.44,JB Hi-Fi,Energy Monitoring Smart Plug,TP-Link Tapo,29.0,70.0,1.75,344.81,8.48,101.74,3.42,0.8289,0.8312,0.8961,0.8753,0.8466,Monitoring,Overall,Adds monitoring so recommendations can be updated later.,high,Consider Energy Monitoring Smart Plug from JB Hi-Fi for Washing Machine. Estimated saving: $8.48/month with about 344.8 kWh/year reduction.,washing machine,1.958721081081081,1.22083,17.62810810810811,45.9,-42.0,Efficient,frequent usage,"Washing Machine is classified as Efficient. It is 42.0% below the REFIT similar-appliance average, with 14081 detected events and 24.7% peak-hour activity.",0.3718,0.6304,0.1774,0.5818,"Matched because this appliance is efficient, frequent usage, and the option balances price, energy reduction, savings and payback."
2,Washing Machine,Washing Machine,washing machine,Appliance2,1.13648,414.81,10.23,124.44,Big W,Laundry Smart Timer Plug,Generic,29.0,180.0,4.5,234.81,5.73,68.74,5.06,0.56,0.5661,0.8961,0.8258,0.6521,Control,Cheapest,Low-cost option to shift laundry away from peak hours.,high,Consider Laundry Smart Timer Plug from Big W for Washing Machine. Estimated saving: $5.73/month with about 234.8 kWh/year reduction.,washing machine,1.958721081081081,1.22083,17.62810810810811,45.9,-42.0,Efficient,frequent usage,"Washing Machine is classified as Efficient. It is 42.0% below the REFIT similar-appliance average, with 14081 detected events and 24.7% peak-hour activity.",0.3594,0.6154,0.1657,0.554,"Matched because this appliance is efficient, frequent usage, and the option balances price, energy reduction, savings and payback."
2,Washing Machine,Washing Machine,washing machine,Appliance2,1.13648,414.81,10.23,124.44,JB Hi-Fi,Inverter Front Loader,LG,799.0,145.0,3.62,269.81,6.6,79.24,121.0,0.6456,0.6504,0.2383,0.1655,0.5139,High,Best Value,Good value inverter option for repeated laundry use.,high,Consider Inverter Front Loader from JB Hi-Fi for Washing Machine. Estimated saving: $6.60/month with about 269.8 kWh/year reduction.,washing machine,1.958721081081081,1.22083,17.62810810810811,45.9,-42.0,Efficient,frequent usage,"Washing Machine is classified as Efficient. It is 42.0% below the REFIT similar-appliance average, with 14081 detected events and 24.7% peak-hour activity.",0.1304,0.1552,0.1018,0.1261,"Matched because this appliance is efficient, frequent usage, and the option balances price, energy reduction, savings and payback."
2,Washing Machine,Washing Machine,washing machine,Appliance2,1.13648,414.81,10.23,124.44,The Good Guys,Front Load Washing Machine,Bosch,849.0,135.0,3.38,279.81,6.85,82.24,123.88,0.67,0.6746,0.2275,0.1623,0.5288,Premium,Energy Wise,Front loaders are suited to lower water and energy use.,high,Consider Front Load Washing Machine from The Good Guys for Washing Machine. Estimated saving: $6.85/month with about 279.8 kWh/year reduction.,washing machine,1.958721081081081,1.22083,17.62810810810811,45.9,-42.0,Efficient,frequent usage,"Washing Machine is classified as Efficient. It is 42.0% below the REFIT similar-appliance average, with 14081 detected events and 24.7% peak-hour activity.",0.1282,0.1497,0.1021,0.1232,"Matched because this appliance is efficient, frequent usage, and the option balances price, energy reduction, savings and payback."
3,Dishwasher,Dishwasher,washing machine,Appliance5,1.71286,625.19,15.42,187.56,Kmart,Smart Plug With Timer,Generic,19.0,80.0,2.0,545.19,13.42,160.99,1.42,0.8703,0.872,0.9294,0.9443,0.8908,Control,Cheapest,Low-cost way to reduce standby and schedule usage.,high,Consider Smart Plug With Timer from Kmart for Dishwasher. Estimated saving: $13.42/month with about 545.2 kWh/year reduction.,washing machine,1.958721081081081,1.22083,17.62810810810811,67.6,-12.6,Average,normal usage pattern,"Dishwasher is classified as Average. It is 12.6% below the REFIT similar-appliance average, with 1534 detected events and 24.3% peak-hour activity.",0.4195,0.6675,0.2291,0.627,"Matched because this appliance is average, normal usage pattern, and the option balances price, energy reduction, savings and payback."
3,Dishwasher,Dishwasher,washing machine,Appliance5,1.71286,625.19,15.42,187.56,Bunnings,Timer Plug / Standby Saver,Arlec,24.0,75.0,1.88,550.19,13.54,162.49,1.77,0.8784,0.88,0.9124,0.9312,0.8919,Control,Best Value,Useful for appliance groups and plug loads.,high,Consider Timer Plug / Standby Saver from Bunnings for Dishwasher. Estimated saving: $13.54/month with about 550.2 kWh/year reduction.,washing machine,1.958721081081081,1.22083,17.62810810810811,67.6,-12.6,Average,normal usage pattern,"Dishwasher is classified as Average. It is 12.6% below the REFIT similar-appliance average, with 1534 detected events and 24.3% peak-hour activity.",0.4144,0.6568,0.2281,0.6182,"Matched because this appliance is average, normal usage pattern, and the option balances price, energy reduction, savings and payback."
3,Dishwasher,Dishwasher,washing machine,Appliance5,1.71286,625.19,15.42,187.56,JB Hi-Fi,Energy Monitoring Smart Plug,TP-Link Tapo,29.0,70.0,1.75,555.19,13.67,163.99,2.12,0.8865,0.888,0.8961,0.9188,0.8932,Monitoring,Overall,Adds monitoring so recommendations can be updated later.,high,Consider Energy Monitoring Smart Plug from JB Hi-Fi for Dishwasher. Estimated saving: $13.67/month with about 555.2 kWh/year reduction.,washing machine,1.958721081081081,1.22083,17.62810810810811,67.6,-12.6,Average,normal usage pattern,"Dishwasher is classified as Average. It is 12.6% below the REFIT similar-appliance average, with 1534 detected events and 24.3% peak-hour activity.",0.4095,0.6465,0.2271,0.6096,"Matched because this appliance is average, normal usage pattern, and the option balances price, energy reduction, savings and payback."
3,Dishwasher,Dishwasher,washing machine,Appliance5,1.71286,625.19,15.42,187.56,Big W,Laundry Smart Timer Plug,Generic,29.0,180.0,4.5,445.19,10.92,130.99,2.66,0.7081,0.7121,0.8961,0.9003,0.7663,Control,Cheapest,Low-cost option to shift laundry away from peak hours.,high,Consider Laundry Smart Timer Plug from Big W for Dishwasher. Estimated saving: $10.92/month with about 445.2 kWh/year reduction.,washing machine,1.958721081081081,1.22083,17.62810810810811,67.6,-12.6,Average,normal usage pattern,"Dishwasher is classified as Average. It is 12.6% below the REFIT similar-appliance average, with 1534 detected events and 24.3% peak-hour activity.",0.4017,0.6391,0.2185,0.5972,"Matched because this appliance is average, normal usage pattern, and the option balances price, energy reduction, savings and payback."
3,Dishwasher,Dishwasher,washing machine,Appliance5,1.71286,625.19,15.42,187.56,JB Hi-Fi,Inverter Front Loader,LG,799.0,145.0,3.62,480.19,11.79,141.49,67.77,0.7649,0.7681,0.2383,0.2615,0.6113,High,Best Value,Good value inverter option for repeated laundry use.,high,Consider Inverter Front Loader from JB Hi-Fi for Dishwasher. Estimated saving: $11.79/month with about 480.2 kWh/year reduction.,washing machine,1.958721081081081,1.22083,17.62810810810811,67.6,-12.6,Average,normal usage pattern,"Dishwasher is classified as Average. It is 12.6% below the REFIT similar-appliance average, with 1534 detected events and 24.3% peak-hour activity.",0.1759,0.1843,0.1568,0.1801,"Matched because this appliance is average, normal usage pattern, and the option balances price, energy reduction, savings and payback."
3,Dishwasher,Dishwasher,washing machine,Appliance5,1.71286,625.19,15.42,187.56,The Good Guys,Front Load Washing Machine,Bosch,849.0,135.0,3.38,490.19,12.04,144.49,70.51,0.7811,0.7841,0.2275,0.2539,0.6199,Premium,Energy Wise,Front loaders are suited to lower water and energy use.,high,Consider Front Load Washing Machine from The Good Guys for Dishwasher. Estimated saving: $12.04/month with about 490.2 kWh/year reduction.,washing machine,1.958721081081081,1.22083,17.62810810810811,67.6,-12.6,Average,normal usage pattern,"Dishwasher is classified as Average. It is 12.6% below the REFIT similar-appliance average, with 1534 detected events and 24.3% peak-hour activity.",0.1731,0.1778,0.1567,0.175,"Matched because this appliance is average, normal usage pattern, and the option balances price, energy reduction, savings and payback."
3,Freezer,Freezer,freezer,Appliance3,1.39331,508.56,12.54,152.57,Kmart,Smart Plug With Timer,Generic,19.0,80.0,2.0,428.56,10.54,126.48,1.8,0.8405,0.8427,0.9294,0.9301,0.8679,Control,Cheapest,Low-cost way to reduce standby and schedule usage.,high,Consider Smart Plug With Timer from Kmart for Freezer. Estimated saving: $10.54/month with about 428.6 kWh/year reduction.,freezer,1.02615,0.92847,9.235384615384616,76.9,35.8,Average,"above similar-house benchmark, higher monthly cost","Freezer is classified as Average. It is 35.8% above the REFIT similar-appliance average, with 1416 detected events and 23.7% peak-hour activity.",0.4215,0.6612,0.2345,0.6167,"Matched because this appliance is average, above similar-house benchmark, higher monthly cost, and the option balances price, energy reduction, savings and payback."
3,Freezer,Freezer,freezer,Appliance3,1.39331,508.56,12.54,152.57,Bunnings,Timer Plug / Standby Saver,Arlec,24.0,75.0,1.88,433.56,10.66,127.98,2.25,0.8505,0.8525,0.9124,0.9143,0.8699,Control,Best Value,Useful for appliance groups and plug loads.,high,Consider Timer Plug / Standby Saver from Bunnings for Freezer. Estimated saving: $10.66/month with about 433.6 kWh/year reduction.,freezer,1.02615,0.92847,9.235384615384616,76.9,35.8,Average,"above similar-house benchmark, higher monthly cost","Freezer is classified as Average. It is 35.8% above the REFIT similar-appliance average, with 1416 detected events and 23.7% peak-hour activity.",0.4159,0.6497,0.2332,0.6063,"Matched because this appliance is average, above similar-house benchmark, higher monthly cost, and the option balances price, energy reduction, savings and payback."
3,Freezer,Freezer,freezer,Appliance3,1.39331,508.56,12.54,152.57,JB Hi-Fi,Energy Monitoring Smart Plug,TP-Link Tapo,29.0,70.0,1.75,438.56,10.79,129.48,2.69,0.8604,0.8624,0.8961,0.8993,0.8722,Monitoring,Overall,Adds monitoring so recommendations can be updated later.,high,Consider Energy Monitoring Smart Plug from JB Hi-Fi for Freezer. Estimated saving: $10.79/month with about 438.6 kWh/year reduction.,freezer,1.02615,0.92847,9.235384615384616,76.9,35.8,Average,"above similar-house benchmark, higher monthly cost","Freezer is classified as Average. It is 35.8% above the REFIT similar-appliance average, with 1416 detected events and 23.7% peak-hour activity.",0.4106,0.6387,0.232,0.5965,"Matched because this appliance is average, above similar-house benchmark, higher monthly cost, and the option balances price, energy reduction, savings and payback."
3,Freezer,Freezer,freezer,Appliance3,1.39331,508.56,12.54,152.57,Kmart,Freezer Timer Reminder Plug,Generic,19.0,300.0,7.5,208.56,5.04,60.48,3.77,0.4019,0.4101,0.9294,0.8642,0.5528,Control,Cheapest,"Useful for monitoring, not replacing cold storage.",high,Consider Freezer Timer Reminder Plug from Kmart for Freezer. Estimated saving: $5.04/month with about 208.6 kWh/year reduction.,freezer,1.02615,0.92847,9.235384615384616,76.9,35.8,Average,"above similar-house benchmark, higher monthly cost","Freezer is classified as Average. It is 35.8% above the REFIT similar-appliance average, with 1416 detected events and 23.7% peak-hour activity.",0.4016,0.6393,0.2144,0.5774,"Matched because this appliance is average, above similar-house benchmark, higher monthly cost, and the option balances price, energy reduction, savings and payback."
3,Freezer,Freezer,freezer,Appliance3,1.39331,508.56,12.54,152.57,Harvey Norman,Low Energy Chest Freezer,Haier,499.0,210.0,5.25,298.56,7.29,87.48,68.45,0.5813,0.5871,0.3338,0.2596,0.4977,Premium,Energy Wise,Chest freezer style can reduce energy loss.,high,Consider Low Energy Chest Freezer from Harvey Norman for Freezer. Estimated saving: $7.29/month with about 298.6 kWh/year reduction.,freezer,1.02615,0.92847,9.235384615384616,76.9,35.8,Average,"above similar-house benchmark, higher monthly cost","Freezer is classified as Average. It is 35.8% above the REFIT similar-appliance average, with 1416 detected events and 23.7% peak-hour activity.",0.1959,0.2223,0.1595,0.1883,"Matched because this appliance is average, above similar-house benchmark, higher monthly cost, and the option balances price, energy reduction, savings and payback."
3,Freezer,Freezer,freezer,Appliance3,1.39331,508.56,12.54,152.57,The Good Guys,Efficient Upright Freezer,Westinghouse,849.0,250.0,6.25,258.56,6.29,75.48,134.98,0.5016,0.5084,0.2275,0.151,0.4099,High,Best Value,Good for high continuous freezer loads.,high,Consider Efficient Upright Freezer from The Good Guys for Freezer. Estimated saving: $6.29/month with about 258.6 kWh/year reduction.,freezer,1.02615,0.92847,9.235384615384616,76.9,35.8,Average,"above similar-house benchmark, higher monthly cost","Freezer is classified as Average. It is 35.8% above the REFIT similar-appliance average, with 1416 detected events and 23.7% peak-hour activity.",0.1565,0.1464,0.1462,0.1169,"Matched because this appliance is average, above similar-house benchmark, higher monthly cost, and the option balances price, energy reduction, savings and payback."
3,Fridge-Freezer,Fridge-Freezer,fridge,Appliance2,1.54629,564.4,13.92,169.32,Kmart,Smart Plug With Timer,Generic,19.0,80.0,2.0,484.4,11.92,143.0,1.59,0.8563,0.8583,0.9294,0.9377,0.8801,Control,Cheapest,Low-cost way to reduce standby and schedule usage.,high,Consider Smart Plug With Timer from Kmart for Fridge-Freezer. Estimated saving: $11.92/month with about 484.4 kWh/year reduction.,fridge,0.8247209090909091,0.62875,7.422727272727273,81.8,87.5,Needs attention,"above similar-house benchmark, peak-hour usage, frequent usage, higher monthly cost","Fridge-Freezer is classified as Needs attention. It is 87.5% above the REFIT similar-appliance average, with 2653 detected events and 25.8% peak-hour activity.",0.43,0.6645,0.246,0.6221,"Matched because this appliance is needs attention, above similar-house benchmark, peak-hour usage, frequent usage, higher monthly cost, and the option balances price, energy reduction, savings and payback."
3,Fridge-Freezer,Fridge-Freezer,fridge,Appliance2,1.54629,564.4,13.92,169.32,Bunnings,Timer Plug / Standby Saver,Arlec,24.0,75.0,1.88,489.4,12.04,144.5,1.99,0.8653,0.8671,0.9124,0.9233,0.8816,Control,Best Value,Useful for appliance groups and plug loads.,high,Consider Timer Plug / Standby Saver from Bunnings for Fridge-Freezer. Estimated saving: $12.04/month with about 489.4 kWh/year reduction.,fridge,0.8247209090909091,0.62875,7.422727272727273,81.8,87.5,Needs attention,"above similar-house benchmark, peak-hour usage, frequent usage, higher monthly cost","Fridge-Freezer is classified as Needs attention. It is 87.5% above the REFIT similar-appliance average, with 2653 detected events and 25.8% peak-hour activity.",0.4247,0.6534,0.2449,0.6125,"Matched because this appliance is needs attention, above similar-house benchmark, peak-hour usage, frequent usage, higher monthly cost, and the option balances price, energy reduction, savings and payback."
3,Fridge-Freezer,Fridge-Freezer,fridge,Appliance2,1.54629,564.4,13.92,169.32,JB Hi-Fi,Energy Monitoring Smart Plug,TP-Link Tapo,29.0,70.0,1.75,494.4,12.17,146.0,2.38,0.8743,0.876,0.8961,0.9097,0.8833,Monitoring,Overall,Adds monitoring so recommendations can be updated later.,high,Consider Energy Monitoring Smart Plug from JB Hi-Fi for Fridge-Freezer. Estimated saving: $12.17/month with about 494.4 kWh/year reduction.,fridge,0.8247209090909091,0.62875,7.422727272727273,81.8,87.5,Needs attention,"above similar-house benchmark, peak-hour usage, frequent usage, higher monthly cost","Fridge-Freezer is classified as Needs attention. It is 87.5% above the REFIT similar-appliance average, with 2653 detected events and 25.8% peak-hour activity.",0.4196,0.6427,0.2438,0.6034,"Matched because this appliance is needs attention, above similar-house benchmark, peak-hour usage, frequent usage, higher monthly cost, and the option balances price, energy reduction, savings and payback."
3,Fridge-Freezer,Fridge-Freezer,fridge,Appliance2,1.54629,564.4,13.92,169.32,JB Hi-Fi,Compact Efficient Fridge,CHiQ,449.0,285.0,7.12,279.4,6.79,81.5,66.11,0.488,0.495,0.3577,0.2663,0.4373,Standard,Cheapest,Lower upfront price for smaller households.,high,Consider Compact Efficient Fridge from JB Hi-Fi for Fridge-Freezer. Estimated saving: $6.79/month with about 279.4 kWh/year reduction.,fridge,0.8247209090909091,0.62875,7.422727272727273,81.8,87.5,Needs attention,"above similar-house benchmark, peak-hour usage, frequent usage, higher monthly cost","Fridge-Freezer is classified as Needs attention. It is 87.5% above the REFIT similar-appliance average, with 2653 detected events and 25.8% peak-hour activity.",0.2057,0.2343,0.1663,0.1947,"Matched because this appliance is needs attention, above similar-house benchmark, peak-hour usage, frequent usage, higher monthly cost, and the option balances price, energy reduction, savings and payback."
3,Fridge-Freezer,Fridge-Freezer,fridge,Appliance2,1.54629,564.4,13.92,169.32,The Good Guys,Energy Efficient Fridge-Freezer,Hisense,699.0,260.0,6.5,304.4,7.42,89.0,94.25,0.5329,0.5393,0.2634,0.203,0.4449,High,Best Value,Balanced replacement for continuous loads.,high,Consider Energy Efficient Fridge-Freezer from The Good Guys for Fridge-Freezer. Estimated saving: $7.42/month with about 304.4 kWh/year reduction.,fridge,0.8247209090909091,0.62875,7.422727272727273,81.8,87.5,Needs attention,"above similar-house benchmark, peak-hour usage, frequent usage, higher monthly cost","Fridge-Freezer is classified as Needs attention. It is 87.5% above the REFIT similar-appliance average, with 2653 detected events and 25.8% peak-hour activity.",0.1785,0.1767,0.1615,0.1496,"Matched because this appliance is needs attention, above similar-house benchmark, peak-hour usage, frequent usage, higher monthly cost, and the option balances price, energy reduction, savings and payback."
3,Fridge-Freezer,Fridge-Freezer,fridge,Appliance2,1.54629,564.4,13.92,169.32,Harvey Norman,Inverter Fridge-Freezer,Samsung,999.0,220.0,5.5,344.4,8.42,101.0,118.69,0.6048,0.6102,0.2002,0.1682,0.4802,Premium,Energy Wise,Inverter compressor suited to always-on refrigeration.,high,Consider Inverter Fridge-Freezer from Harvey Norman for Fridge-Freezer. Estimated saving: $8.42/month with about 344.4 kWh/year reduction.,fridge,0.8247209090909091,0.62875,7.422727272727273,81.8,87.5,Needs attention,"above similar-house benchmark, peak-hour usage, frequent usage, higher monthly cost","Fridge-Freezer is classified as Needs attention. It is 87.5% above the REFIT similar-appliance average, with 2653 detected events and 25.8% peak-hour activity.",0.1624,0.1405,0.1605,0.1239,"Matched because this appliance is needs attention, above similar-house benchmark, peak-hour usage, frequent usage, higher monthly cost, and the option balances price, energy reduction, savings and payback."
3,Kettle,Kettle,kettle,Appliance9,14.83302,5414.05,133.5,1624.22,Kmart,Smart Plug With Timer,Generic,19.0,80.0,2.0,5334.05,131.5,1577.97,0.14,0.985,0.9852,0.9294,0.994,0.9781,Control,Cheapest,Low-cost way to reduce standby and schedule usage.,high,Consider Smart Plug With Timer from Kmart for Kettle. Estimated saving: $131.50/month with about 5334.1 kWh/year reduction.,kettle,16.07417125,13.334344999999999,144.66750000000002,56.2,-7.7,Average,frequent usage,"Kettle is classified as Average. It is 7.7% below the REFIT similar-appliance average, with 2043 detected events and 24.4% peak-hour activity.",0.6299,0.7969,0.5092,0.7884,"Matched because this appliance is average, frequent usage, and the option balances price, energy reduction, savings and payback."
3,Kettle,Kettle,kettle,Appliance9,14.83302,5414.05,133.5,1624.22,Kmart,1.7L Auto-Off Kettle,Anko,25.0,32.0,0.8,5382.05,132.7,1592.37,0.19,0.994,0.9941,0.9091,0.9922,0.981,Efficient,Cheapest,Low-cost replacement with auto shut-off.,high,Consider 1.7L Auto-Off Kettle from Kmart for Kettle. Estimated saving: $132.70/month with about 5382.1 kWh/year reduction.,kettle,16.07417125,13.334344999999999,144.66750000000002,56.2,-7.7,Average,frequent usage,"Kettle is classified as Average. It is 7.7% below the REFIT similar-appliance average, with 2043 detected events and 24.4% peak-hour activity.",0.6277,0.7885,0.5119,0.7857,"Matched because this appliance is average, frequent usage, and the option balances price, energy reduction, savings and payback."
3,Kettle,Kettle,kettle,Appliance9,14.83302,5414.05,133.5,1624.22,Bunnings,Timer Plug / Standby Saver,Arlec,24.0,75.0,1.88,5339.05,131.62,1579.47,0.18,0.986,0.9861,0.9124,0.9925,0.976,Control,Best Value,Useful for appliance groups and plug loads.,high,Consider Timer Plug / Standby Saver from Bunnings for Kettle. Estimated saving: $131.62/month with about 5339.1 kWh/year reduction.,kettle,16.07417125,13.334344999999999,144.66750000000002,56.2,-7.7,Average,frequent usage,"Kettle is classified as Average. It is 7.7% below the REFIT similar-appliance average, with 2043 detected events and 24.4% peak-hour activity.",0.6265,0.789,0.5093,0.7852,"Matched because this appliance is average, frequent usage, and the option balances price, energy reduction, savings and payback."
3,Kettle,Kettle,kettle,Appliance9,14.83302,5414.05,133.5,1624.22,JB Hi-Fi,Energy Monitoring Smart Plug,TP-Link Tapo,29.0,70.0,1.75,5344.05,131.75,1580.97,0.22,0.9869,0.9871,0.8961,0.9909,0.9739,Monitoring,Overall,Adds monitoring so recommendations can be updated later.,high,Consider Energy Monitoring Smart Plug from JB Hi-Fi for Kettle. Estimated saving: $131.75/month with about 5344.1 kWh/year reduction.,kettle,16.07417125,13.334344999999999,144.66750000000002,56.2,-7.7,Average,frequent usage,"Kettle is classified as Average. It is 7.7% below the REFIT similar-appliance average, with 2043 detected events and 24.4% peak-hour activity.",0.6232,0.7814,0.5095,0.782,"Matched because this appliance is average, frequent usage, and the option balances price, energy reduction, savings and payback."
3,Kettle,Kettle,kettle,Appliance9,14.83302,5414.05,133.5,1624.22,Big W,Energy Efficient Kettle,Russell Hobbs,49.0,28.0,0.7,5386.05,132.8,1593.57,0.37,0.9948,0.9948,0.8361,0.9849,0.9695,High,Best Value,Balanced price and energy use.,high,Consider Energy Efficient Kettle from Big W for Kettle. Estimated saving: $132.80/month with about 5386.1 kWh/year reduction.,kettle,16.07417125,13.334344999999999,144.66750000000002,56.2,-7.7,Average,frequent usage,"Kettle is classified as Average. It is 7.7% below the REFIT similar-appliance average, with 2043 detected events and 24.4% peak-hour activity.",0.6122,0.7539,0.5114,0.7712,"Matched because this appliance is average, frequent usage, and the option balances price, energy reduction, savings and payback."
3,Kettle,Kettle,kettle,Appliance9,14.83302,5414.05,133.5,1624.22,JB Hi-Fi,Smart Temperature Control Kettle,Breville,109.0,24.0,0.6,5390.05,132.9,1594.77,0.82,0.9955,0.9956,0.6964,0.967,0.9464,Premium,Energy Wise,Temperature control helps reduce repeated boiling.,high,Consider Smart Temperature Control Kettle from JB Hi-Fi for Kettle. Estimated saving: $132.90/month with about 5390.1 kWh/year reduction.,kettle,16.07417125,13.334344999999999,144.66750000000002,56.2,-7.7,Average,frequent usage,"Kettle is classified as Average. It is 7.7% below the REFIT similar-appliance average, with 2043 detected events and 24.4% peak-hour activity.",0.5817,0.6867,0.5099,0.7414,"Matched because this appliance is average, frequent usage, and the option balances price, energy reduction, savings and payback."
3,Microwave,Microwave,microwave,Appliance8,1.65275,603.25,14.87,180.98,Kmart,Smart Plug With Timer,Generic,19.0,80.0,2.0,523.25,12.87,154.5,1.48,0.8655,0.8674,0.9294,0.9421,0.8871,Control,Cheapest,Low-cost way to reduce standby and schedule usage.,high,Consider Smart Plug With Timer from Kmart for Microwave. Estimated saving: $12.87/month with about 523.3 kWh/year reduction.,microwave,1.693406875,0.12358,15.23875,75.0,-2.4,Average,normal usage pattern,"Microwave is classified as Average. It is 2.4% below the REFIT similar-appliance average, with 670 detected events and 22.6% peak-hour activity.",0.4255,0.6664,0.2386,0.6252,"Matched because this appliance is average, normal usage pattern, and the option balances price, energy reduction, savings and payback."
3,Microwave,Microwave,microwave,Appliance8,1.65275,603.25,14.87,180.98,Bunnings,Timer Plug / Standby Saver,Arlec,24.0,75.0,1.88,528.25,13.0,156.0,1.85,0.8739,0.8757,0.9124,0.9286,0.8884,Control,Best Value,Useful for appliance groups and plug loads.,high,Consider Timer Plug / Standby Saver from Bunnings for Microwave. Estimated saving: $13.00/month with about 528.3 kWh/year reduction.,microwave,1.693406875,0.12358,15.23875,75.0,-2.4,Average,normal usage pattern,"Microwave is classified as Average. It is 2.4% below the REFIT similar-appliance average, with 670 detected events and 22.6% peak-hour activity.",0.4204,0.6556,0.2376,0.6161,"Matched because this appliance is average, normal usage pattern, and the option balances price, energy reduction, savings and payback."
3,Microwave,Microwave,microwave,Appliance8,1.65275,603.25,14.87,180.98,JB Hi-Fi,Energy Monitoring Smart Plug,TP-Link Tapo,29.0,70.0,1.75,533.25,13.12,157.5,2.21,0.8824,0.884,0.8961,0.9157,0.8899,Monitoring,Overall,Adds monitoring so recommendations can be updated later.,high,Consider Energy Monitoring Smart Plug from JB Hi-Fi for Microwave. Estimated saving: $13.12/month with about 533.3 kWh/year reduction.,microwave,1.693406875,0.12358,15.23875,75.0,-2.4,Average,normal usage pattern,"Microwave is classified as Average. It is 2.4% below the REFIT similar-appliance average, with 670 detected events and 22.6% peak-hour activity.",0.4154,0.6451,0.2366,0.6074,"Matched because this appliance is average, normal usage pattern, and the option balances price, energy reduction, savings and payback."
3,Microwave,Microwave,microwave,Appliance8,1.65275,603.25,14.87,180.98,Kmart,Compact Microwave,Anko,99.0,96.0,2.4,507.25,12.47,149.7,7.94,0.8387,0.8409,0.7163,0.7515,0.8079,Standard,Cheapest,Lowest upfront price.,high,Consider Compact Microwave from Kmart for Microwave. Estimated saving: $12.47/month with about 507.3 kWh/year reduction.,microwave,1.693406875,0.12358,15.23875,75.0,-2.4,Average,normal usage pattern,"Microwave is classified as Average. It is 2.4% below the REFIT similar-appliance average, with 670 detected events and 22.6% peak-hour activity.",0.3536,0.5226,0.2186,0.4976,"Matched because this appliance is average, normal usage pattern, and the option balances price, energy reduction, savings and payback."
3,Microwave,Microwave,microwave,Appliance8,1.65275,603.25,14.87,180.98,The Good Guys,900W Efficient Microwave,LG,179.0,82.0,2.05,521.25,12.82,153.9,13.96,0.8622,0.8641,0.5828,0.6323,0.7863,High,Best Value,Good balance of price and energy use.,high,Consider 900W Efficient Microwave from The Good Guys for Microwave. Estimated saving: $12.82/month with about 521.3 kWh/year reduction.,microwave,1.693406875,0.12358,15.23875,75.0,-2.4,Average,normal usage pattern,"Microwave is classified as Average. It is 2.4% below the REFIT similar-appliance average, with 670 detected events and 22.6% peak-hour activity.",0.3097,0.433,0.2075,0.4184,"Matched because this appliance is average, normal usage pattern, and the option balances price, energy reduction, savings and payback."
3,Microwave,Microwave,microwave,Appliance8,1.65275,603.25,14.87,180.98,JB Hi-Fi,Compact Inverter Microwave,Panasonic,219.0,76.0,1.9,527.25,12.97,155.7,16.88,0.8723,0.874,0.533,0.5871,0.7791,Premium,Energy Wise,Inverter control is suitable for repeated cooking events.,high,Consider Compact Inverter Microwave from JB Hi-Fi for Microwave. Estimated saving: $12.97/month with about 527.3 kWh/year reduction.,microwave,1.693406875,0.12358,15.23875,75.0,-2.4,Average,normal usage pattern,"Microwave is classified as Average. It is 2.4% below the REFIT similar-appliance average, with 670 detected events and 22.6% peak-hour activity.",0.2932,0.3995,0.2034,0.3885,"Matched because this appliance is average, normal usage pattern, and the option balances price, energy reduction, savings and payback."
3,Television,Television,television,Appliance7,1.42582,520.42,12.83,156.13,Kmart,Smart Plug With Timer,Generic,19.0,80.0,2.0,440.42,10.83,129.99,1.75,0.8441,0.8463,0.9294,0.9319,0.8707,Control,Cheapest,Low-cost way to reduce standby and schedule usage.,high,Consider Smart Plug With Timer from Kmart for Television. Estimated saving: $10.83/month with about 440.4 kWh/year reduction.,television,0.64669,0.36083,5.819047619047619,90.5,120.5,Needs attention,"above similar-house benchmark, higher monthly cost","Television is classified as Needs attention. It is 120.5% above the REFIT similar-appliance average, with 29 detected events and 8.5% peak-hour activity.",0.4359,0.662,0.2558,0.6179,"Matched because this appliance is needs attention, above similar-house benchmark, higher monthly cost, and the option balances price, energy reduction, savings and payback."
3,Television,Television,television,Appliance7,1.42582,520.42,12.83,156.13,Kmart,Standby Saver Powerboard,Generic,19.0,120.0,3.0,400.42,9.83,117.99,1.93,0.7662,0.7694,0.9294,0.9255,0.8155,Control,Cheapest,Useful where TV site has multiple standby devices.,high,Consider Standby Saver Powerboard from Kmart for Television. Estimated saving: $9.83/month with about 400.4 kWh/year reduction.,television,0.64669,0.36083,5.819047619047619,90.5,120.5,Needs attention,"above similar-house benchmark, higher monthly cost","Television is classified as Needs attention. It is 120.5% above the REFIT similar-appliance average, with 29 detected events and 8.5% peak-hour activity.",0.4331,0.6594,0.2527,0.6136,"Matched because this appliance is needs attention, above similar-house benchmark, higher monthly cost, and the option balances price, energy reduction, savings and payback."
3,Television,Television,television,Appliance7,1.42582,520.42,12.83,156.13,Bunnings,Timer Plug / Standby Saver,Arlec,24.0,75.0,1.88,445.42,10.96,131.49,2.19,0.8539,0.8559,0.9124,0.9164,0.8726,Control,Best Value,Useful for appliance groups and plug loads.,high,Consider Timer Plug / Standby Saver from Bunnings for Television. Estimated saving: $10.96/month with about 445.4 kWh/year reduction.,television,0.64669,0.36083,5.819047619047619,90.5,120.5,Needs attention,"above similar-house benchmark, higher monthly cost","Television is classified as Needs attention. It is 120.5% above the REFIT similar-appliance average, with 29 detected events and 8.5% peak-hour activity.",0.4303,0.6505,0.2545,0.6077,"Matched because this appliance is needs attention, above similar-house benchmark, higher monthly cost, and the option balances price, energy reduction, savings and payback."
3,Television,Television,television,Appliance7,1.42582,520.42,12.83,156.13,JB Hi-Fi,Energy Monitoring Smart Plug,TP-Link Tapo,29.0,70.0,1.75,450.42,11.08,132.99,2.62,0.8636,0.8655,0.8961,0.9017,0.8748,Monitoring,Overall,Adds monitoring so recommendations can be updated later.,high,Consider Energy Monitoring Smart Plug from JB Hi-Fi for Television. Estimated saving: $11.08/month with about 450.4 kWh/year reduction.,television,0.64669,0.36083,5.819047619047619,90.5,120.5,Needs attention,"above similar-house benchmark, higher monthly cost","Television is classified as Needs attention. It is 120.5% above the REFIT similar-appliance average, with 29 detected events and 8.5% peak-hour activity.",0.4251,0.6396,0.2534,0.598,"Matched because this appliance is needs attention, above similar-house benchmark, higher monthly cost, and the option balances price, energy reduction, savings and payback."
3,Television,Television,television,Appliance7,1.42582,520.42,12.83,156.13,JB Hi-Fi,Energy Efficient LED TV,TCL,599.0,95.0,2.38,425.42,10.46,125.49,57.28,0.8149,0.8175,0.2945,0.2953,0.6597,High,Best Value,LED replacement for high TV-site consumption.,high,Consider Energy Efficient LED TV from JB Hi-Fi for Television. Estimated saving: $10.46/month with about 425.4 kWh/year reduction.,television,0.64669,0.36083,5.819047619047619,90.5,120.5,Needs attention,"above similar-house benchmark, higher monthly cost","Television is classified as Needs attention. It is 120.5% above the REFIT similar-appliance average, with 29 detected events and 8.5% peak-hour activity.",0.2127,0.2167,0.1912,0.2039,"Matched because this appliance is needs attention, above similar-house benchmark, higher monthly cost, and the option balances price, energy reduction, savings and payback."
3,Television,Television,television,Appliance7,1.42582,520.42,12.83,156.13,The Good Guys,Low Energy QLED TV,Samsung,899.0,80.0,2.0,440.42,10.83,129.99,82.99,0.8441,0.8463,0.2176,0.2243,0.6578,Premium,Energy Wise,Lower annual kWh for heavy TV use.,high,Consider Low Energy QLED TV from The Good Guys for Television. Estimated saving: $10.83/month with about 440.4 kWh/year reduction.,television,0.64669,0.36083,5.819047619047619,90.5,120.5,Needs attention,"above similar-house benchmark, higher monthly cost","Television is classified as Needs attention. It is 120.5% above the REFIT similar-appliance average, with 29 detected events and 8.5% peak-hour activity.",0.1873,0.1647,0.185,0.1573,"Matched because this appliance is needs attention, above similar-house benchmark, higher monthly cost, and the option balances price, energy reduction, savings and payback."
3,Toaster,Toaster,toaster,Appliance1,9.17647,3349.41,82.59,1004.82,Kmart,Smart Plug With Timer,Generic,19.0,80.0,2.0,3269.41,80.59,967.06,0.24,0.9758,0.9761,0.9294,0.9903,0.9711,Control,Cheapest,Low-cost way to reduce standby and schedule usage.,high,Consider Smart Plug With Timer from Kmart for Toaster. Estimated saving: $80.59/month with about 3269.4 kWh/year reduction.,toaster,6.3147199999999994,4.68782,56.83111111111111,66.7,45.3,Average,"above similar-house benchmark, peak-hour usage, frequent usage, higher monthly cost","Toaster is classified as Average. It is 45.3% above the REFIT similar-appliance average, with 332 detected events and 26.0% peak-hour activity.",0.5474,0.7455,0.3985,0.7275,"Matched because this appliance is average, above similar-house benchmark, peak-hour usage, frequent usage, higher monthly cost, and the option balances price, energy reduction, savings and payback."
3,Toaster,Toaster,toaster,Appliance1,9.17647,3349.41,82.59,1004.82,Bunnings,Timer Plug / Standby Saver,Arlec,24.0,75.0,1.88,3274.41,80.71,968.56,0.3,0.9773,0.9776,0.9124,0.9878,0.9692,Control,Best Value,Useful for appliance groups and plug loads.,high,Consider Timer Plug / Standby Saver from Bunnings for Toaster. Estimated saving: $80.71/month with about 3274.4 kWh/year reduction.,toaster,6.3147199999999994,4.68782,56.83111111111111,66.7,45.3,Average,"above similar-house benchmark, peak-hour usage, frequent usage, higher monthly cost","Toaster is classified as Average. It is 45.3% above the REFIT similar-appliance average, with 332 detected events and 26.0% peak-hour activity.",0.5438,0.7374,0.3986,0.7239,"Matched because this appliance is average, above similar-house benchmark, peak-hour usage, frequent usage, higher monthly cost, and the option balances price, energy reduction, savings and payback."
3,Toaster,Toaster,toaster,Appliance1,9.17647,3349.41,82.59,1004.82,Kmart,Auto-Off 2 Slice Toaster,Anko,29.0,18.0,0.45,3331.41,82.14,985.66,0.35,0.9946,0.9946,0.8961,0.9855,0.9784,Efficient,Cheapest,Budget option for low-use cooking loads.,high,Consider Auto-Off 2 Slice Toaster from Kmart for Toaster. Estimated saving: $82.14/month with about 3331.4 kWh/year reduction.,toaster,6.3147199999999994,4.68782,56.83111111111111,66.7,45.3,Average,"above similar-house benchmark, peak-hour usage, frequent usage, higher monthly cost","Toaster is classified as Average. It is 45.3% above the REFIT similar-appliance average, with 332 detected events and 26.0% peak-hour activity.",0.5428,0.7309,0.4019,0.7221,"Matched because this appliance is average, above similar-house benchmark, peak-hour usage, frequent usage, higher monthly cost, and the option balances price, energy reduction, savings and payback."
3,Toaster,Toaster,toaster,Appliance1,9.17647,3349.41,82.59,1004.82,JB Hi-Fi,Energy Monitoring Smart Plug,TP-Link Tapo,29.0,70.0,1.75,3279.41,80.84,970.06,0.36,0.9788,0.9791,0.8961,0.9853,0.9675,Monitoring,Overall,Adds monitoring so recommendations can be updated later.,high,Consider Energy Monitoring Smart Plug from JB Hi-Fi for Toaster. Estimated saving: $80.84/month with about 3279.4 kWh/year reduction.,toaster,6.3147199999999994,4.68782,56.83111111111111,66.7,45.3,Average,"above similar-house benchmark, peak-hour usage, frequent usage, higher monthly cost","Toaster is classified as Average. It is 45.3% above the REFIT similar-appliance average, with 332 detected events and 26.0% peak-hour activity.",0.5404,0.7296,0.3987,0.7204,"Matched because this appliance is average, above similar-house benchmark, peak-hour usage, frequent usage, higher monthly cost, and the option balances price, energy reduction, savings and payback."
3,Toaster,Toaster,toaster,Appliance1,9.17647,3349.41,82.59,1004.82,Big W,Variable Browning Toaster,Sunbeam,59.0,16.0,0.4,3333.41,82.19,986.26,0.72,0.9952,0.9952,0.8091,0.971,0.9636,High,Best Value,Better controls can reduce repeated use.,high,Consider Variable Browning Toaster from Big W for Toaster. Estimated saving: $82.19/month with about 3333.4 kWh/year reduction.,toaster,6.3147199999999994,4.68782,56.83111111111111,66.7,45.3,Average,"above similar-house benchmark, peak-hour usage, frequent usage, higher monthly cost","Toaster is classified as Average. It is 45.3% above the REFIT similar-appliance average, with 332 detected events and 26.0% peak-hour activity.",0.5233,0.6882,0.4005,0.7017,"Matched because this appliance is average, above similar-house benchmark, peak-hour usage, frequent usage, higher monthly cost, and the option balances price, energy reduction, savings and payback."
3,Tumble Dryer,Tumble Dryer,generic,Appliance4,16.32649,5959.17,146.94,1787.75,Kmart,Smart Plug With Timer,Generic,19.0,80.0,2.0,5879.17,144.94,1739.26,0.13,0.9864,0.9866,0.9294,0.9946,0.9791,Control,Cheapest,Low-cost way to reduce standby and schedule usage.,high,Consider Smart Plug With Timer from Kmart for Tumble Dryer. Estimated saving: $144.94/month with about 5879.2 kWh/year reduction.,generic,3.5444526086956527,1.83936,31.899565217391302,95.7,360.6,Needs attention,"above similar-house benchmark, higher monthly cost","Tumble Dryer is classified as Needs attention. It is 360.6% above the REFIT similar-appliance average, with 1998 detected events and 24.3% peak-hour activity.",0.6938,0.8104,0.6017,0.8041,"Matched because this appliance is needs attention, above similar-house benchmark, higher monthly cost, and the option balances price, energy reduction, savings and payback."
3,Tumble Dryer,Tumble Dryer,generic,Appliance4,16.32649,5959.17,146.94,1787.75,Bunnings,Timer Plug / Standby Saver,Arlec,24.0,75.0,1.88,5884.17,145.06,1740.76,0.17,0.9872,0.9874,0.9124,0.9932,0.977,Control,Best Value,Useful for appliance groups and plug loads.,high,Consider Timer Plug / Standby Saver from Bunnings for Tumble Dryer. Estimated saving: $145.06/month with about 5884.2 kWh/year reduction.,generic,3.5444526086956527,1.83936,31.899565217391302,95.7,360.6,Needs attention,"above similar-house benchmark, higher monthly cost","Tumble Dryer is classified as Needs attention. It is 360.6% above the REFIT similar-appliance average, with 1998 detected events and 24.3% peak-hour activity.",0.6904,0.8024,0.6019,0.8009,"Matched because this appliance is needs attention, above similar-house benchmark, higher monthly cost, and the option balances price, energy reduction, savings and payback."
3,Tumble Dryer,Tumble Dryer,generic,Appliance4,16.32649,5959.17,146.94,1787.75,JB Hi-Fi,Energy Monitoring Smart Plug,TP-Link Tapo,29.0,70.0,1.75,5889.17,145.19,1742.26,0.2,0.9881,0.9883,0.8961,0.9917,0.9749,Monitoring,Overall,Adds monitoring so recommendations can be updated later.,high,Consider Energy Monitoring Smart Plug from JB Hi-Fi for Tumble Dryer. Estimated saving: $145.19/month with about 5889.2 kWh/year reduction.,generic,3.5444526086956527,1.83936,31.899565217391302,95.7,360.6,Needs attention,"above similar-house benchmark, higher monthly cost","Tumble Dryer is classified as Needs attention. It is 360.6% above the REFIT similar-appliance average, with 1998 detected events and 24.3% peak-hour activity.",0.6872,0.7949,0.6021,0.798,"Matched because this appliance is needs attention, above similar-house benchmark, higher monthly cost, and the option balances price, energy reduction, savings and payback."
3,Washing Machine,Washing Machine,washing machine,Appliance6,1.53913,561.78,13.85,168.53,Kmart,Smart Plug With Timer,Generic,19.0,80.0,2.0,481.78,11.85,142.23,1.6,0.8556,0.8576,0.9294,0.9374,0.8795,Control,Cheapest,Low-cost way to reduce standby and schedule usage.,high,Consider Smart Plug With Timer from Kmart for Washing Machine. Estimated saving: $11.85/month with about 481.8 kWh/year reduction.,washing machine,1.958721081081081,1.22083,17.62810810810811,64.9,-21.4,Average,frequent usage,"Washing Machine is classified as Average. It is 21.4% below the REFIT similar-appliance average, with 20989 detected events and 23.4% peak-hour activity.",0.4129,0.6643,0.2205,0.6219,"Matched because this appliance is average, frequent usage, and the option balances price, energy reduction, savings and payback."
3,Washing Machine,Washing Machine,washing machine,Appliance6,1.53913,561.78,13.85,168.53,Bunnings,Timer Plug / Standby Saver,Arlec,24.0,75.0,1.88,486.78,11.98,143.73,2.0,0.8646,0.8665,0.9124,0.9229,0.8811,Control,Best Value,Useful for appliance groups and plug loads.,high,Consider Timer Plug / Standby Saver from Bunnings for Washing Machine. Estimated saving: $11.98/month with about 486.8 kWh/year reduction.,washing machine,1.958721081081081,1.22083,17.62810810810811,64.9,-21.4,Average,frequent usage,"Washing Machine is classified as Average. It is 21.4% below the REFIT similar-appliance average, with 20989 detected events and 23.4% peak-hour activity.",0.4076,0.6532,0.2193,0.6122,"Matched because this appliance is average, frequent usage, and the option balances price, energy reduction, savings and payback."
3,Washing Machine,Washing Machine,washing machine,Appliance6,1.53913,561.78,13.85,168.53,JB Hi-Fi,Energy Monitoring Smart Plug,TP-Link Tapo,29.0,70.0,1.75,491.78,12.1,145.23,2.4,0.8737,0.8754,0.8961,0.9092,0.8829,Monitoring,Overall,Adds monitoring so recommendations can be updated later.,high,Consider Energy Monitoring Smart Plug from JB Hi-Fi for Washing Machine. Estimated saving: $12.10/month with about 491.8 kWh/year reduction.,washing machine,1.958721081081081,1.22083,17.62810810810811,64.9,-21.4,Average,frequent usage,"Washing Machine is classified as Average. It is 21.4% below the REFIT similar-appliance average, with 20989 detected events and 23.4% peak-hour activity.",0.4025,0.6425,0.2182,0.6029,"Matched because this appliance is average, frequent usage, and the option balances price, energy reduction, savings and payback."
3,Washing Machine,Washing Machine,washing machine,Appliance6,1.53913,561.78,13.85,168.53,Big W,Laundry Smart Timer Plug,Generic,29.0,180.0,4.5,381.78,9.35,112.23,3.1,0.6751,0.6796,0.8961,0.8856,0.7412,Control,Cheapest,Low-cost option to shift laundry away from peak hours.,high,Consider Laundry Smart Timer Plug from Big W for Washing Machine. Estimated saving: $9.35/month with about 381.8 kWh/year reduction.,washing machine,1.958721081081081,1.22083,17.62810810810811,64.9,-21.4,Average,frequent usage,"Washing Machine is classified as Average. It is 21.4% below the REFIT similar-appliance average, with 20989 detected events and 23.4% peak-hour activity.",0.394,0.6339,0.2092,0.588,"Matched because this appliance is average, frequent usage, and the option balances price, energy reduction, savings and payback."
3,Washing Machine,Washing Machine,washing machine,Appliance6,1.53913,561.78,13.85,168.53,JB Hi-Fi,Inverter Front Loader,LG,799.0,145.0,3.62,416.78,10.23,122.73,78.13,0.7383,0.7419,0.2383,0.235,0.5889,High,Best Value,Good value inverter option for repeated laundry use.,high,Consider Inverter Front Loader from JB Hi-Fi for Washing Machine. Estimated saving: $10.23/month with about 416.8 kWh/year reduction.,washing machine,1.958721081081081,1.22083,17.62810810810811,64.9,-21.4,Average,frequent usage,"Washing Machine is classified as Average. It is 21.4% below the REFIT similar-appliance average, with 20989 detected events and 23.4% peak-hour activity.",0.1664,0.1761,0.1462,0.1651,"Matched because this appliance is average, frequent usage, and the option balances price, energy reduction, savings and payback."
3,Washing Machine,Washing Machine,washing machine,Appliance6,1.53913,561.78,13.85,168.53,The Good Guys,Front Load Washing Machine,Bosch,849.0,135.0,3.38,426.78,10.48,125.73,81.03,0.7564,0.7597,0.2275,0.2285,0.5988,Premium,Energy Wise,Front loaders are suited to lower water and energy use.,high,Consider Front Load Washing Machine from The Good Guys for Washing Machine. Estimated saving: $10.48/month with about 426.8 kWh/year reduction.,washing machine,1.958721081081081,1.22083,17.62810810810811,64.9,-21.4,Average,frequent usage,"Washing Machine is classified as Average. It is 21.4% below the REFIT similar-appliance average, with 20989 detected events and 23.4% peak-hour activity.",0.1637,0.1699,0.1462,0.1605,"Matched because this appliance is average, frequent usage, and the option balances price, energy reduction, savings and payback."
4,Computer Site,Computer Site,computer,Appliance6,0.019,6.93,0.17,2.08,Kmart,Smart Plug With Timer,Generic,19.0,80.0,2.0,0.0,0.0,0.0,,0.0,0.0,0.9294,0.0,0.1394,Control,Cheapest,Low-cost way to reduce standby and schedule usage.,low,Consider Smart Plug With Timer from Kmart for Computer Site. Estimated saving: $0.00/month with about 0.0 kWh/year reduction.,computer,0.41818333333333335,0.179285,3.763888888888889,5.6,-95.5,Efficient,normal usage pattern,"Computer Site is classified as Efficient. It is 95.5% below the REFIT similar-appliance average, with 850 detected events and 22.3% peak-hour activity.",0.2343,0.4896,0.037,0.2823,"Matched because this appliance is efficient, normal usage pattern, and the option balances price, energy reduction, savings and payback."
4,Computer Site,Computer Site,computer,Appliance6,0.019,6.93,0.17,2.08,Bunnings,Timer Plug / Standby Saver,Arlec,24.0,75.0,1.88,0.0,0.0,0.0,,0.0,0.0,0.9124,0.0,0.1369,Control,Best Value,Useful for appliance groups and plug loads.,low,Consider Timer Plug / Standby Saver from Bunnings for Computer Site. Estimated saving: $0.00/month with about 0.0 kWh/year reduction.,computer,0.41818333333333335,0.179285,3.763888888888889,5.6,-95.5,Efficient,normal usage pattern,"Computer Site is classified as Efficient. It is 95.5% below the REFIT similar-appliance average, with 850 detected events and 22.3% peak-hour activity.",0.2309,0.482,0.037,0.2797,"Matched because this appliance is efficient, normal usage pattern, and the option balances price, energy reduction, savings and payback."
4,Computer Site,Computer Site,computer,Appliance6,0.019,6.93,0.17,2.08,JB Hi-Fi,Energy Monitoring Smart Plug,TP-Link Tapo,29.0,70.0,1.75,0.0,0.0,0.0,,0.0,0.0,0.8961,0.0,0.1344,Monitoring,Overall,Adds monitoring so recommendations can be updated later.,low,Consider Energy Monitoring Smart Plug from JB Hi-Fi for Computer Site. Estimated saving: $0.00/month with about 0.0 kWh/year reduction.,computer,0.41818333333333335,0.179285,3.763888888888889,5.6,-95.5,Efficient,normal usage pattern,"Computer Site is classified as Efficient. It is 95.5% below the REFIT similar-appliance average, with 850 detected events and 22.3% peak-hour activity.",0.2277,0.4747,0.037,0.2773,"Matched because this appliance is efficient, normal usage pattern, and the option balances price, energy reduction, savings and payback."
4,Computer Site,Computer Site,computer,Appliance6,0.019,6.93,0.17,2.08,Officeworks,Smart Standby Powerboard,Jackson,39.0,135.0,3.38,0.0,0.0,0.0,,0.0,0.0,0.8651,0.0,0.1298,Control,Best Value,"Reduces standby waste from monitors, printers and routers.",low,Consider Smart Standby Powerboard from Officeworks for Computer Site. Estimated saving: $0.00/month with about 0.0 kWh/year reduction.,computer,0.41818333333333335,0.179285,3.763888888888889,5.6,-95.5,Efficient,normal usage pattern,"Computer Site is classified as Efficient. It is 95.5% below the REFIT similar-appliance average, with 850 detected events and 22.3% peak-hour activity.",0.2215,0.4607,0.037,0.2726,"Matched because this appliance is efficient, normal usage pattern, and the option balances price, energy reduction, savings and payback."
4,Computer Site,Computer Site,computer,Appliance6,0.019,6.93,0.17,2.08,JB Hi-Fi,Energy Efficient Mini PC Setup,Generic,699.0,105.0,2.62,0.0,0.0,0.0,,0.0,0.0,0.2634,0.0,0.0395,High,Energy Wise,Lower-power option for desktop computer sites.,low,Consider Energy Efficient Mini PC Setup from JB Hi-Fi for Computer Site. Estimated saving: $0.00/month with about 0.0 kWh/year reduction.,computer,0.41818333333333335,0.179285,3.763888888888889,5.6,-95.5,Efficient,normal usage pattern,"Computer Site is classified as Efficient. It is 95.5% below the REFIT similar-appliance average, with 850 detected events and 22.3% peak-hour activity.",0.1011,0.19,0.037,0.1824,"Matched because this appliance is efficient, normal usage pattern, and the option balances price, energy reduction, savings and payback."
4,Freezer,Freezer,freezer,Appliance2,0.14368,52.44,1.29,15.73,Kmart,Freezer Timer Reminder Plug,Generic,19.0,300.0,7.5,0.0,0.0,0.0,,0.0,0.0,0.9294,0.0,0.1394,Control,Cheapest,"Useful for monitoring, not replacing cold storage.",low,Consider Freezer Timer Reminder Plug from Kmart for Freezer. Estimated saving: $0.00/month with about 0.0 kWh/year reduction.,freezer,1.02615,0.92847,9.235384615384616,30.8,-86.0,Average,peak-hour usage,"Freezer is classified as Average. It is 86.0% below the REFIT similar-appliance average, with 754 detected events and 26.2% peak-hour activity.",0.2595,0.4896,0.0748,0.2823,"Matched because this appliance is average, peak-hour usage, and the option balances price, energy reduction, savings and payback."
4,Freezer,Freezer,freezer,Appliance2,0.14368,52.44,1.29,15.73,Kmart,Smart Plug With Timer,Generic,19.0,80.0,2.0,0.0,0.0,0.0,,0.0,0.0,0.9294,0.0,0.1394,Control,Cheapest,Low-cost way to reduce standby and schedule usage.,low,Consider Smart Plug With Timer from Kmart for Freezer. Estimated saving: $0.00/month with about 0.0 kWh/year reduction.,freezer,1.02615,0.92847,9.235384615384616,30.8,-86.0,Average,peak-hour usage,"Freezer is classified as Average. It is 86.0% below the REFIT similar-appliance average, with 754 detected events and 26.2% peak-hour activity.",0.2595,0.4896,0.0748,0.2823,"Matched because this appliance is average, peak-hour usage, and the option balances price, energy reduction, savings and payback."
4,Freezer,Freezer,freezer,Appliance2,0.14368,52.44,1.29,15.73,Bunnings,Timer Plug / Standby Saver,Arlec,24.0,75.0,1.88,0.0,0.0,0.0,,0.0,0.0,0.9124,0.0,0.1369,Control,Best Value,Useful for appliance groups and plug loads.,low,Consider Timer Plug / Standby Saver from Bunnings for Freezer. Estimated saving: $0.00/month with about 0.0 kWh/year reduction.,freezer,1.02615,0.92847,9.235384615384616,30.8,-86.0,Average,peak-hour usage,"Freezer is classified as Average. It is 86.0% below the REFIT similar-appliance average, with 754 detected events and 26.2% peak-hour activity.",0.2561,0.482,0.0748,0.2797,"Matched because this appliance is average, peak-hour usage, and the option balances price, energy reduction, savings and payback."
4,Freezer,Freezer,freezer,Appliance2,0.14368,52.44,1.29,15.73,JB Hi-Fi,Energy Monitoring Smart Plug,TP-Link Tapo,29.0,70.0,1.75,0.0,0.0,0.0,,0.0,0.0,0.8961,0.0,0.1344,Monitoring,Overall,Adds monitoring so recommendations can be updated later.,low,Consider Energy Monitoring Smart Plug from JB Hi-Fi for Freezer. Estimated saving: $0.00/month with about 0.0 kWh/year reduction.,freezer,1.02615,0.92847,9.235384615384616,30.8,-86.0,Average,peak-hour usage,"Freezer is classified as Average. It is 86.0% below the REFIT similar-appliance average, with 754 detected events and 26.2% peak-hour activity.",0.2529,0.4747,0.0748,0.2773,"Matched because this appliance is average, peak-hour usage, and the option balances price, energy reduction, savings and payback."
4,Freezer,Freezer,freezer,Appliance2,0.14368,52.44,1.29,15.73,Harvey Norman,Low Energy Chest Freezer,Haier,499.0,210.0,5.25,0.0,0.0,0.0,,0.0,0.0,0.3338,0.0,0.0501,Premium,Energy Wise,Chest freezer style can reduce energy loss.,low,Consider Low Energy Chest Freezer from Harvey Norman for Freezer. Estimated saving: $0.00/month with about 0.0 kWh/year reduction.,freezer,1.02615,0.92847,9.235384615384616,30.8,-86.0,Average,peak-hour usage,"Freezer is classified as Average. It is 86.0% below the REFIT similar-appliance average, with 754 detected events and 26.2% peak-hour activity.",0.1404,0.2216,0.0748,0.1929,"Matched because this appliance is average, peak-hour usage, and the option balances price, energy reduction, savings and payback."
4,Freezer,Freezer,freezer,Appliance2,0.14368,52.44,1.29,15.73,The Good Guys,Efficient Upright Freezer,Westinghouse,849.0,250.0,6.25,0.0,0.0,0.0,,0.0,0.0,0.2275,0.0,0.0341,High,Best Value,Good for high continuous freezer loads.,low,Consider Efficient Upright Freezer from The Good Guys for Freezer. Estimated saving: $0.00/month with about 0.0 kWh/year reduction.,freezer,1.02615,0.92847,9.235384615384616,30.8,-86.0,Average,peak-hour usage,"Freezer is classified as Average. It is 86.0% below the REFIT similar-appliance average, with 754 detected events and 26.2% peak-hour activity.",0.1192,0.1738,0.0748,0.177,"Matched because this appliance is average, peak-hour usage, and the option balances price, energy reduction, savings and payback."
4,Fridge,Fridge,fridge,Appliance1,0.07878,28.75,0.71,8.63,Kmart,Smart Plug With Timer,Generic,19.0,80.0,2.0,0.0,0.0,0.0,,0.0,0.0,0.9294,0.0,0.1394,Control,Cheapest,Low-cost way to reduce standby and schedule usage.,low,Consider Smart Plug With Timer from Kmart for Fridge. Estimated saving: $0.00/month with about 0.0 kWh/year reduction.,fridge,0.8247209090909091,0.62875,7.422727272727273,4.5,-90.4,Efficient,normal usage pattern,"Fridge is classified as Efficient. It is 90.4% below the REFIT similar-appliance average, with 211 detected events and 12.7% peak-hour activity.",0.2332,0.4896,0.0353,0.2823,"Matched because this appliance is efficient, normal usage pattern, and the option balances price, energy reduction, savings and payback."
4,Fridge,Fridge,fridge,Appliance1,0.07878,28.75,0.71,8.63,Bunnings,Timer Plug / Standby Saver,Arlec,24.0,75.0,1.88,0.0,0.0,0.0,,0.0,0.0,0.9124,0.0,0.1369,Control,Best Value,Useful for appliance groups and plug loads.,low,Consider Timer Plug / Standby Saver from Bunnings for Fridge. Estimated saving: $0.00/month with about 0.0 kWh/year reduction.,fridge,0.8247209090909091,0.62875,7.422727272727273,4.5,-90.4,Efficient,normal usage pattern,"Fridge is classified as Efficient. It is 90.4% below the REFIT similar-appliance average, with 211 detected events and 12.7% peak-hour activity.",0.2298,0.482,0.0353,0.2797,"Matched because this appliance is efficient, normal usage pattern, and the option balances price, energy reduction, savings and payback."
4,Fridge,Fridge,fridge,Appliance1,0.07878,28.75,0.71,8.63,JB Hi-Fi,Energy Monitoring Smart Plug,TP-Link Tapo,29.0,70.0,1.75,0.0,0.0,0.0,,0.0,0.0,0.8961,0.0,0.1344,Monitoring,Overall,Adds monitoring so recommendations can be updated later.,low,Consider Energy Monitoring Smart Plug from JB Hi-Fi for Fridge. Estimated saving: $0.00/month with about 0.0 kWh/year reduction.,fridge,0.8247209090909091,0.62875,7.422727272727273,4.5,-90.4,Efficient,normal usage pattern,"Fridge is classified as Efficient. It is 90.4% below the REFIT similar-appliance average, with 211 detected events and 12.7% peak-hour activity.",0.2266,0.4747,0.0353,0.2773,"Matched because this appliance is efficient, normal usage pattern, and the option balances price, energy reduction, savings and payback."
4,Fridge,Fridge,fridge,Appliance1,0.07878,28.75,0.71,8.63,JB Hi-Fi,Compact Efficient Fridge,CHiQ,449.0,285.0,7.12,0.0,0.0,0.0,,0.0,0.0,0.3577,0.0,0.0536,Standard,Cheapest,Lower upfront price for smaller households.,low,Consider Compact Efficient Fridge from JB Hi-Fi for Fridge. Estimated saving: $0.00/month with about 0.0 kWh/year reduction.,fridge,0.8247209090909091,0.62875,7.422727272727273,4.5,-90.4,Efficient,normal usage pattern,"Fridge is classified as Efficient. It is 90.4% below the REFIT similar-appliance average, with 211 detected events and 12.7% peak-hour activity.",0.1189,0.2324,0.0353,0.1965,"Matched because this appliance is efficient, normal usage pattern, and the option balances price, energy reduction, savings and payback."
4,Fridge,Fridge,fridge,Appliance1,0.07878,28.75,0.71,8.63,The Good Guys,Energy Efficient Fridge-Freezer,Hisense,699.0,260.0,6.5,0.0,0.0,0.0,,0.0,0.0,0.2634,0.0,0.0395,High,Best Value,Balanced replacement for continuous loads.,low,Consider Energy Efficient Fridge-Freezer from The Good Guys for Fridge. Estimated saving: $0.00/month with about 0.0 kWh/year reduction.,fridge,0.8247209090909091,0.62875,7.422727272727273,4.5,-90.4,Efficient,normal usage pattern,"Fridge is classified as Efficient. It is 90.4% below the REFIT similar-appliance average, with 211 detected events and 12.7% peak-hour activity.",0.1,0.19,0.0353,0.1824,"Matched because this appliance is efficient, normal usage pattern, and the option balances price, energy reduction, savings and payback."
4,Fridge,Fridge,fridge,Appliance1,0.07878,28.75,0.71,8.63,Harvey Norman,Inverter Fridge-Freezer,Samsung,999.0,220.0,5.5,0.0,0.0,0.0,,0.0,0.0,0.2002,0.0,0.03,Premium,Energy Wise,Inverter compressor suited to always-on refrigeration.,low,Consider Inverter Fridge-Freezer from Harvey Norman for Fridge. Estimated saving: $0.00/month with about 0.0 kWh/year reduction.,fridge,0.8247209090909091,0.62875,7.422727272727273,4.5,-90.4,Efficient,normal usage pattern,"Fridge is classified as Efficient. It is 90.4% below the REFIT similar-appliance average, with 211 detected events and 12.7% peak-hour activity.",0.0874,0.1615,0.0353,0.1729,"Matched because this appliance is efficient, normal usage pattern, and the option balances price, energy reduction, savings and payback."
4,Fridge-Freezer,Fridge-Freezer,fridge,Appliance3,0.13104,47.83,1.18,14.35,Kmart,Smart Plug With Timer,Generic,19.0,80.0,2.0,0.0,0.0,0.0,,0.0,0.0,0.9294,0.0,0.1394,Control,Cheapest,Low-cost way to reduce standby and schedule usage.,low,Consider Smart Plug With Timer from Kmart for Fridge-Freezer. Estimated saving: $0.00/month with about 0.0 kWh/year reduction.,fridge,0.8247209090909091,0.62875,7.422727272727273,13.6,-84.1,Average,peak-hour usage,"Fridge-Freezer is classified as Average. It is 84.1% below the REFIT similar-appliance average, with 401 detected events and 26.1% peak-hour activity.",0.2423,0.4896,0.049,0.2823,"Matched because this appliance is average, peak-hour usage, and the option balances price, energy reduction, savings and payback."
4,Fridge-Freezer,Fridge-Freezer,fridge,Appliance3,0.13104,47.83,1.18,14.35,Bunnings,Timer Plug / Standby Saver,Arlec,24.0,75.0,1.88,0.0,0.0,0.0,,0.0,0.0,0.9124,0.0,0.1369,Control,Best Value,Useful for appliance groups and plug loads.,low,Consider Timer Plug / Standby Saver from Bunnings for Fridge-Freezer. Estimated saving: $0.00/month with about 0.0 kWh/year reduction.,fridge,0.8247209090909091,0.62875,7.422727272727273,13.6,-84.1,Average,peak-hour usage,"Fridge-Freezer is classified as Average. It is 84.1% below the REFIT similar-appliance average, with 401 detected events and 26.1% peak-hour activity.",0.2389,0.482,0.049,0.2797,"Matched because this appliance is average, peak-hour usage, and the option balances price, energy reduction, savings and payback."
4,Fridge-Freezer,Fridge-Freezer,fridge,Appliance3,0.13104,47.83,1.18,14.35,JB Hi-Fi,Energy Monitoring Smart Plug,TP-Link Tapo,29.0,70.0,1.75,0.0,0.0,0.0,,0.0,0.0,0.8961,0.0,0.1344,Monitoring,Overall,Adds monitoring so recommendations can be updated later.,low,Consider Energy Monitoring Smart Plug from JB Hi-Fi for Fridge-Freezer. Estimated saving: $0.00/month with about 0.0 kWh/year reduction.,fridge,0.8247209090909091,0.62875,7.422727272727273,13.6,-84.1,Average,peak-hour usage,"Fridge-Freezer is classified as Average. It is 84.1% below the REFIT similar-appliance average, with 401 detected events and 26.1% peak-hour activity.",0.2357,0.4747,0.049,0.2773,"Matched because this appliance is average, peak-hour usage, and the option balances price, energy reduction, savings and payback."
4,Fridge-Freezer,Fridge-Freezer,fridge,Appliance3,0.13104,47.83,1.18,14.35,JB Hi-Fi,Compact Efficient Fridge,CHiQ,449.0,285.0,7.12,0.0,0.0,0.0,,0.0,0.0,0.3577,0.0,0.0536,Standard,Cheapest,Lower upfront price for smaller households.,low,Consider Compact Efficient Fridge from JB Hi-Fi for Fridge-Freezer. Estimated saving: $0.00/month with about 0.0 kWh/year reduction.,fridge,0.8247209090909091,0.62875,7.422727272727273,13.6,-84.1,Average,peak-hour usage,"Fridge-Freezer is classified as Average. It is 84.1% below the REFIT similar-appliance average, with 401 detected events and 26.1% peak-hour activity.",0.128,0.2324,0.049,0.1965,"Matched because this appliance is average, peak-hour usage, and the option balances price, energy reduction, savings and payback."
4,Fridge-Freezer,Fridge-Freezer,fridge,Appliance3,0.13104,47.83,1.18,14.35,The Good Guys,Energy Efficient Fridge-Freezer,Hisense,699.0,260.0,6.5,0.0,0.0,0.0,,0.0,0.0,0.2634,0.0,0.0395,High,Best Value,Balanced replacement for continuous loads.,low,Consider Energy Efficient Fridge-Freezer from The Good Guys for Fridge-Freezer. Estimated saving: $0.00/month with about 0.0 kWh/year reduction.,fridge,0.8247209090909091,0.62875,7.422727272727273,13.6,-84.1,Average,peak-hour usage,"Fridge-Freezer is classified as Average. It is 84.1% below the REFIT similar-appliance average, with 401 detected events and 26.1% peak-hour activity.",0.1091,0.19,0.049,0.1824,"Matched because this appliance is average, peak-hour usage, and the option balances price, energy reduction, savings and payback."
4,Fridge-Freezer,Fridge-Freezer,fridge,Appliance3,0.13104,47.83,1.18,14.35,Harvey Norman,Inverter Fridge-Freezer,Samsung,999.0,220.0,5.5,0.0,0.0,0.0,,0.0,0.0,0.2002,0.0,0.03,Premium,Energy Wise,Inverter compressor suited to always-on refrigeration.,low,Consider Inverter Fridge-Freezer from Harvey Norman for Fridge-Freezer. Estimated saving: $0.00/month with about 0.0 kWh/year reduction.,fridge,0.8247209090909091,0.62875,7.422727272727273,13.6,-84.1,Average,peak-hour usage,"Fridge-Freezer is classified as Average. It is 84.1% below the REFIT similar-appliance average, with 401 detected events and 26.1% peak-hour activity.",0.0965,0.1615,0.049,0.1729,"Matched because this appliance is average, peak-hour usage, and the option balances price, energy reduction, savings and payback."
4,Kettle,Kettle,kettle,Appliance9,1.21354,442.94,10.92,132.88,Kmart,Smart Plug With Timer,Generic,19.0,80.0,2.0,362.94,8.92,107.06,2.13,0.8169,0.8194,0.9294,0.9185,0.8497,Control,Cheapest,Low-cost way to reduce standby and schedule usage.,high,Consider Smart Plug With Timer from Kmart for Kettle. Estimated saving: $8.92/month with about 362.9 kWh/year reduction.,kettle,16.07417125,13.334344999999999,144.66750000000002,6.2,-92.5,Efficient,normal usage pattern,"Kettle is classified as Efficient. It is 92.5% below the REFIT similar-appliance average, with 110 detected events and 22.8% peak-hour activity.",0.3461,0.6567,0.1233,0.609,"Matched because this appliance is efficient, normal usage pattern, and the option balances price, energy reduction, savings and payback."
4,Kettle,Kettle,kettle,Appliance9,1.21354,442.94,10.92,132.88,Kmart,1.7L Auto-Off Kettle,Anko,25.0,32.0,0.8,410.94,10.12,121.46,2.47,0.9268,0.9278,0.9091,0.9067,0.9214,Efficient,Cheapest,Low-cost replacement with auto shut-off.,high,Consider 1.7L Auto-Off Kettle from Kmart for Kettle. Estimated saving: $10.12/month with about 410.9 kWh/year reduction.,kettle,16.07417125,13.334344999999999,144.66750000000002,6.2,-92.5,Efficient,normal usage pattern,"Kettle is classified as Efficient. It is 92.5% below the REFIT similar-appliance average, with 110 detected events and 22.8% peak-hour activity.",0.3424,0.6458,0.125,0.6014,"Matched because this appliance is efficient, normal usage pattern, and the option balances price, energy reduction, savings and payback."
4,Kettle,Kettle,kettle,Appliance9,1.21354,442.94,10.92,132.88,Bunnings,Timer Plug / Standby Saver,Arlec,24.0,75.0,1.88,367.94,9.05,108.56,2.65,0.8283,0.8307,0.9124,0.9005,0.8525,Control,Best Value,Useful for appliance groups and plug loads.,high,Consider Timer Plug / Standby Saver from Bunnings for Kettle. Estimated saving: $9.05/month with about 367.9 kWh/year reduction.,kettle,16.07417125,13.334344999999999,144.66750000000002,6.2,-92.5,Efficient,normal usage pattern,"Kettle is classified as Efficient. It is 92.5% below the REFIT similar-appliance average, with 110 detected events and 22.8% peak-hour activity.",0.3402,0.6447,0.1218,0.5976,"Matched because this appliance is efficient, normal usage pattern, and the option balances price, energy reduction, savings and payback."
4,Kettle,Kettle,kettle,Appliance9,1.21354,442.94,10.92,132.88,JB Hi-Fi,Energy Monitoring Smart Plug,TP-Link Tapo,29.0,70.0,1.75,372.94,9.17,110.06,3.16,0.8398,0.842,0.8961,0.8836,0.8554,Monitoring,Overall,Adds monitoring so recommendations can be updated later.,high,Consider Energy Monitoring Smart Plug from JB Hi-Fi for Kettle. Estimated saving: $9.17/month with about 372.9 kWh/year reduction.,kettle,16.07417125,13.334344999999999,144.66750000000002,6.2,-92.5,Efficient,normal usage pattern,"Kettle is classified as Efficient. It is 92.5% below the REFIT similar-appliance average, with 110 detected events and 22.8% peak-hour activity.",0.3346,0.6332,0.1204,0.5868,"Matched because this appliance is efficient, normal usage pattern, and the option balances price, energy reduction, savings and payback."
4,Kettle,Kettle,kettle,Appliance9,1.21354,442.94,10.92,132.88,Big W,Energy Efficient Kettle,Russell Hobbs,49.0,28.0,0.7,414.94,10.22,122.66,4.79,0.9359,0.9368,0.8361,0.8335,0.9058,High,Best Value,Balanced price and energy use.,high,Consider Energy Efficient Kettle from Big W for Kettle. Estimated saving: $10.22/month with about 414.9 kWh/year reduction.,kettle,16.07417125,13.334344999999999,144.66750000000002,6.2,-92.5,Efficient,normal usage pattern,"Kettle is classified as Efficient. It is 92.5% below the REFIT similar-appliance average, with 110 detected events and 22.8% peak-hour activity.",0.317,0.5948,0.118,0.554,"Matched because this appliance is efficient, normal usage pattern, and the option balances price, energy reduction, savings and payback."
4,Kettle,Kettle,kettle,Appliance9,1.21354,442.94,10.92,132.88,JB Hi-Fi,Smart Temperature Control Kettle,Breville,109.0,24.0,0.6,418.94,10.32,123.86,10.56,0.9451,0.9458,0.6964,0.6944,0.8704,Premium,Energy Wise,Temperature control helps reduce repeated boiling.,high,Consider Smart Temperature Control Kettle from JB Hi-Fi for Kettle. Estimated saving: $10.32/month with about 418.9 kWh/year reduction.,kettle,16.07417125,13.334344999999999,144.66750000000002,6.2,-92.5,Efficient,normal usage pattern,"Kettle is classified as Efficient. It is 92.5% below the REFIT similar-appliance average, with 110 detected events and 22.8% peak-hour activity.",0.2684,0.4972,0.1043,0.4636,"Matched because this appliance is efficient, normal usage pattern, and the option balances price, energy reduction, savings and payback."
4,Microwave,Microwave,microwave,Appliance8,0.02586,9.44,0.23,2.83,Kmart,Smart Plug With Timer,Generic,19.0,80.0,2.0,0.0,0.0,0.0,,0.0,0.0,0.9294,0.0,0.1394,Control,Cheapest,Low-cost way to reduce standby and schedule usage.,low,Consider Smart Plug With Timer from Kmart for Microwave. Estimated saving: $0.00/month with about 0.0 kWh/year reduction.,microwave,1.693406875,0.12358,15.23875,25.0,-98.5,Average,peak-hour usage,"Microwave is classified as Average. It is 98.5% below the REFIT similar-appliance average, with 178 detected events and 37.0% peak-hour activity.",0.2537,0.4896,0.0661,0.2823,"Matched because this appliance is average, peak-hour usage, and the option balances price, energy reduction, savings and payback."
4,Microwave,Microwave,microwave,Appliance8,0.02586,9.44,0.23,2.83,Bunnings,Timer Plug / Standby Saver,Arlec,24.0,75.0,1.88,0.0,0.0,0.0,,0.0,0.0,0.9124,0.0,0.1369,Control,Best Value,Useful for appliance groups and plug loads.,low,Consider Timer Plug / Standby Saver from Bunnings for Microwave. Estimated saving: $0.00/month with about 0.0 kWh/year reduction.,microwave,1.693406875,0.12358,15.23875,25.0,-98.5,Average,peak-hour usage,"Microwave is classified as Average. It is 98.5% below the REFIT similar-appliance average, with 178 detected events and 37.0% peak-hour activity.",0.2503,0.482,0.0661,0.2797,"Matched because this appliance is average, peak-hour usage, and the option balances price, energy reduction, savings and payback."
4,Microwave,Microwave,microwave,Appliance8,0.02586,9.44,0.23,2.83,JB Hi-Fi,Energy Monitoring Smart Plug,TP-Link Tapo,29.0,70.0,1.75,0.0,0.0,0.0,,0.0,0.0,0.8961,0.0,0.1344,Monitoring,Overall,Adds monitoring so recommendations can be updated later.,low,Consider Energy Monitoring Smart Plug from JB Hi-Fi for Microwave. Estimated saving: $0.00/month with about 0.0 kWh/year reduction.,microwave,1.693406875,0.12358,15.23875,25.0,-98.5,Average,peak-hour usage,"Microwave is classified as Average. It is 98.5% below the REFIT similar-appliance average, with 178 detected events and 37.0% peak-hour activity.",0.2471,0.4747,0.0661,0.2773,"Matched because this appliance is average, peak-hour usage, and the option balances price, energy reduction, savings and payback."
4,Microwave,Microwave,microwave,Appliance8,0.02586,9.44,0.23,2.83,Kmart,Compact Microwave,Anko,99.0,96.0,2.4,0.0,0.0,0.0,,0.0,0.0,0.7163,0.0,0.1074,Standard,Cheapest,Lowest upfront price.,low,Consider Compact Microwave from Kmart for Microwave. Estimated saving: $0.00/month with about 0.0 kWh/year reduction.,microwave,1.693406875,0.12358,15.23875,25.0,-98.5,Average,peak-hour usage,"Microwave is classified as Average. It is 98.5% below the REFIT similar-appliance average, with 178 detected events and 37.0% peak-hour activity.",0.2111,0.3938,0.0661,0.2503,"Matched because this appliance is average, peak-hour usage, and the option balances price, energy reduction, savings and payback."
4,Microwave,Microwave,microwave,Appliance8,0.02586,9.44,0.23,2.83,The Good Guys,900W Efficient Microwave,LG,179.0,82.0,2.05,0.0,0.0,0.0,,0.0,0.0,0.5828,0.0,0.0874,High,Best Value,Good balance of price and energy use.,low,Consider 900W Efficient Microwave from The Good Guys for Microwave. Estimated saving: $0.00/month with about 0.0 kWh/year reduction.,microwave,1.693406875,0.12358,15.23875,25.0,-98.5,Average,peak-hour usage,"Microwave is classified as Average. It is 98.5% below the REFIT similar-appliance average, with 178 detected events and 37.0% peak-hour activity.",0.1844,0.3337,0.0661,0.2303,"Matched because this appliance is average, peak-hour usage, and the option balances price, energy reduction, savings and payback."
4,Microwave,Microwave,microwave,Appliance8,0.02586,9.44,0.23,2.83,JB Hi-Fi,Compact Inverter Microwave,Panasonic,219.0,76.0,1.9,0.0,0.0,0.0,,0.0,0.0,0.533,0.0,0.08,Premium,Energy Wise,Inverter control is suitable for repeated cooking events.,low,Consider Compact Inverter Microwave from JB Hi-Fi for Microwave. Estimated saving: $0.00/month with about 0.0 kWh/year reduction.,microwave,1.693406875,0.12358,15.23875,25.0,-98.5,Average,peak-hour usage,"Microwave is classified as Average. It is 98.5% below the REFIT similar-appliance average, with 178 detected events and 37.0% peak-hour activity.",0.1745,0.3113,0.0661,0.2228,"Matched because this appliance is average, peak-hour usage, and the option balances price, energy reduction, savings and payback."
4,Television Site,Television Site,television,Appliance7,0.05273,19.25,0.47,5.77,Kmart,Standby Saver Powerboard,Generic,19.0,120.0,3.0,0.0,0.0,0.0,,0.0,0.0,0.9294,0.0,0.1394,Control,Cheapest,Useful where TV site has multiple standby devices.,low,Consider Standby Saver Powerboard from Kmart for Television Site. Estimated saving: $0.00/month with about 0.0 kWh/year reduction.,television,0.64669,0.36083,5.819047619047619,19.0,-91.8,Average,"peak-hour usage, frequent usage","Television Site is classified as Average. It is 91.8% below the REFIT similar-appliance average, with 9825 detected events and 40.2% peak-hour activity.",0.2477,0.4896,0.0571,0.2823,"Matched because this appliance is average, peak-hour usage, frequent usage, and the option balances price, energy reduction, savings and payback."
4,Television Site,Television Site,television,Appliance7,0.05273,19.25,0.47,5.77,Kmart,Smart Plug With Timer,Generic,19.0,80.0,2.0,0.0,0.0,0.0,,0.0,0.0,0.9294,0.0,0.1394,Control,Cheapest,Low-cost way to reduce standby and schedule usage.,low,Consider Smart Plug With Timer from Kmart for Television Site. Estimated saving: $0.00/month with about 0.0 kWh/year reduction.,television,0.64669,0.36083,5.819047619047619,19.0,-91.8,Average,"peak-hour usage, frequent usage","Television Site is classified as Average. It is 91.8% below the REFIT similar-appliance average, with 9825 detected events and 40.2% peak-hour activity.",0.2477,0.4896,0.0571,0.2823,"Matched because this appliance is average, peak-hour usage, frequent usage, and the option balances price, energy reduction, savings and payback."
4,Television Site,Television Site,television,Appliance7,0.05273,19.25,0.47,5.77,Bunnings,Timer Plug / Standby Saver,Arlec,24.0,75.0,1.88,0.0,0.0,0.0,,0.0,0.0,0.9124,0.0,0.1369,Control,Best Value,Useful for appliance groups and plug loads.,low,Consider Timer Plug / Standby Saver from Bunnings for Television Site. Estimated saving: $0.00/month with about 0.0 kWh/year reduction.,television,0.64669,0.36083,5.819047619047619,19.0,-91.8,Average,"peak-hour usage, frequent usage","Television Site is classified as Average. It is 91.8% below the REFIT similar-appliance average, with 9825 detected events and 40.2% peak-hour activity.",0.2443,0.482,0.0571,0.2797,"Matched because this appliance is average, peak-hour usage, frequent usage, and the option balances price, energy reduction, savings and payback."
4,Television Site,Television Site,television,Appliance7,0.05273,19.25,0.47,5.77,JB Hi-Fi,Energy Monitoring Smart Plug,TP-Link Tapo,29.0,70.0,1.75,0.0,0.0,0.0,,0.0,0.0,0.8961,0.0,0.1344,Monitoring,Overall,Adds monitoring so recommendations can be updated later.,low,Consider Energy Monitoring Smart Plug from JB Hi-Fi for Television Site. Estimated saving: $0.00/month with about 0.0 kWh/year reduction.,television,0.64669,0.36083,5.819047619047619,19.0,-91.8,Average,"peak-hour usage, frequent usage","Television Site is classified as Average. It is 91.8% below the REFIT similar-appliance average, with 9825 detected events and 40.2% peak-hour activity.",0.2411,0.4747,0.0571,0.2773,"Matched because this appliance is average, peak-hour usage, frequent usage, and the option balances price, energy reduction, savings and payback."
4,Television Site,Television Site,television,Appliance7,0.05273,19.25,0.47,5.77,JB Hi-Fi,Energy Efficient LED TV,TCL,599.0,95.0,2.38,0.0,0.0,0.0,,0.0,0.0,0.2945,0.0,0.0442,High,Best Value,LED replacement for high TV-site consumption.,low,Consider Energy Efficient LED TV from JB Hi-Fi for Television Site. Estimated saving: $0.00/month with about 0.0 kWh/year reduction.,television,0.64669,0.36083,5.819047619047619,19.0,-91.8,Average,"peak-hour usage, frequent usage","Television Site is classified as Average. It is 91.8% below the REFIT similar-appliance average, with 9825 detected events and 40.2% peak-hour activity.",0.1207,0.2039,0.0571,0.187,"Matched because this appliance is average, peak-hour usage, frequent usage, and the option balances price, energy reduction, savings and payback."
4,Television Site,Television Site,television,Appliance7,0.05273,19.25,0.47,5.77,The Good Guys,Low Energy QLED TV,Samsung,899.0,80.0,2.0,0.0,0.0,0.0,,0.0,0.0,0.2176,0.0,0.0326,Premium,Energy Wise,Lower annual kWh for heavy TV use.,low,Consider Low Energy QLED TV from The Good Guys for Television Site. Estimated saving: $0.00/month with about 0.0 kWh/year reduction.,television,0.64669,0.36083,5.819047619047619,19.0,-91.8,Average,"peak-hour usage, frequent usage","Television Site is classified as Average. It is 91.8% below the REFIT similar-appliance average, with 9825 detected events and 40.2% peak-hour activity.",0.1054,0.1693,0.0571,0.1755,"Matched because this appliance is average, peak-hour usage, frequent usage, and the option balances price, energy reduction, savings and payback."
4,Washing Machine 1,Washing Machine 1,washing machine,Appliance4,0.26942,98.34,2.42,29.5,Kmart,Smart Plug With Timer,Generic,19.0,80.0,2.0,18.34,0.42,5.1,44.73,0.1752,0.1865,0.9294,0.3492,0.3178,Control,Cheapest,Low-cost way to reduce standby and schedule usage.,medium,Consider Smart Plug With Timer from Kmart for Washing Machine 1. Estimated saving: $0.42/month with about 18.3 kWh/year reduction.,washing machine,1.958721081081081,1.22083,17.62810810810811,18.9,-86.2,Efficient,normal usage pattern,"Washing Machine 1 is classified as Efficient. It is 86.2% below the REFIT similar-appliance average, with 82 detected events and 24.2% peak-hour activity.",0.2579,0.5059,0.0644,0.3145,"Matched because this appliance is efficient, normal usage pattern, and the option balances price, energy reduction, savings and payback."
4,Washing Machine 1,Washing Machine 1,washing machine,Appliance4,0.26942,98.34,2.42,29.5,Bunnings,Timer Plug / Standby Saver,Arlec,24.0,75.0,1.88,23.34,0.55,6.6,43.65,0.2267,0.2373,0.9124,0.3548,0.352,Control,Best Value,Useful for appliance groups and plug loads.,medium,Consider Timer Plug / Standby Saver from Bunnings for Washing Machine 1. Estimated saving: $0.55/month with about 23.3 kWh/year reduction.,washing machine,1.958721081081081,1.22083,17.62810810810811,18.9,-86.2,Efficient,normal usage pattern,"Washing Machine 1 is classified as Efficient. It is 86.2% below the REFIT similar-appliance average, with 82 detected events and 24.2% peak-hour activity.",0.2556,0.4998,0.0652,0.3149,"Matched because this appliance is efficient, normal usage pattern, and the option balances price, energy reduction, savings and payback."
4,Washing Machine 1,Washing Machine 1,washing machine,Appliance4,0.26942,98.34,2.42,29.5,JB Hi-Fi,Energy Monitoring Smart Plug,TP-Link Tapo,29.0,70.0,1.75,28.34,0.67,8.1,42.98,0.2783,0.2882,0.8961,0.3583,0.3859,Monitoring,Overall,Adds monitoring so recommendations can be updated later.,medium,Consider Energy Monitoring Smart Plug from JB Hi-Fi for Washing Machine 1. Estimated saving: $0.67/month with about 28.3 kWh/year reduction.,washing machine,1.958721081081081,1.22083,17.62810810810811,18.9,-86.2,Efficient,normal usage pattern,"Washing Machine 1 is classified as Efficient. It is 86.2% below the REFIT similar-appliance average, with 82 detected events and 24.2% peak-hour activity.",0.2531,0.4935,0.0659,0.3143,"Matched because this appliance is efficient, normal usage pattern, and the option balances price, energy reduction, savings and payback."
4,Washing Machine 1,Washing Machine 1,washing machine,Appliance4,0.26942,98.34,2.42,29.5,Big W,Laundry Smart Timer Plug,Generic,29.0,180.0,4.5,0.0,0.0,0.0,,0.0,0.0,0.8961,0.0,0.1344,Control,Cheapest,Low-cost option to shift laundry away from peak hours.,low,Consider Laundry Smart Timer Plug from Big W for Washing Machine 1. Estimated saving: $0.00/month with about 0.0 kWh/year reduction.,washing machine,1.958721081081081,1.22083,17.62810810810811,18.9,-86.2,Efficient,normal usage pattern,"Washing Machine 1 is classified as Efficient. It is 86.2% below the REFIT similar-appliance average, with 82 detected events and 24.2% peak-hour activity.",0.241,0.4747,0.0569,0.2773,"Matched because this appliance is efficient, normal usage pattern, and the option balances price, energy reduction, savings and payback."
4,Washing Machine 1,Washing Machine 1,washing machine,Appliance4,0.26942,98.34,2.42,29.5,JB Hi-Fi,Inverter Front Loader,LG,799.0,145.0,3.62,0.0,0.0,0.0,,0.0,0.0,0.2383,0.0,0.0357,High,Best Value,Good value inverter option for repeated laundry use.,low,Consider Inverter Front Loader from JB Hi-Fi for Washing Machine 1. Estimated saving: $0.00/month with about 0.0 kWh/year reduction.,washing machine,1.958721081081081,1.22083,17.62810810810811,18.9,-86.2,Efficient,normal usage pattern,"Washing Machine 1 is classified as Efficient. It is 86.2% below the REFIT similar-appliance average, with 82 detected events and 24.2% peak-hour activity.",0.1094,0.1787,0.0569,0.1786,"Matched because this appliance is efficient, normal usage pattern, and the option balances price, energy reduction, savings and payback."
4,Washing Machine 1,Washing Machine 1,washing machine,Appliance4,0.26942,98.34,2.42,29.5,The Good Guys,Front Load Washing Machine,Bosch,849.0,135.0,3.38,0.0,0.0,0.0,,0.0,0.0,0.2275,0.0,0.0341,Premium,Energy Wise,Front loaders are suited to lower water and energy use.,low,Consider Front Load Washing Machine from The Good Guys for Washing Machine 1. Estimated saving: $0.00/month with about 0.0 kWh/year reduction.,washing machine,1.958721081081081,1.22083,17.62810810810811,18.9,-86.2,Efficient,normal usage pattern,"Washing Machine 1 is classified as Efficient. It is 86.2% below the REFIT similar-appliance average, with 82 detected events and 24.2% peak-hour activity.",0.1073,0.1738,0.0569,0.177,"Matched because this appliance is efficient, normal usage pattern, and the option balances price, energy reduction, savings and payback."
4,Washing Machine 2,Washing Machine 2,washing machine,Appliance5,0.13451,49.1,1.21,14.73,Kmart,Smart Plug With Timer,Generic,19.0,80.0,2.0,0.0,0.0,0.0,,0.0,0.0,0.9294,0.0,0.1394,Control,Cheapest,Low-cost way to reduce standby and schedule usage.,low,Consider Smart Plug With Timer from Kmart for Washing Machine 2. Estimated saving: $0.00/month with about 0.0 kWh/year reduction.,washing machine,1.958721081081081,1.22083,17.62810810810811,8.1,-93.1,Efficient,normal usage pattern,"Washing Machine 2 is classified as Efficient. It is 93.1% below the REFIT similar-appliance average, with 328 detected events and 23.8% peak-hour activity.",0.2368,0.4896,0.0407,0.2823,"Matched because this appliance is efficient, normal usage pattern, and the option balances price, energy reduction, savings and payback."
4,Washing Machine 2,Washing Machine 2,washing machine,Appliance5,0.13451,49.1,1.21,14.73,Bunnings,Timer Plug / Standby Saver,Arlec,24.0,75.0,1.88,0.0,0.0,0.0,,0.0,0.0,0.9124,0.0,0.1369,Control,Best Value,Useful for appliance groups and plug loads.,low,Consider Timer Plug / Standby Saver from Bunnings for Washing Machine 2. Estimated saving: $0.00/month with about 0.0 kWh/year reduction.,washing machine,1.958721081081081,1.22083,17.62810810810811,8.1,-93.1,Efficient,normal usage pattern,"Washing Machine 2 is classified as Efficient. It is 93.1% below the REFIT similar-appliance average, with 328 detected events and 23.8% peak-hour activity.",0.2334,0.482,0.0407,0.2797,"Matched because this appliance is efficient, normal usage pattern, and the option balances price, energy reduction, savings and payback."
4,Washing Machine 2,Washing Machine 2,washing machine,Appliance5,0.13451,49.1,1.21,14.73,Big W,Laundry Smart Timer Plug,Generic,29.0,180.0,4.5,0.0,0.0,0.0,,0.0,0.0,0.8961,0.0,0.1344,Control,Cheapest,Low-cost option to shift laundry away from peak hours.,low,Consider Laundry Smart Timer Plug from Big W for Washing Machine 2. Estimated saving: $0.00/month with about 0.0 kWh/year reduction.,washing machine,1.958721081081081,1.22083,17.62810810810811,8.1,-93.1,Efficient,normal usage pattern,"Washing Machine 2 is classified as Efficient. It is 93.1% below the REFIT similar-appliance average, with 328 detected events and 23.8% peak-hour activity.",0.2302,0.4747,0.0407,0.2773,"Matched because this appliance is efficient, normal usage pattern, and the option balances price, energy reduction, savings and payback."
4,Washing Machine 2,Washing Machine 2,washing machine,Appliance5,0.13451,49.1,1.21,14.73,JB Hi-Fi,Energy Monitoring Smart Plug,TP-Link Tapo,29.0,70.0,1.75,0.0,0.0,0.0,,0.0,0.0,0.8961,0.0,0.1344,Monitoring,Overall,Adds monitoring so recommendations can be updated later.,low,Consider Energy Monitoring Smart Plug from JB Hi-Fi for Washing Machine 2. Estimated saving: $0.00/month with about 0.0 kWh/year reduction.,washing machine,1.958721081081081,1.22083,17.62810810810811,8.1,-93.1,Efficient,normal usage pattern,"Washing Machine 2 is classified as Efficient. It is 93.1% below the REFIT similar-appliance average, with 328 detected events and 23.8% peak-hour activity.",0.2302,0.4747,0.0407,0.2773,"Matched because this appliance is efficient, normal usage pattern, and the option balances price, energy reduction, savings and payback."
4,Washing Machine 2,Washing Machine 2,washing machine,Appliance5,0.13451,49.1,1.21,14.73,JB Hi-Fi,Inverter Front Loader,LG,799.0,145.0,3.62,0.0,0.0,0.0,,0.0,0.0,0.2383,0.0,0.0357,High,Best Value,Good value inverter option for repeated laundry use.,low,Consider Inverter Front Loader from JB Hi-Fi for Washing Machine 2. Estimated saving: $0.00/month with about 0.0 kWh/year reduction.,washing machine,1.958721081081081,1.22083,17.62810810810811,8.1,-93.1,Efficient,normal usage pattern,"Washing Machine 2 is classified as Efficient. It is 93.1% below the REFIT similar-appliance average, with 328 detected events and 23.8% peak-hour activity.",0.0986,0.1787,0.0407,0.1786,"Matched because this appliance is efficient, normal usage pattern, and the option balances price, energy reduction, savings and payback."
4,Washing Machine 2,Washing Machine 2,washing machine,Appliance5,0.13451,49.1,1.21,14.73,The Good Guys,Front Load Washing Machine,Bosch,849.0,135.0,3.38,0.0,0.0,0.0,,0.0,0.0,0.2275,0.0,0.0341,Premium,Energy Wise,Front loaders are suited to lower water and energy use.,low,Consider Front Load Washing Machine from The Good Guys for Washing Machine 2. Estimated saving: $0.00/month with about 0.0 kWh/year reduction.,washing machine,1.958721081081081,1.22083,17.62810810810811,8.1,-93.1,Efficient,normal usage pattern,"Washing Machine 2 is classified as Efficient. It is 93.1% below the REFIT similar-appliance average, with 328 detected events and 23.8% peak-hour activity.",0.0965,0.1738,0.0407,0.177,"Matched because this appliance is efficient, normal usage pattern, and the option balances price, energy reduction, savings and payback."
5,Combination Microwave,Combination Microwave,microwave,Appliance7,3.48703,1272.77,31.38,381.83,Kmart,Smart Plug With Timer,Generic,19.0,80.0,2.0,1192.77,29.38,352.6,0.65,0.9363,0.9371,0.9294,0.9738,0.9411,Control,Cheapest,Low-cost way to reduce standby and schedule usage.,high,Consider Smart Plug With Timer from Kmart for Combination Microwave. Estimated saving: $29.38/month with about 1192.8 kWh/year reduction.,microwave,1.693406875,0.12358,15.23875,81.2,105.9,Needs attention,"above similar-house benchmark, frequent usage, higher monthly cost","Combination Microwave is classified as Needs attention. It is 105.9% above the REFIT similar-appliance average, with 3289 detected events and 22.3% peak-hour activity.",0.4665,0.6907,0.2919,0.6602,"Matched because this appliance is needs attention, above similar-house benchmark, frequent usage, higher monthly cost, and the option balances price, energy reduction, savings and payback."
5,Combination Microwave,Combination Microwave,microwave,Appliance7,3.48703,1272.77,31.38,381.83,Bunnings,Timer Plug / Standby Saver,Arlec,24.0,75.0,1.88,1197.77,29.51,354.1,0.81,0.9403,0.9411,0.9124,0.9672,0.9404,Control,Best Value,Useful for appliance groups and plug loads.,high,Consider Timer Plug / Standby Saver from Bunnings for Combination Microwave. Estimated saving: $29.51/month with about 1197.8 kWh/year reduction.,microwave,1.693406875,0.12358,15.23875,81.2,105.9,Needs attention,"above similar-house benchmark, frequent usage, higher monthly cost","Combination Microwave is classified as Needs attention. It is 105.9% above the REFIT similar-appliance average, with 3289 detected events and 22.3% peak-hour activity.",0.4624,0.6816,0.2916,0.6546,"Matched because this appliance is needs attention, above similar-house benchmark, frequent usage, higher monthly cost, and the option balances price, energy reduction, savings and payback."
5,Combination Microwave,Combination Microwave,microwave,Appliance7,3.48703,1272.77,31.38,381.83,JB Hi-Fi,Energy Monitoring Smart Plug,TP-Link Tapo,29.0,70.0,1.75,1202.77,29.63,355.6,0.98,0.9442,0.945,0.8961,0.9608,0.9397,Monitoring,Overall,Adds monitoring so recommendations can be updated later.,high,Consider Energy Monitoring Smart Plug from JB Hi-Fi for Combination Microwave. Estimated saving: $29.63/month with about 1202.8 kWh/year reduction.,microwave,1.693406875,0.12358,15.23875,81.2,105.9,Needs attention,"above similar-house benchmark, frequent usage, higher monthly cost","Combination Microwave is classified as Needs attention. It is 105.9% above the REFIT similar-appliance average, with 3289 detected events and 22.3% peak-hour activity.",0.4583,0.6728,0.2912,0.649,"Matched because this appliance is needs attention, above similar-house benchmark, frequent usage, higher monthly cost, and the option balances price, energy reduction, savings and payback."
5,Combination Microwave,Combination Microwave,microwave,Appliance7,3.48703,1272.77,31.38,381.83,Kmart,Compact Microwave,Anko,99.0,96.0,2.4,1176.77,28.98,347.8,3.42,0.9235,0.9246,0.7163,0.8754,0.8855,Standard,Cheapest,Lowest upfront price.,high,Consider Compact Microwave from Kmart for Combination Microwave. Estimated saving: $28.98/month with about 1176.8 kWh/year reduction.,microwave,1.693406875,0.12358,15.23875,81.2,105.9,Needs attention,"above similar-house benchmark, frequent usage, higher monthly cost","Combination Microwave is classified as Needs attention. It is 105.9% above the REFIT similar-appliance average, with 3289 detected events and 22.3% peak-hour activity.",0.4084,0.5699,0.2811,0.5786,"Matched because this appliance is needs attention, above similar-house benchmark, frequent usage, higher monthly cost, and the option balances price, energy reduction, savings and payback."
5,Combination Microwave,Combination Microwave,microwave,Appliance7,3.48703,1272.77,31.38,381.83,The Good Guys,900W Efficient Microwave,LG,179.0,82.0,2.05,1190.77,29.33,352.0,6.1,0.9347,0.9356,0.5828,0.7973,0.8615,High,Best Value,Good balance of price and energy use.,high,Consider 900W Efficient Microwave from The Good Guys for Combination Microwave. Estimated saving: $29.33/month with about 1190.8 kWh/year reduction.,microwave,1.693406875,0.12358,15.23875,81.2,105.9,Needs attention,"above similar-house benchmark, frequent usage, higher monthly cost","Combination Microwave is classified as Needs attention. It is 105.9% above the REFIT similar-appliance average, with 3289 detected events and 22.3% peak-hour activity.",0.3706,0.4906,0.2742,0.52,"Matched because this appliance is needs attention, above similar-house benchmark, frequent usage, higher monthly cost, and the option balances price, energy reduction, savings and payback."
5,Combination Microwave,Combination Microwave,microwave,Appliance7,3.48703,1272.77,31.38,381.83,JB Hi-Fi,Compact Inverter Microwave,Panasonic,219.0,76.0,1.9,1196.77,29.48,353.8,7.43,0.9395,0.9403,0.533,0.7637,0.8524,Premium,Energy Wise,Inverter control is suitable for repeated cooking events.,high,Consider Compact Inverter Microwave from JB Hi-Fi for Combination Microwave. Estimated saving: $29.48/month with about 1196.8 kWh/year reduction.,microwave,1.693406875,0.12358,15.23875,81.2,105.9,Needs attention,"above similar-house benchmark, frequent usage, higher monthly cost","Combination Microwave is classified as Needs attention. It is 105.9% above the REFIT similar-appliance average, with 3289 detected events and 22.3% peak-hour activity.",0.3559,0.46,0.2712,0.4958,"Matched because this appliance is needs attention, above similar-house benchmark, frequent usage, higher monthly cost, and the option balances price, energy reduction, savings and payback."
5,Computer Site,Computer Site,computer,Appliance5,0.6976,254.62,6.28,76.39,Kmart,Smart Plug With Timer,Generic,19.0,80.0,2.0,174.62,4.28,51.34,4.44,0.6814,0.6858,0.9294,0.8439,0.7443,Control,Cheapest,Low-cost way to reduce standby and schedule usage.,high,Consider Smart Plug With Timer from Kmart for Computer Site. Estimated saving: $4.28/month with about 174.6 kWh/year reduction.,computer,0.41818333333333335,0.179285,3.763888888888889,77.8,66.8,Average,"above similar-house benchmark, peak-hour usage, frequent usage, higher monthly cost","Computer Site is classified as Average. It is 66.8% above the REFIT similar-appliance average, with 42323 detected events and 39.4% peak-hour activity.",0.398,0.6334,0.2117,0.5663,"Matched because this appliance is average, above similar-house benchmark, peak-hour usage, frequent usage, higher monthly cost, and the option balances price, energy reduction, savings and payback."
5,Computer Site,Computer Site,computer,Appliance5,0.6976,254.62,6.28,76.39,Bunnings,Timer Plug / Standby Saver,Arlec,24.0,75.0,1.88,179.62,4.4,52.84,5.45,0.7014,0.7054,0.9124,0.8149,0.7513,Control,Best Value,Useful for appliance groups and plug loads.,high,Consider Timer Plug / Standby Saver from Bunnings for Computer Site. Estimated saving: $4.40/month with about 179.6 kWh/year reduction.,computer,0.41818333333333335,0.179285,3.763888888888889,77.8,66.8,Average,"above similar-house benchmark, peak-hour usage, frequent usage, higher monthly cost","Computer Site is classified as Average. It is 66.8% above the REFIT similar-appliance average, with 42323 detected events and 39.4% peak-hour activity.",0.3905,0.6187,0.2091,0.5494,"Matched because this appliance is average, above similar-house benchmark, peak-hour usage, frequent usage, higher monthly cost, and the option balances price, energy reduction, savings and payback."
5,Computer Site,Computer Site,computer,Appliance5,0.6976,254.62,6.28,76.39,JB Hi-Fi,Energy Monitoring Smart Plug,TP-Link Tapo,29.0,70.0,1.75,184.62,4.53,54.34,6.4,0.7213,0.7251,0.8961,0.7894,0.7588,Monitoring,Overall,Adds monitoring so recommendations can be updated later.,high,Consider Energy Monitoring Smart Plug from JB Hi-Fi for Computer Site. Estimated saving: $4.53/month with about 184.6 kWh/year reduction.,computer,0.41818333333333335,0.179285,3.763888888888889,77.8,66.8,Average,"above similar-house benchmark, peak-hour usage, frequent usage, higher monthly cost","Computer Site is classified as Average. It is 66.8% above the REFIT similar-appliance average, with 42323 detected events and 39.4% peak-hour activity.",0.3837,0.6051,0.2069,0.5344,"Matched because this appliance is average, above similar-house benchmark, peak-hour usage, frequent usage, higher monthly cost, and the option balances price, energy reduction, savings and payback."
5,Computer Site,Computer Site,computer,Appliance5,0.6976,254.62,6.28,76.39,Officeworks,Smart Standby Powerboard,Jackson,39.0,135.0,3.38,119.62,2.9,34.84,13.43,0.4624,0.4698,0.8651,0.6412,0.5519,Control,Best Value,"Reduces standby waste from monitors, printers and routers.",high,Consider Smart Standby Powerboard from Officeworks for Computer Site. Estimated saving: $2.90/month with about 119.6 kWh/year reduction.,computer,0.41818333333333335,0.179285,3.763888888888889,77.8,66.8,Average,"above similar-house benchmark, peak-hour usage, frequent usage, higher monthly cost","Computer Site is classified as Average. It is 66.8% above the REFIT similar-appliance average, with 42323 detected events and 39.4% peak-hour activity.",0.3523,0.5525,0.1881,0.4537,"Matched because this appliance is average, above similar-house benchmark, peak-hour usage, frequent usage, higher monthly cost, and the option balances price, energy reduction, savings and payback."
5,Computer Site,Computer Site,computer,Appliance5,0.6976,254.62,6.28,76.39,JB Hi-Fi,Energy Efficient Mini PC Setup,Generic,699.0,105.0,2.62,149.62,3.65,43.84,191.33,0.5819,0.5876,0.2634,0.1115,0.4653,High,Energy Wise,Lower-power option for desktop computer sites.,high,Consider Energy Efficient Mini PC Setup from JB Hi-Fi for Computer Site. Estimated saving: $3.65/month with about 149.6 kWh/year reduction.,computer,0.41818333333333335,0.179285,3.763888888888889,77.8,66.8,Average,"above similar-house benchmark, peak-hour usage, frequent usage, higher monthly cost","Computer Site is classified as Average. It is 66.8% above the REFIT similar-appliance average, with 42323 detected events and 39.4% peak-hour activity.",0.1539,0.15,0.1369,0.0995,"Matched because this appliance is average, above similar-house benchmark, peak-hour usage, frequent usage, higher monthly cost, and the option balances price, energy reduction, savings and payback."
5,Dishwasher,Dishwasher,washing machine,Appliance4,1.08233,395.05,9.74,118.52,Kmart,Smart Plug With Timer,Generic,19.0,80.0,2.0,315.05,7.74,92.89,2.45,0.7947,0.7975,0.9294,0.9072,0.8326,Control,Cheapest,Low-cost way to reduce standby and schedule usage.,high,Consider Smart Plug With Timer from Kmart for Dishwasher. Estimated saving: $7.74/month with about 315.1 kWh/year reduction.,washing machine,1.958721081081081,1.22083,17.62810810810811,40.5,-44.7,Efficient,normal usage pattern,"Dishwasher is classified as Efficient. It is 44.7% below the REFIT similar-appliance average, with 3912 detected events and 21.5% peak-hour activity.",0.3765,0.6527,0.1707,0.602,"Matched because this appliance is efficient, normal usage pattern, and the option balances price, energy reduction, savings and payback."
5,Dishwasher,Dishwasher,washing machine,Appliance4,1.08233,395.05,9.74,118.52,Bunnings,Timer Plug / Standby Saver,Arlec,24.0,75.0,1.88,320.05,7.87,94.39,3.05,0.8075,0.8102,0.9124,0.8872,0.836,Control,Best Value,Useful for appliance groups and plug loads.,high,Consider Timer Plug / Standby Saver from Bunnings for Dishwasher. Estimated saving: $7.87/month with about 320.1 kWh/year reduction.,washing machine,1.958721081081081,1.22083,17.62810810810811,40.5,-44.7,Efficient,normal usage pattern,"Dishwasher is classified as Efficient. It is 44.7% below the REFIT similar-appliance average, with 3912 detected events and 21.5% peak-hour activity.",0.3704,0.6402,0.169,0.5896,"Matched because this appliance is efficient, normal usage pattern, and the option balances price, energy reduction, savings and payback."
5,Dishwasher,Dishwasher,washing machine,Appliance4,1.08233,395.05,9.74,118.52,JB Hi-Fi,Energy Monitoring Smart Plug,TP-Link Tapo,29.0,70.0,1.75,325.05,7.99,95.89,3.63,0.8203,0.8228,0.8961,0.8686,0.8397,Monitoring,Overall,Adds monitoring so recommendations can be updated later.,high,Consider Energy Monitoring Smart Plug from JB Hi-Fi for Dishwasher. Estimated saving: $7.99/month with about 325.1 kWh/year reduction.,washing machine,1.958721081081081,1.22083,17.62810810810811,40.5,-44.7,Efficient,normal usage pattern,"Dishwasher is classified as Efficient. It is 44.7% below the REFIT similar-appliance average, with 3912 detected events and 21.5% peak-hour activity.",0.3645,0.6283,0.1674,0.578,"Matched because this appliance is efficient, normal usage pattern, and the option balances price, energy reduction, savings and payback."
5,Dishwasher,Dishwasher,washing machine,Appliance4,1.08233,395.05,9.74,118.52,Big W,Laundry Smart Timer Plug,Generic,29.0,180.0,4.5,215.05,5.24,62.89,5.53,0.538,0.5444,0.8961,0.8126,0.6348,Control,Cheapest,Low-cost option to shift laundry away from peak hours.,high,Consider Laundry Smart Timer Plug from Big W for Dishwasher. Estimated saving: $5.24/month with about 215.1 kWh/year reduction.,washing machine,1.958721081081081,1.22083,17.62810810810811,40.5,-44.7,Efficient,normal usage pattern,"Dishwasher is classified as Efficient. It is 44.7% below the REFIT similar-appliance average, with 3912 detected events and 21.5% peak-hour activity.",0.3512,0.6116,0.1551,0.5468,"Matched because this appliance is efficient, normal usage pattern, and the option balances price, energy reduction, savings and payback."
5,Dishwasher,Dishwasher,washing machine,Appliance4,1.08233,395.05,9.74,118.52,JB Hi-Fi,Inverter Front Loader,LG,799.0,145.0,3.62,250.05,6.12,73.39,130.64,0.6279,0.633,0.2383,0.1552,0.5001,High,Best Value,Good value inverter option for repeated laundry use.,high,Consider Inverter Front Loader from JB Hi-Fi for Dishwasher. Estimated saving: $6.12/month with about 250.1 kWh/year reduction.,washing machine,1.958721081081081,1.22083,17.62810810810811,40.5,-44.7,Efficient,normal usage pattern,"Dishwasher is classified as Efficient. It is 44.7% below the REFIT similar-appliance average, with 3912 detected events and 21.5% peak-hour activity.",0.1226,0.1521,0.0915,0.1204,"Matched because this appliance is efficient, normal usage pattern, and the option balances price, energy reduction, savings and payback."
5,Dishwasher,Dishwasher,washing machine,Appliance4,1.08233,395.05,9.74,118.52,The Good Guys,Front Load Washing Machine,Bosch,849.0,135.0,3.38,260.05,6.37,76.39,133.37,0.6535,0.6583,0.2275,0.1525,0.5159,Premium,Energy Wise,Front loaders are suited to lower water and energy use.,high,Consider Front Load Washing Machine from The Good Guys for Dishwasher. Estimated saving: $6.37/month with about 260.1 kWh/year reduction.,washing machine,1.958721081081081,1.22083,17.62810810810811,40.5,-44.7,Efficient,normal usage pattern,"Dishwasher is classified as Efficient. It is 44.7% below the REFIT similar-appliance average, with 3912 detected events and 21.5% peak-hour activity.",0.1205,0.1468,0.0918,0.1177,"Matched because this appliance is efficient, normal usage pattern, and the option balances price, energy reduction, savings and payback."
5,Fridge-Freezer,Fridge-Freezer,fridge,Appliance1,0.98049,357.88,8.82,107.36,Kmart,Smart Plug With Timer,Generic,19.0,80.0,2.0,277.88,6.82,81.89,2.78,0.7734,0.7765,0.9294,0.8961,0.8161,Control,Cheapest,Low-cost way to reduce standby and schedule usage.,high,Consider Smart Plug With Timer from Kmart for Fridge-Freezer. Estimated saving: $6.82/month with about 277.9 kWh/year reduction.,fridge,0.8247209090909091,0.62875,7.422727272727273,72.7,18.9,Average,"peak-hour usage, frequent usage, higher monthly cost","Fridge-Freezer is classified as Average. It is 18.9% above the REFIT similar-appliance average, with 1946 detected events and 33.8% peak-hour activity.",0.4054,0.649,0.2156,0.5954,"Matched because this appliance is average, peak-hour usage, frequent usage, higher monthly cost, and the option balances price, energy reduction, savings and payback."
5,Fridge-Freezer,Fridge-Freezer,fridge,Appliance1,0.98049,357.88,8.82,107.36,Bunnings,Timer Plug / Standby Saver,Arlec,24.0,75.0,1.88,282.88,6.95,83.39,3.45,0.7875,0.7904,0.9124,0.8742,0.8201,Control,Best Value,Useful for appliance groups and plug loads.,high,Consider Timer Plug / Standby Saver from Bunnings for Fridge-Freezer. Estimated saving: $6.95/month with about 282.9 kWh/year reduction.,fridge,0.8247209090909091,0.62875,7.422727272727273,72.7,18.9,Average,"peak-hour usage, frequent usage, higher monthly cost","Fridge-Freezer is classified as Average. It is 18.9% above the REFIT similar-appliance average, with 1946 detected events and 33.8% peak-hour activity.",0.399,0.6361,0.2137,0.5821,"Matched because this appliance is average, peak-hour usage, frequent usage, higher monthly cost, and the option balances price, energy reduction, savings and payback."
5,Fridge-Freezer,Fridge-Freezer,fridge,Appliance1,0.98049,357.88,8.82,107.36,JB Hi-Fi,Energy Monitoring Smart Plug,TP-Link Tapo,29.0,70.0,1.75,287.88,7.07,84.89,4.1,0.8017,0.8044,0.8961,0.8541,0.8245,Monitoring,Overall,Adds monitoring so recommendations can be updated later.,high,Consider Energy Monitoring Smart Plug from JB Hi-Fi for Fridge-Freezer. Estimated saving: $7.07/month with about 287.9 kWh/year reduction.,fridge,0.8247209090909091,0.62875,7.422727272727273,72.7,18.9,Average,"peak-hour usage, frequent usage, higher monthly cost","Fridge-Freezer is classified as Average. It is 18.9% above the REFIT similar-appliance average, with 1946 detected events and 33.8% peak-hour activity.",0.3929,0.6238,0.212,0.5696,"Matched because this appliance is average, peak-hour usage, frequent usage, higher monthly cost, and the option balances price, energy reduction, savings and payback."
5,Fridge-Freezer,Fridge-Freezer,fridge,Appliance1,0.98049,357.88,8.82,107.36,JB Hi-Fi,Compact Efficient Fridge,CHiQ,449.0,285.0,7.12,72.88,1.7,20.39,264.2,0.1926,0.2036,0.3577,0.0833,0.2043,Standard,Cheapest,Lower upfront price for smaller households.,medium,Consider Compact Efficient Fridge from JB Hi-Fi for Fridge-Freezer. Estimated saving: $1.70/month with about 72.9 kWh/year reduction.,fridge,0.8247209090909091,0.62875,7.422727272727273,72.7,18.9,Average,"peak-hour usage, frequent usage, higher monthly cost","Fridge-Freezer is classified as Average. It is 18.9% above the REFIT similar-appliance average, with 1946 detected events and 33.8% peak-hour activity.",0.1599,0.1835,0.1217,0.0973,"Matched because this appliance is average, peak-hour usage, frequent usage, higher monthly cost, and the option balances price, energy reduction, savings and payback."
5,Fridge-Freezer,Fridge-Freezer,fridge,Appliance1,0.98049,357.88,8.82,107.36,The Good Guys,Energy Efficient Fridge-Freezer,Hisense,699.0,260.0,6.5,97.88,2.32,27.89,300.72,0.2634,0.2735,0.2634,0.0739,0.238,High,Best Value,Balanced replacement for continuous loads.,medium,Consider Energy Efficient Fridge-Freezer from The Good Guys for Fridge-Freezer. Estimated saving: $2.32/month with about 97.9 kWh/year reduction.,fridge,0.8247209090909091,0.62875,7.422727272727273,72.7,18.9,Average,"peak-hour usage, frequent usage, higher monthly cost","Fridge-Freezer is classified as Average. It is 18.9% above the REFIT similar-appliance average, with 1946 detected events and 33.8% peak-hour activity.",0.1408,0.1394,0.1223,0.0792,"Matched because this appliance is average, peak-hour usage, frequent usage, higher monthly cost, and the option balances price, energy reduction, savings and payback."
5,Fridge-Freezer,Fridge-Freezer,fridge,Appliance1,0.98049,357.88,8.82,107.36,Harvey Norman,Inverter Fridge-Freezer,Samsung,999.0,220.0,5.5,137.88,3.32,39.89,300.5,0.3767,0.3853,0.2002,0.074,0.3074,Premium,Energy Wise,Inverter compressor suited to always-on refrigeration.,high,Consider Inverter Fridge-Freezer from Harvey Norman for Fridge-Freezer. Estimated saving: $3.32/month with about 137.9 kWh/year reduction.,fridge,0.8247209090909091,0.62875,7.422727272727273,72.7,18.9,Average,"peak-hour usage, frequent usage, higher monthly cost","Fridge-Freezer is classified as Average. It is 18.9% above the REFIT similar-appliance average, with 1946 detected events and 33.8% peak-hour activity.",0.1299,0.1119,0.1248,0.0709,"Matched because this appliance is average, peak-hour usage, frequent usage, higher monthly cost, and the option balances price, energy reduction, savings and payback."
5,Kettle,Kettle,kettle,Appliance8,23.88303,8717.31,214.95,2615.19,Kmart,Smart Plug With Timer,Generic,19.0,80.0,2.0,8637.31,212.95,2555.37,0.09,0.9907,0.9908,0.9294,0.9963,0.9824,Control,Cheapest,Low-cost way to reduce standby and schedule usage.,high,Consider Smart Plug With Timer from Kmart for Kettle. Estimated saving: $212.95/month with about 8637.3 kWh/year reduction.,kettle,16.07417125,13.334344999999999,144.66750000000002,68.8,48.6,Average,"above similar-house benchmark, frequent usage, higher monthly cost","Kettle is classified as Average. It is 48.6% above the REFIT similar-appliance average, with 1940 detected events and 24.1% peak-hour activity.",0.7906,0.8781,0.7299,0.8835,"Matched because this appliance is average, above similar-house benchmark, frequent usage, higher monthly cost, and the option balances price, energy reduction, savings and payback."
5,Kettle,Kettle,kettle,Appliance8,23.88303,8717.31,214.95,2615.19,Kmart,1.7L Auto-Off Kettle,Anko,25.0,32.0,0.8,8685.31,214.15,2569.77,0.12,0.9963,0.9963,0.9091,0.9952,0.983,Efficient,Cheapest,Low-cost replacement with auto shut-off.,high,Consider 1.7L Auto-Off Kettle from Kmart for Kettle. Estimated saving: $214.15/month with about 8685.3 kWh/year reduction.,kettle,16.07417125,13.334344999999999,144.66750000000002,68.8,48.6,Average,"above similar-house benchmark, frequent usage, higher monthly cost","Kettle is classified as Average. It is 48.6% above the REFIT similar-appliance average, with 1940 detected events and 24.1% peak-hour activity.",0.7885,0.8698,0.7327,0.8812,"Matched because this appliance is average, above similar-house benchmark, frequent usage, higher monthly cost, and the option balances price, energy reduction, savings and payback."
5,Kettle,Kettle,kettle,Appliance8,23.88303,8717.31,214.95,2615.19,Bunnings,Timer Plug / Standby Saver,Arlec,24.0,75.0,1.88,8642.31,213.07,2556.87,0.11,0.9913,0.9914,0.9124,0.9953,0.9801,Control,Best Value,Useful for appliance groups and plug loads.,high,Consider Timer Plug / Standby Saver from Bunnings for Kettle. Estimated saving: $213.07/month with about 8642.3 kWh/year reduction.,kettle,16.07417125,13.334344999999999,144.66750000000002,68.8,48.6,Average,"above similar-house benchmark, frequent usage, higher monthly cost","Kettle is classified as Average. It is 48.6% above the REFIT similar-appliance average, with 1940 detected events and 24.1% peak-hour activity.",0.7873,0.8704,0.7301,0.8807,"Matched because this appliance is average, above similar-house benchmark, frequent usage, higher monthly cost, and the option balances price, energy reduction, savings and payback."
5,Kettle,Kettle,kettle,Appliance8,23.88303,8717.31,214.95,2615.19,JB Hi-Fi,Energy Monitoring Smart Plug,TP-Link Tapo,29.0,70.0,1.75,8647.31,213.2,2558.37,0.14,0.9919,0.992,0.8961,0.9944,0.9779,Monitoring,Overall,Adds monitoring so recommendations can be updated later.,high,Consider Energy Monitoring Smart Plug from JB Hi-Fi for Kettle. Estimated saving: $213.20/month with about 8647.3 kWh/year reduction.,kettle,16.07417125,13.334344999999999,144.66750000000002,68.8,48.6,Average,"above similar-house benchmark, frequent usage, higher monthly cost","Kettle is classified as Average. It is 48.6% above the REFIT similar-appliance average, with 1940 detected events and 24.1% peak-hour activity.",0.7841,0.8628,0.7303,0.8777,"Matched because this appliance is average, above similar-house benchmark, frequent usage, higher monthly cost, and the option balances price, energy reduction, savings and payback."
5,Kettle,Kettle,kettle,Appliance8,23.88303,8717.31,214.95,2615.19,Big W,Energy Efficient Kettle,Russell Hobbs,49.0,28.0,0.7,8689.31,214.25,2570.97,0.23,0.9967,0.9968,0.8361,0.9906,0.9717,High,Best Value,Balanced price and energy use.,high,Consider Energy Efficient Kettle from Big W for Kettle. Estimated saving: $214.25/month with about 8689.3 kWh/year reduction.,kettle,16.07417125,13.334344999999999,144.66750000000002,68.8,48.6,Average,"above similar-house benchmark, frequent usage, higher monthly cost","Kettle is classified as Average. It is 48.6% above the REFIT similar-appliance average, with 1940 detected events and 24.1% peak-hour activity.",0.7734,0.836,0.7325,0.8681,"Matched because this appliance is average, above similar-house benchmark, frequent usage, higher monthly cost, and the option balances price, energy reduction, savings and payback."
5,Kettle,Kettle,kettle,Appliance8,23.88303,8717.31,214.95,2615.19,JB Hi-Fi,Smart Temperature Control Kettle,Breville,109.0,24.0,0.6,8693.31,214.35,2572.17,0.51,0.9972,0.9972,0.6964,0.9793,0.9494,Premium,Energy Wise,Temperature control helps reduce repeated boiling.,high,Consider Smart Temperature Control Kettle from JB Hi-Fi for Kettle. Estimated saving: $214.35/month with about 8693.3 kWh/year reduction.,kettle,16.07417125,13.334344999999999,144.66750000000002,68.8,48.6,Average,"above similar-house benchmark, frequent usage, higher monthly cost","Kettle is classified as Average. It is 48.6% above the REFIT similar-appliance average, with 1940 detected events and 24.1% peak-hour activity.",0.744,0.7704,0.7316,0.8416,"Matched because this appliance is average, above similar-house benchmark, frequent usage, higher monthly cost, and the option balances price, energy reduction, savings and payback."
5,Television Site,Television Site,television,Appliance6,0.60881,222.21,5.48,66.66,Kmart,Smart Plug With Timer,Generic,19.0,80.0,2.0,142.21,3.48,41.75,5.46,0.635,0.64,0.9294,0.8146,0.7076,Control,Cheapest,Low-cost way to reduce standby and schedule usage.,high,Consider Smart Plug With Timer from Kmart for Television Site. Estimated saving: $3.48/month with about 142.2 kWh/year reduction.,television,0.64669,0.36083,5.819047619047619,61.9,-5.9,Needs attention,"peak-hour usage, frequent usage","Television Site is classified as Needs attention. It is 5.9% below the REFIT similar-appliance average, with 8682 detected events and 51.4% peak-hour activity.",0.3763,0.6253,0.183,0.5508,"Matched because this appliance is needs attention, peak-hour usage, frequent usage, and the option balances price, energy reduction, savings and payback."
5,Television Site,Television Site,television,Appliance6,0.60881,222.21,5.48,66.66,Bunnings,Timer Plug / Standby Saver,Arlec,24.0,75.0,1.88,147.21,3.6,43.25,6.66,0.6578,0.6625,0.9124,0.7828,0.7161,Control,Best Value,Useful for appliance groups and plug loads.,high,Consider Timer Plug / Standby Saver from Bunnings for Television Site. Estimated saving: $3.60/month with about 147.2 kWh/year reduction.,television,0.64669,0.36083,5.819047619047619,61.9,-5.9,Needs attention,"peak-hour usage, frequent usage","Television Site is classified as Needs attention. It is 5.9% below the REFIT similar-appliance average, with 8682 detected events and 51.4% peak-hour activity.",0.3684,0.6099,0.1801,0.5324,"Matched because this appliance is needs attention, peak-hour usage, frequent usage, and the option balances price, energy reduction, savings and payback."
5,Television Site,Television Site,television,Appliance6,0.60881,222.21,5.48,66.66,Kmart,Standby Saver Powerboard,Generic,19.0,120.0,3.0,102.21,2.48,29.75,7.66,0.4525,0.46,0.9294,0.758,0.5721,Control,Cheapest,Useful where TV site has multiple standby devices.,high,Consider Standby Saver Powerboard from Kmart for Television Site. Estimated saving: $2.48/month with about 102.2 kWh/year reduction.,television,0.64669,0.36083,5.819047619047619,61.9,-5.9,Needs attention,"peak-hour usage, frequent usage","Television Site is classified as Needs attention. It is 5.9% below the REFIT similar-appliance average, with 8682 detected events and 51.4% peak-hour activity.",0.366,0.6102,0.1749,0.5213,"Matched because this appliance is needs attention, peak-hour usage, frequent usage, and the option balances price, energy reduction, savings and payback."
5,Television Site,Television Site,television,Appliance6,0.60881,222.21,5.48,66.66,JB Hi-Fi,Energy Monitoring Smart Plug,TP-Link Tapo,29.0,70.0,1.75,152.21,3.73,44.75,7.78,0.6806,0.685,0.8961,0.7553,0.7254,Monitoring,Overall,Adds monitoring so recommendations can be updated later.,high,Consider Energy Monitoring Smart Plug from JB Hi-Fi for Television Site. Estimated saving: $3.73/month with about 152.2 kWh/year reduction.,television,0.64669,0.36083,5.819047619047619,61.9,-5.9,Needs attention,"peak-hour usage, frequent usage","Television Site is classified as Needs attention. It is 5.9% below the REFIT similar-appliance average, with 8682 detected events and 51.4% peak-hour activity.",0.3612,0.5957,0.1776,0.5163,"Matched because this appliance is needs attention, peak-hour usage, frequent usage, and the option balances price, energy reduction, savings and payback."
5,Television Site,Television Site,television,Appliance6,0.60881,222.21,5.48,66.66,JB Hi-Fi,Energy Efficient LED TV,TCL,599.0,95.0,2.38,127.21,3.1,37.25,192.96,0.5665,0.5725,0.2945,0.1106,0.4591,High,Best Value,LED replacement for high TV-site consumption.,high,Consider Energy Efficient LED TV from JB Hi-Fi for Television Site. Estimated saving: $3.10/month with about 127.2 kWh/year reduction.,television,0.64669,0.36083,5.819047619047619,61.9,-5.9,Needs attention,"peak-hour usage, frequent usage","Television Site is classified as Needs attention. It is 5.9% below the REFIT similar-appliance average, with 8682 detected events and 51.4% peak-hour activity.",0.143,0.1632,0.1116,0.1031,"Matched because this appliance is needs attention, peak-hour usage, frequent usage, and the option balances price, energy reduction, savings and payback."
5,Television Site,Television Site,television,Appliance6,0.60881,222.21,5.48,66.66,The Good Guys,Low Energy QLED TV,Samsung,899.0,80.0,2.0,142.21,3.48,41.75,258.39,0.635,0.64,0.2176,0.085,0.4914,Premium,Energy Wise,Lower annual kWh for heavy TV use.,high,Consider Low Energy QLED TV from The Good Guys for Television Site. Estimated saving: $3.48/month with about 142.2 kWh/year reduction.,television,0.64669,0.36083,5.819047619047619,61.9,-5.9,Needs attention,"peak-hour usage, frequent usage","Television Site is classified as Needs attention. It is 5.9% below the REFIT similar-appliance average, with 8682 detected events and 51.4% peak-hour activity.",0.1245,0.1226,0.11,0.0792,"Matched because this appliance is needs attention, peak-hour usage, frequent usage, and the option balances price, energy reduction, savings and payback."
5,Toaster,Toaster,toaster,Appliance9,12.1869,4448.22,109.68,1334.47,Kmart,Smart Plug With Timer,Generic,19.0,80.0,2.0,4368.22,107.68,1292.18,0.18,0.9818,0.982,0.9294,0.9927,0.9756,Control,Cheapest,Low-cost way to reduce standby and schedule usage.,high,Consider Smart Plug With Timer from Kmart for Toaster. Estimated saving: $107.68/month with about 4368.2 kWh/year reduction.,toaster,6.3147199999999994,4.68782,56.83111111111111,100.0,93.0,Needs attention,"above similar-house benchmark, frequent usage, higher monthly cost","Toaster is classified as Needs attention. It is 93.0% above the REFIT similar-appliance average, with 544 detected events and 24.6% peak-hour activity.",0.6302,0.773,0.5158,0.7601,"Matched because this appliance is needs attention, above similar-house benchmark, frequent usage, higher monthly cost, and the option balances price, energy reduction, savings and payback."
5,Toaster,Toaster,toaster,Appliance9,12.1869,4448.22,109.68,1334.47,Bunnings,Timer Plug / Standby Saver,Arlec,24.0,75.0,1.88,4373.22,107.81,1293.68,0.22,0.9829,0.9831,0.9124,0.9908,0.9736,Control,Best Value,Useful for appliance groups and plug loads.,high,Consider Timer Plug / Standby Saver from Bunnings for Toaster. Estimated saving: $107.81/month with about 4373.2 kWh/year reduction.,toaster,6.3147199999999994,4.68782,56.83111111111111,100.0,93.0,Needs attention,"above similar-house benchmark, frequent usage, higher monthly cost","Toaster is classified as Needs attention. It is 93.0% above the REFIT similar-appliance average, with 544 detected events and 24.6% peak-hour activity.",0.6268,0.765,0.5159,0.7568,"Matched because this appliance is needs attention, above similar-house benchmark, frequent usage, higher monthly cost, and the option balances price, energy reduction, savings and payback."
5,Toaster,Toaster,toaster,Appliance9,12.1869,4448.22,109.68,1334.47,Kmart,Auto-Off 2 Slice Toaster,Anko,29.0,18.0,0.45,4430.22,109.23,1310.78,0.27,0.9959,0.996,0.8961,0.9891,0.9799,Efficient,Cheapest,Budget option for low-use cooking loads.,high,Consider Auto-Off 2 Slice Toaster from Kmart for Toaster. Estimated saving: $109.23/month with about 4430.2 kWh/year reduction.,toaster,6.3147199999999994,4.68782,56.83111111111111,100.0,93.0,Needs attention,"above similar-house benchmark, frequent usage, higher monthly cost","Toaster is classified as Needs attention. It is 93.0% above the REFIT similar-appliance average, with 544 detected events and 24.6% peak-hour activity.",0.6258,0.7586,0.5192,0.755,"Matched because this appliance is needs attention, above similar-house benchmark, frequent usage, higher monthly cost, and the option balances price, energy reduction, savings and payback."
5,Toaster,Toaster,toaster,Appliance9,12.1869,4448.22,109.68,1334.47,JB Hi-Fi,Energy Monitoring Smart Plug,TP-Link Tapo,29.0,70.0,1.75,4378.22,107.93,1295.18,0.27,0.984,0.9843,0.8961,0.9889,0.9716,Monitoring,Overall,Adds monitoring so recommendations can be updated later.,high,Consider Energy Monitoring Smart Plug from JB Hi-Fi for Toaster. Estimated saving: $107.93/month with about 4378.2 kWh/year reduction.,toaster,6.3147199999999994,4.68782,56.83111111111111,100.0,93.0,Needs attention,"above similar-house benchmark, frequent usage, higher monthly cost","Toaster is classified as Needs attention. It is 93.0% above the REFIT similar-appliance average, with 544 detected events and 24.6% peak-hour activity.",0.6234,0.7573,0.516,0.7535,"Matched because this appliance is needs attention, above similar-house benchmark, frequent usage, higher monthly cost, and the option balances price, energy reduction, savings and payback."
5,Toaster,Toaster,toaster,Appliance9,12.1869,4448.22,109.68,1334.47,Big W,Variable Browning Toaster,Sunbeam,59.0,16.0,0.4,4432.22,109.28,1311.38,0.54,0.9964,0.9964,0.8091,0.978,0.9655,High,Best Value,Better controls can reduce repeated use.,high,Consider Variable Browning Toaster from Big W for Toaster. Estimated saving: $109.28/month with about 4432.2 kWh/year reduction.,toaster,6.3147199999999994,4.68782,56.83111111111111,100.0,93.0,Needs attention,"above similar-house benchmark, frequent usage, higher monthly cost","Toaster is classified as Needs attention. It is 93.0% above the REFIT similar-appliance average, with 544 detected events and 24.6% peak-hour activity.",0.6068,0.7168,0.5183,0.7366,"Matched because this appliance is needs attention, above similar-house benchmark, frequent usage, higher monthly cost, and the option balances price, energy reduction, savings and payback."
5,Tumble Dryer,Tumble Dryer,generic,Appliance2,7.01489,2560.44,63.13,768.13,Kmart,Smart Plug With Timer,Generic,19.0,80.0,2.0,2480.44,61.13,733.61,0.31,0.9683,0.9688,0.9294,0.9872,0.9654,Control,Cheapest,Low-cost way to reduce standby and schedule usage.,high,Consider Smart Plug With Timer from Kmart for Tumble Dryer. Estimated saving: $61.13/month with about 2480.4 kWh/year reduction.,generic,3.5444526086956527,1.83936,31.899565217391302,87.0,97.9,Needs attention,"above similar-house benchmark, peak-hour usage, frequent usage, higher monthly cost","Tumble Dryer is classified as Needs attention. It is 97.9% above the REFIT similar-appliance average, with 4937 detected events and 25.0% peak-hour activity.",0.5319,0.7256,0.3806,0.7036,"Matched because this appliance is needs attention, above similar-house benchmark, peak-hour usage, frequent usage, higher monthly cost, and the option balances price, energy reduction, savings and payback."
5,Tumble Dryer,Tumble Dryer,generic,Appliance2,7.01489,2560.44,63.13,768.13,Bunnings,Timer Plug / Standby Saver,Arlec,24.0,75.0,1.88,2485.44,61.26,735.11,0.39,0.9703,0.9707,0.9124,0.9839,0.9638,Control,Best Value,Useful for appliance groups and plug loads.,high,Consider Timer Plug / Standby Saver from Bunnings for Tumble Dryer. Estimated saving: $61.26/month with about 2485.4 kWh/year reduction.,generic,3.5444526086956527,1.83936,31.899565217391302,87.0,97.9,Needs attention,"above similar-house benchmark, peak-hour usage, frequent usage, higher monthly cost","Tumble Dryer is classified as Needs attention. It is 97.9% above the REFIT similar-appliance average, with 4937 detected events and 25.0% peak-hour activity.",0.5283,0.7172,0.3805,0.6996,"Matched because this appliance is needs attention, above similar-house benchmark, peak-hour usage, frequent usage, higher monthly cost, and the option balances price, energy reduction, savings and payback."
5,Tumble Dryer,Tumble Dryer,generic,Appliance2,7.01489,2560.44,63.13,768.13,JB Hi-Fi,Energy Monitoring Smart Plug,TP-Link Tapo,29.0,70.0,1.75,2490.44,61.38,736.61,0.47,0.9723,0.9727,0.8961,0.9807,0.9622,Monitoring,Overall,Adds monitoring so recommendations can be updated later.,high,Consider Energy Monitoring Smart Plug from JB Hi-Fi for Tumble Dryer. Estimated saving: $61.38/month with about 2490.4 kWh/year reduction.,generic,3.5444526086956527,1.83936,31.899565217391302,87.0,97.9,Needs attention,"above similar-house benchmark, peak-hour usage, frequent usage, higher monthly cost","Tumble Dryer is classified as Needs attention. It is 97.9% above the REFIT similar-appliance average, with 4937 detected events and 25.0% peak-hour activity.",0.5247,0.7092,0.3805,0.6957,"Matched because this appliance is needs attention, above similar-house benchmark, peak-hour usage, frequent usage, higher monthly cost, and the option balances price, energy reduction, savings and payback."
5,Washing Machine,Washing Machine,washing machine,Appliance3,2.41215,880.44,21.71,264.13,Kmart,Smart Plug With Timer,Generic,19.0,80.0,2.0,800.44,19.71,236.51,0.96,0.9079,0.9091,0.9294,0.9614,0.9195,Control,Cheapest,Low-cost way to reduce standby and schedule usage.,high,Consider Smart Plug With Timer from Kmart for Washing Machine. Estimated saving: $19.71/month with about 800.4 kWh/year reduction.,washing machine,1.958721081081081,1.22083,17.62810810810811,78.4,23.1,Average,"above similar-house benchmark, frequent usage, higher monthly cost","Washing Machine is classified as Average. It is 23.1% above the REFIT similar-appliance average, with 9390 detected events and 24.8% peak-hour activity.",0.4443,0.6781,0.2626,0.6429,"Matched because this appliance is average, above similar-house benchmark, frequent usage, higher monthly cost, and the option balances price, energy reduction, savings and payback."
5,Washing Machine,Washing Machine,washing machine,Appliance3,2.41215,880.44,21.71,264.13,Bunnings,Timer Plug / Standby Saver,Arlec,24.0,75.0,1.88,805.44,19.83,238.01,1.21,0.9136,0.9148,0.9124,0.952,0.9196,Control,Best Value,Useful for appliance groups and plug loads.,high,Consider Timer Plug / Standby Saver from Bunnings for Washing Machine. Estimated saving: $19.83/month with about 805.4 kWh/year reduction.,washing machine,1.958721081081081,1.22083,17.62810810810811,78.4,23.1,Average,"above similar-house benchmark, frequent usage, higher monthly cost","Washing Machine is classified as Average. It is 23.1% above the REFIT similar-appliance average, with 9390 detected events and 24.8% peak-hour activity.",0.4397,0.6682,0.2619,0.6358,"Matched because this appliance is average, above similar-house benchmark, frequent usage, higher monthly cost, and the option balances price, energy reduction, savings and payback."
5,Washing Machine,Washing Machine,washing machine,Appliance3,2.41215,880.44,21.71,264.13,JB Hi-Fi,Energy Monitoring Smart Plug,TP-Link Tapo,29.0,70.0,1.75,810.44,19.96,239.51,1.45,0.9194,0.9205,0.8961,0.9429,0.9198,Monitoring,Overall,Adds monitoring so recommendations can be updated later.,high,Consider Energy Monitoring Smart Plug from JB Hi-Fi for Washing Machine. Estimated saving: $19.96/month with about 810.4 kWh/year reduction.,washing machine,1.958721081081081,1.22083,17.62810810810811,78.4,23.1,Average,"above similar-house benchmark, frequent usage, higher monthly cost","Washing Machine is classified as Average. It is 23.1% above the REFIT similar-appliance average, with 9390 detected events and 24.8% peak-hour activity.",0.4353,0.6587,0.2613,0.629,"Matched because this appliance is average, above similar-house benchmark, frequent usage, higher monthly cost, and the option balances price, energy reduction, savings and payback."
5,Washing Machine,Washing Machine,washing machine,Appliance3,2.41215,880.44,21.71,264.13,Big W,Laundry Smart Timer Plug,Generic,29.0,180.0,4.5,700.44,17.21,206.51,1.69,0.7927,0.7956,0.8961,0.9344,0.8303,Control,Cheapest,Low-cost option to shift laundry away from peak hours.,high,Consider Laundry Smart Timer Plug from Big W for Washing Machine. Estimated saving: $17.21/month with about 700.4 kWh/year reduction.,washing machine,1.958721081081081,1.22083,17.62810810810811,78.4,23.1,Average,"above similar-house benchmark, frequent usage, higher monthly cost","Washing Machine is classified as Average. It is 23.1% above the REFIT similar-appliance average, with 9390 detected events and 24.8% peak-hour activity.",0.429,0.6538,0.2537,0.6214,"Matched because this appliance is average, above similar-house benchmark, frequent usage, higher monthly cost, and the option balances price, energy reduction, savings and payback."
5,Washing Machine,Washing Machine,washing machine,Appliance3,2.41215,880.44,21.71,264.13,JB Hi-Fi,Inverter Front Loader,LG,799.0,145.0,3.62,735.44,18.08,217.01,44.18,0.833,0.8353,0.2383,0.352,0.6723,High,Best Value,Good value inverter option for repeated laundry use.,high,Consider Inverter Front Loader from JB Hi-Fi for Washing Machine. Estimated saving: $18.08/month with about 735.4 kWh/year reduction.,washing machine,1.958721081081081,1.22083,17.62810810810811,78.4,23.1,Average,"above similar-house benchmark, frequent usage, higher monthly cost","Washing Machine is classified as Average. It is 23.1% above the REFIT similar-appliance average, with 9390 detected events and 24.8% peak-hour activity.",0.2117,0.2132,0.1976,0.2327,"Matched because this appliance is average, above similar-house benchmark, frequent usage, higher monthly cost, and the option balances price, energy reduction, savings and payback."
5,Washing Machine,Washing Machine,washing machine,Appliance3,2.41215,880.44,21.71,264.13,The Good Guys,Front Load Washing Machine,Bosch,849.0,135.0,3.38,745.44,18.33,220.01,46.31,0.8445,0.8467,0.2275,0.3414,0.6771,Premium,Energy Wise,Front loaders are suited to lower water and energy use.,high,Consider Front Load Washing Machine from The Good Guys for Washing Machine. Estimated saving: $18.33/month with about 745.4 kWh/year reduction.,washing machine,1.958721081081081,1.22083,17.62810810810811,78.4,23.1,Average,"above similar-house benchmark, frequent usage, higher monthly cost","Washing Machine is classified as Average. It is 23.1% above the REFIT similar-appliance average, with 9390 detected events and 24.8% peak-hour activity.",0.2084,0.2059,0.1972,0.226,"Matched because this appliance is average, above similar-house benchmark, frequent usage, higher monthly cost, and the option balances price, energy reduction, savings and payback."
6,Dishwasher,Dishwasher,washing machine,Appliance3,1.5041,549.0,13.54,164.7,Kmart,Smart Plug With Timer,Generic,19.0,80.0,2.0,469.0,11.54,138.44,1.65,0.8523,0.8543,0.9294,0.9358,0.877,Control,Cheapest,Low-cost way to reduce standby and schedule usage.,high,Consider Smart Plug With Timer from Kmart for Dishwasher. Estimated saving: $11.54/month with about 469.0 kWh/year reduction.,washing machine,1.958721081081081,1.22083,17.62810810810811,62.2,-23.2,Average,peak-hour usage,"Dishwasher is classified as Average. It is 23.2% below the REFIT similar-appliance average, with 620 detected events and 26.6% peak-hour activity.",0.4094,0.6636,0.2155,0.6206,"Matched because this appliance is average, peak-hour usage, and the option balances price, energy reduction, savings and payback."
6,Dishwasher,Dishwasher,washing machine,Appliance3,1.5041,549.0,13.54,164.7,Bunnings,Timer Plug / Standby Saver,Arlec,24.0,75.0,1.88,474.0,11.66,139.94,2.06,0.8615,0.8634,0.9124,0.921,0.8786,Control,Best Value,Useful for appliance groups and plug loads.,high,Consider Timer Plug / Standby Saver from Bunnings for Dishwasher. Estimated saving: $11.66/month with about 474.0 kWh/year reduction.,washing machine,1.958721081081081,1.22083,17.62810810810811,62.2,-23.2,Average,peak-hour usage,"Dishwasher is classified as Average. It is 23.2% below the REFIT similar-appliance average, with 620 detected events and 26.6% peak-hour activity.",0.404,0.6524,0.2143,0.6108,"Matched because this appliance is average, peak-hour usage, and the option balances price, energy reduction, savings and payback."
6,Dishwasher,Dishwasher,washing machine,Appliance3,1.5041,549.0,13.54,164.7,JB Hi-Fi,Energy Monitoring Smart Plug,TP-Link Tapo,29.0,70.0,1.75,479.0,11.79,141.44,2.46,0.8707,0.8725,0.8961,0.907,0.8805,Monitoring,Overall,Adds monitoring so recommendations can be updated later.,high,Consider Energy Monitoring Smart Plug from JB Hi-Fi for Dishwasher. Estimated saving: $11.79/month with about 479.0 kWh/year reduction.,washing machine,1.958721081081081,1.22083,17.62810810810811,62.2,-23.2,Average,peak-hour usage,"Dishwasher is classified as Average. It is 23.2% below the REFIT similar-appliance average, with 620 detected events and 26.6% peak-hour activity.",0.3989,0.6417,0.2132,0.6015,"Matched because this appliance is average, peak-hour usage, and the option balances price, energy reduction, savings and payback."
6,Dishwasher,Dishwasher,washing machine,Appliance3,1.5041,549.0,13.54,164.7,Big W,Laundry Smart Timer Plug,Generic,29.0,180.0,4.5,369.0,9.04,108.44,3.21,0.6676,0.6721,0.8961,0.8821,0.7354,Control,Cheapest,Low-cost option to shift laundry away from peak hours.,high,Consider Laundry Smart Timer Plug from Big W for Dishwasher. Estimated saving: $9.04/month with about 369.0 kWh/year reduction.,washing machine,1.958721081081081,1.22083,17.62810810810811,62.2,-23.2,Average,peak-hour usage,"Dishwasher is classified as Average. It is 23.2% below the REFIT similar-appliance average, with 620 detected events and 26.6% peak-hour activity.",0.3902,0.6327,0.204,0.5859,"Matched because this appliance is average, peak-hour usage, and the option balances price, energy reduction, savings and payback."
6,Dishwasher,Dishwasher,washing machine,Appliance3,1.5041,549.0,13.54,164.7,JB Hi-Fi,Inverter Front Loader,LG,799.0,145.0,3.62,404.0,9.91,118.94,80.61,0.7322,0.7359,0.2383,0.2294,0.5838,High,Best Value,Good value inverter option for repeated laundry use.,high,Consider Inverter Front Loader from JB Hi-Fi for Dishwasher. Estimated saving: $9.91/month with about 404.0 kWh/year reduction.,washing machine,1.958721081081081,1.22083,17.62810810810811,62.2,-23.2,Average,peak-hour usage,"Dishwasher is classified as Average. It is 23.2% below the REFIT similar-appliance average, with 620 detected events and 26.6% peak-hour activity.",0.1623,0.1744,0.1409,0.1619,"Matched because this appliance is average, peak-hour usage, and the option balances price, energy reduction, savings and payback."
6,Dishwasher,Dishwasher,washing machine,Appliance3,1.5041,549.0,13.54,164.7,The Good Guys,Front Load Washing Machine,Bosch,849.0,135.0,3.38,414.0,10.16,121.94,83.55,0.7507,0.7541,0.2275,0.2232,0.5941,Premium,Energy Wise,Front loaders are suited to lower water and energy use.,high,Consider Front Load Washing Machine from The Good Guys for Dishwasher. Estimated saving: $10.16/month with about 414.0 kWh/year reduction.,washing machine,1.958721081081081,1.22083,17.62810810810811,62.2,-23.2,Average,peak-hour usage,"Dishwasher is classified as Average. It is 23.2% below the REFIT similar-appliance average, with 620 detected events and 26.6% peak-hour activity.",0.1596,0.1682,0.1408,0.1574,"Matched because this appliance is average, peak-hour usage, and the option balances price, energy reduction, savings and payback."
6,Freezer Utility Room,Freezer Utility Room,freezer,Appliance1,2.12261,774.75,19.1,232.43,Kmart,Smart Plug With Timer,Generic,19.0,80.0,2.0,694.75,17.1,205.24,1.11,0.8953,0.8967,0.9294,0.9558,0.9099,Control,Cheapest,Low-cost way to reduce standby and schedule usage.,high,Consider Smart Plug With Timer from Kmart for Freezer Utility Room. Estimated saving: $17.10/month with about 694.8 kWh/year reduction.,freezer,1.02615,0.92847,9.235384615384616,92.3,106.9,Needs attention,"above similar-house benchmark, frequent usage, higher monthly cost","Freezer Utility Room is classified as Needs attention. It is 106.9% above the REFIT similar-appliance average, with 4332 detected events and 24.9% peak-hour activity.",0.4526,0.6741,0.2764,0.6371,"Matched because this appliance is needs attention, above similar-house benchmark, frequent usage, higher monthly cost, and the option balances price, energy reduction, savings and payback."
6,Freezer Utility Room,Freezer Utility Room,freezer,Appliance1,2.12261,774.75,19.1,232.43,Bunnings,Timer Plug / Standby Saver,Arlec,24.0,75.0,1.88,699.75,17.23,206.74,1.39,0.9019,0.9032,0.9124,0.9451,0.9103,Control,Best Value,Useful for appliance groups and plug loads.,high,Consider Timer Plug / Standby Saver from Bunnings for Freezer Utility Room. Estimated saving: $17.23/month with about 699.8 kWh/year reduction.,freezer,1.02615,0.92847,9.235384615384616,92.3,106.9,Needs attention,"above similar-house benchmark, frequent usage, higher monthly cost","Freezer Utility Room is classified as Needs attention. It is 106.9% above the REFIT similar-appliance average, with 4332 detected events and 24.9% peak-hour activity.",0.4479,0.664,0.2757,0.6294,"Matched because this appliance is needs attention, above similar-house benchmark, frequent usage, higher monthly cost, and the option balances price, energy reduction, savings and payback."
6,Freezer Utility Room,Freezer Utility Room,freezer,Appliance1,2.12261,774.75,19.1,232.43,JB Hi-Fi,Energy Monitoring Smart Plug,TP-Link Tapo,29.0,70.0,1.75,704.75,17.35,208.24,1.67,0.9084,0.9096,0.8961,0.9349,0.9109,Monitoring,Overall,Adds monitoring so recommendations can be updated later.,high,Consider Energy Monitoring Smart Plug from JB Hi-Fi for Freezer Utility Room. Estimated saving: $17.35/month with about 704.8 kWh/year reduction.,freezer,1.02615,0.92847,9.235384615384616,92.3,106.9,Needs attention,"above similar-house benchmark, frequent usage, higher monthly cost","Freezer Utility Room is classified as Needs attention. It is 106.9% above the REFIT similar-appliance average, with 4332 detected events and 24.9% peak-hour activity.",0.4433,0.6541,0.2749,0.6219,"Matched because this appliance is needs attention, above similar-house benchmark, frequent usage, higher monthly cost, and the option balances price, energy reduction, savings and payback."
6,Freezer Utility Room,Freezer Utility Room,freezer,Appliance1,2.12261,774.75,19.1,232.43,Kmart,Freezer Timer Reminder Plug,Generic,19.0,300.0,7.5,474.75,11.6,139.24,1.64,0.6074,0.6128,0.9294,0.9361,0.7066,Control,Cheapest,"Useful for monitoring, not replacing cold storage.",high,Consider Freezer Timer Reminder Plug from Kmart for Freezer Utility Room. Estimated saving: $11.60/month with about 474.8 kWh/year reduction.,freezer,1.02615,0.92847,9.235384615384616,92.3,106.9,Needs attention,"above similar-house benchmark, frequent usage, higher monthly cost","Freezer Utility Room is classified as Needs attention. It is 106.9% above the REFIT similar-appliance average, with 4332 detected events and 24.9% peak-hour activity.",0.4397,0.6637,0.2609,0.6209,"Matched because this appliance is needs attention, above similar-house benchmark, frequent usage, higher monthly cost, and the option balances price, energy reduction, savings and payback."
6,Freezer Utility Room,Freezer Utility Room,freezer,Appliance1,2.12261,774.75,19.1,232.43,Harvey Norman,Low Energy Chest Freezer,Haier,499.0,210.0,5.25,564.75,13.85,166.24,36.02,0.7252,0.7289,0.3338,0.3999,0.6188,Premium,Energy Wise,Chest freezer style can reduce energy loss.,high,Consider Low Energy Chest Freezer from Harvey Norman for Freezer Utility Room. Estimated saving: $13.85/month with about 564.8 kWh/year reduction.,freezer,1.02615,0.92847,9.235384615384616,92.3,106.9,Needs attention,"above similar-house benchmark, frequent usage, higher monthly cost","Freezer Utility Room is classified as Needs attention. It is 106.9% above the REFIT similar-appliance average, with 4332 detected events and 24.9% peak-hour activity.",0.2442,0.2639,0.2128,0.266,"Matched because this appliance is needs attention, above similar-house benchmark, frequent usage, higher monthly cost, and the option balances price, energy reduction, savings and payback."
6,Freezer Utility Room,Freezer Utility Room,freezer,Appliance1,2.12261,774.75,19.1,232.43,The Good Guys,Efficient Upright Freezer,Westinghouse,849.0,250.0,6.25,524.75,12.85,154.24,66.05,0.6728,0.6773,0.2275,0.2665,0.5464,High,Best Value,Good for high continuous freezer loads.,high,Consider Efficient Upright Freezer from The Good Guys for Freezer Utility Room. Estimated saving: $12.85/month with about 524.8 kWh/year reduction.,freezer,1.02615,0.92847,9.235384615384616,92.3,106.9,Needs attention,"above similar-house benchmark, frequent usage, higher monthly cost","Freezer Utility Room is classified as Needs attention. It is 106.9% above the REFIT similar-appliance average, with 4332 detected events and 24.9% peak-hour activity.",0.2012,0.1817,0.197,0.1823,"Matched because this appliance is needs attention, above similar-house benchmark, frequent usage, higher monthly cost, and the option balances price, energy reduction, savings and payback."
6,Kettle,Kettle,kettle,Appliance7,29.63795,10817.85,266.74,3245.36,Kmart,Smart Plug With Timer,Generic,19.0,80.0,2.0,10737.85,264.74,3176.9,0.07,0.9925,0.9926,0.9294,0.997,0.9837,Control,Cheapest,Low-cost way to reduce standby and schedule usage.,high,Consider Smart Plug With Timer from Kmart for Kettle. Estimated saving: $264.74/month with about 10737.9 kWh/year reduction.,kettle,16.07417125,13.334344999999999,144.66750000000002,87.5,84.4,Needs attention,"above similar-house benchmark, peak-hour usage, frequent usage, higher monthly cost","Kettle is classified as Needs attention. It is 84.4% above the REFIT similar-appliance average, with 2847 detected events and 25.6% peak-hour activity.",0.9034,0.9296,0.8862,0.9437,"Matched because this appliance is needs attention, above similar-house benchmark, peak-hour usage, frequent usage, higher monthly cost, and the option balances price, energy reduction, savings and payback."
6,Kettle,Kettle,kettle,Appliance7,29.63795,10817.85,266.74,3245.36,Kmart,1.7L Auto-Off Kettle,Anko,25.0,32.0,0.8,10785.85,265.94,3191.3,0.09,0.997,0.997,0.9091,0.9961,0.9837,Efficient,Cheapest,Low-cost replacement with auto shut-off.,high,Consider 1.7L Auto-Off Kettle from Kmart for Kettle. Estimated saving: $265.94/month with about 10785.9 kWh/year reduction.,kettle,16.07417125,13.334344999999999,144.66750000000002,87.5,84.4,Needs attention,"above similar-house benchmark, peak-hour usage, frequent usage, higher monthly cost","Kettle is classified as Needs attention. It is 84.4% above the REFIT similar-appliance average, with 2847 detected events and 25.6% peak-hour activity.",0.9014,0.9214,0.889,0.9416,"Matched because this appliance is needs attention, above similar-house benchmark, peak-hour usage, frequent usage, higher monthly cost, and the option balances price, energy reduction, savings and payback."
6,Kettle,Kettle,kettle,Appliance7,29.63795,10817.85,266.74,3245.36,Bunnings,Timer Plug / Standby Saver,Arlec,24.0,75.0,1.88,10742.85,264.87,3178.4,0.09,0.993,0.9931,0.9124,0.9962,0.9814,Control,Best Value,Useful for appliance groups and plug loads.,high,Consider Timer Plug / Standby Saver from Bunnings for Kettle. Estimated saving: $264.87/month with about 10742.9 kWh/year reduction.,kettle,16.07417125,13.334344999999999,144.66750000000002,87.5,84.4,Needs attention,"above similar-house benchmark, peak-hour usage, frequent usage, higher monthly cost","Kettle is classified as Needs attention. It is 84.4% above the REFIT similar-appliance average, with 2847 detected events and 25.6% peak-hour activity.",0.9001,0.9219,0.8864,0.9409,"Matched because this appliance is needs attention, above similar-house benchmark, peak-hour usage, frequent usage, higher monthly cost, and the option balances price, energy reduction, savings and payback."
6,Kettle,Kettle,kettle,Appliance7,29.63795,10817.85,266.74,3245.36,JB Hi-Fi,Energy Monitoring Smart Plug,TP-Link Tapo,29.0,70.0,1.75,10747.85,264.99,3179.9,0.11,0.9934,0.9935,0.8961,0.9955,0.9792,Monitoring,Overall,Adds monitoring so recommendations can be updated later.,high,Consider Energy Monitoring Smart Plug from JB Hi-Fi for Kettle. Estimated saving: $264.99/month with about 10747.9 kWh/year reduction.,kettle,16.07417125,13.334344999999999,144.66750000000002,87.5,84.4,Needs attention,"above similar-house benchmark, peak-hour usage, frequent usage, higher monthly cost","Kettle is classified as Needs attention. It is 84.4% above the REFIT similar-appliance average, with 2847 detected events and 25.6% peak-hour activity.",0.897,0.9144,0.8866,0.9382,"Matched because this appliance is needs attention, above similar-house benchmark, peak-hour usage, frequent usage, higher monthly cost, and the option balances price, energy reduction, savings and payback."
6,Kettle,Kettle,kettle,Appliance7,29.63795,10817.85,266.74,3245.36,Big W,Energy Efficient Kettle,Russell Hobbs,49.0,28.0,0.7,10789.85,266.04,3192.5,0.18,0.9974,0.9974,0.8361,0.9924,0.9724,High,Best Value,Balanced price and energy use.,high,Consider Energy Efficient Kettle from Big W for Kettle. Estimated saving: $266.04/month with about 10789.9 kWh/year reduction.,kettle,16.07417125,13.334344999999999,144.66750000000002,87.5,84.4,Needs attention,"above similar-house benchmark, peak-hour usage, frequent usage, higher monthly cost","Kettle is classified as Needs attention. It is 84.4% above the REFIT similar-appliance average, with 2847 detected events and 25.6% peak-hour activity.",0.8864,0.8877,0.8889,0.9289,"Matched because this appliance is needs attention, above similar-house benchmark, peak-hour usage, frequent usage, higher monthly cost, and the option balances price, energy reduction, savings and payback."
6,Kettle,Kettle,kettle,Appliance7,29.63795,10817.85,266.74,3245.36,JB Hi-Fi,Smart Temperature Control Kettle,Breville,109.0,24.0,0.6,10793.85,266.14,3193.7,0.41,0.9978,0.9978,0.6964,0.9832,0.9504,Premium,Energy Wise,Temperature control helps reduce repeated boiling.,high,Consider Smart Temperature Control Kettle from JB Hi-Fi for Kettle. Estimated saving: $266.14/month with about 10793.9 kWh/year reduction.,kettle,16.07417125,13.334344999999999,144.66750000000002,87.5,84.4,Needs attention,"above similar-house benchmark, peak-hour usage, frequent usage, higher monthly cost","Kettle is classified as Needs attention. It is 84.4% above the REFIT similar-appliance average, with 2847 detected events and 25.6% peak-hour activity.",0.8573,0.8226,0.8882,0.9034,"Matched because this appliance is needs attention, above similar-house benchmark, peak-hour usage, frequent usage, higher monthly cost, and the option balances price, energy reduction, savings and payback."
6,MJY Computer,MJY Computer,computer,Appliance4,1.2972,473.48,11.67,142.04,Kmart,Smart Plug With Timer,Generic,19.0,80.0,2.0,393.48,9.67,116.1,1.96,0.8287,0.831,0.9294,0.9244,0.8588,Control,Cheapest,Low-cost way to reduce standby and schedule usage.,high,Consider Smart Plug With Timer from Kmart for MJY Computer. Estimated saving: $9.67/month with about 393.5 kWh/year reduction.,computer,0.41818333333333335,0.179285,3.763888888888889,94.4,210.2,Needs attention,"above similar-house benchmark, peak-hour usage, frequent usage, higher monthly cost","MJY Computer is classified as Needs attention. It is 210.2% above the REFIT similar-appliance average, with 19473 detected events and 35.8% peak-hour activity.",0.4365,0.6589,0.258,0.6128,"Matched because this appliance is needs attention, above similar-house benchmark, peak-hour usage, frequent usage, higher monthly cost, and the option balances price, energy reduction, savings and payback."
6,MJY Computer,MJY Computer,computer,Appliance4,1.2972,473.48,11.67,142.04,Bunnings,Timer Plug / Standby Saver,Arlec,24.0,75.0,1.88,398.48,9.8,117.6,2.45,0.8394,0.8416,0.9124,0.9074,0.8612,Control,Best Value,Useful for appliance groups and plug loads.,high,Consider Timer Plug / Standby Saver from Bunnings for MJY Computer. Estimated saving: $9.80/month with about 398.5 kWh/year reduction.,computer,0.41818333333333335,0.179285,3.763888888888889,94.4,210.2,Needs attention,"above similar-house benchmark, peak-hour usage, frequent usage, higher monthly cost","MJY Computer is classified as Needs attention. It is 210.2% above the REFIT similar-appliance average, with 19473 detected events and 35.8% peak-hour activity.",0.4308,0.6471,0.2566,0.6019,"Matched because this appliance is needs attention, above similar-house benchmark, peak-hour usage, frequent usage, higher monthly cost, and the option balances price, energy reduction, savings and payback."
6,MJY Computer,MJY Computer,computer,Appliance4,1.2972,473.48,11.67,142.04,JB Hi-Fi,Energy Monitoring Smart Plug,TP-Link Tapo,29.0,70.0,1.75,403.48,9.92,119.1,2.92,0.8501,0.8522,0.8961,0.8915,0.8638,Monitoring,Overall,Adds monitoring so recommendations can be updated later.,high,Consider Energy Monitoring Smart Plug from JB Hi-Fi for MJY Computer. Estimated saving: $9.92/month with about 403.5 kWh/year reduction.,computer,0.41818333333333335,0.179285,3.763888888888889,94.4,210.2,Needs attention,"above similar-house benchmark, peak-hour usage, frequent usage, higher monthly cost","MJY Computer is classified as Needs attention. It is 210.2% above the REFIT similar-appliance average, with 19473 detected events and 35.8% peak-hour activity.",0.4254,0.6359,0.2553,0.5916,"Matched because this appliance is needs attention, above similar-house benchmark, peak-hour usage, frequent usage, higher monthly cost, and the option balances price, energy reduction, savings and payback."
6,MJY Computer,MJY Computer,computer,Appliance4,1.2972,473.48,11.67,142.04,Officeworks,Smart Standby Powerboard,Jackson,39.0,135.0,3.38,338.48,8.3,99.6,4.7,0.7109,0.7149,0.8651,0.8363,0.754,Control,Best Value,"Reduces standby waste from monitors, printers and routers.",high,Consider Smart Standby Powerboard from Officeworks for MJY Computer. Estimated saving: $8.30/month with about 338.5 kWh/year reduction.,computer,0.41818333333333335,0.179285,3.763888888888889,94.4,210.2,Needs attention,"above similar-house benchmark, peak-hour usage, frequent usage, higher monthly cost","MJY Computer is classified as Needs attention. It is 210.2% above the REFIT similar-appliance average, with 19473 detected events and 35.8% peak-hour activity.",0.4079,0.6066,0.2458,0.5575,"Matched because this appliance is needs attention, above similar-house benchmark, peak-hour usage, frequent usage, higher monthly cost, and the option balances price, energy reduction, savings and payback."
6,MJY Computer,MJY Computer,computer,Appliance4,1.2972,473.48,11.67,142.04,JB Hi-Fi,Energy Efficient Mini PC Setup,Generic,699.0,105.0,2.62,368.48,9.05,108.6,77.24,0.7752,0.7782,0.2634,0.2371,0.6186,High,Energy Wise,Lower-power option for desktop computer sites.,high,Consider Energy Efficient Mini PC Setup from JB Hi-Fi for MJY Computer. Estimated saving: $9.05/month with about 368.5 kWh/year reduction.,computer,0.41818333333333335,0.179285,3.763888888888889,94.4,210.2,Needs attention,"above similar-house benchmark, peak-hour usage, frequent usage, higher monthly cost","MJY Computer is classified as Needs attention. It is 210.2% above the REFIT similar-appliance average, with 19473 detected events and 35.8% peak-hour activity.",0.1991,0.1868,0.1878,0.1685,"Matched because this appliance is needs attention, above similar-house benchmark, peak-hour usage, frequent usage, higher monthly cost, and the option balances price, energy reduction, savings and payback."
6,Microwave,Microwave,microwave,Appliance6,0.17488,63.83,1.57,19.15,Kmart,Smart Plug With Timer,Generic,19.0,80.0,2.0,0.0,0.0,0.0,,0.0,0.0,0.9294,0.0,0.1394,Control,Cheapest,Low-cost way to reduce standby and schedule usage.,low,Consider Smart Plug With Timer from Kmart for Microwave. Estimated saving: $0.00/month with about 0.0 kWh/year reduction.,microwave,1.693406875,0.12358,15.23875,62.5,-89.7,Needs attention,"peak-hour usage, frequent usage","Microwave is classified as Needs attention. It is 89.7% below the REFIT similar-appliance average, with 1828 detected events and 60.8% peak-hour activity.",0.2912,0.4896,0.1223,0.2823,"Matched because this appliance is needs attention, peak-hour usage, frequent usage, and the option balances price, energy reduction, savings and payback."
6,Microwave,Microwave,microwave,Appliance6,0.17488,63.83,1.57,19.15,Bunnings,Timer Plug / Standby Saver,Arlec,24.0,75.0,1.88,0.0,0.0,0.0,,0.0,0.0,0.9124,0.0,0.1369,Control,Best Value,Useful for appliance groups and plug loads.,low,Consider Timer Plug / Standby Saver from Bunnings for Microwave. Estimated saving: $0.00/month with about 0.0 kWh/year reduction.,microwave,1.693406875,0.12358,15.23875,62.5,-89.7,Needs attention,"peak-hour usage, frequent usage","Microwave is classified as Needs attention. It is 89.7% below the REFIT similar-appliance average, with 1828 detected events and 60.8% peak-hour activity.",0.2878,0.482,0.1223,0.2797,"Matched because this appliance is needs attention, peak-hour usage, frequent usage, and the option balances price, energy reduction, savings and payback."
6,Microwave,Microwave,microwave,Appliance6,0.17488,63.83,1.57,19.15,JB Hi-Fi,Energy Monitoring Smart Plug,TP-Link Tapo,29.0,70.0,1.75,0.0,0.0,0.0,,0.0,0.0,0.8961,0.0,0.1344,Monitoring,Overall,Adds monitoring so recommendations can be updated later.,low,Consider Energy Monitoring Smart Plug from JB Hi-Fi for Microwave. Estimated saving: $0.00/month with about 0.0 kWh/year reduction.,microwave,1.693406875,0.12358,15.23875,62.5,-89.7,Needs attention,"peak-hour usage, frequent usage","Microwave is classified as Needs attention. It is 89.7% below the REFIT similar-appliance average, with 1828 detected events and 60.8% peak-hour activity.",0.2846,0.4747,0.1223,0.2773,"Matched because this appliance is needs attention, peak-hour usage, frequent usage, and the option balances price, energy reduction, savings and payback."
6,Microwave,Microwave,microwave,Appliance6,0.17488,63.83,1.57,19.15,Kmart,Compact Microwave,Anko,99.0,96.0,2.4,0.0,0.0,0.0,,0.0,0.0,0.7163,0.0,0.1074,Standard,Cheapest,Lowest upfront price.,low,Consider Compact Microwave from Kmart for Microwave. Estimated saving: $0.00/month with about 0.0 kWh/year reduction.,microwave,1.693406875,0.12358,15.23875,62.5,-89.7,Needs attention,"peak-hour usage, frequent usage","Microwave is classified as Needs attention. It is 89.7% below the REFIT similar-appliance average, with 1828 detected events and 60.8% peak-hour activity.",0.2486,0.3938,0.1223,0.2503,"Matched because this appliance is needs attention, peak-hour usage, frequent usage, and the option balances price, energy reduction, savings and payback."
6,Microwave,Microwave,microwave,Appliance6,0.17488,63.83,1.57,19.15,The Good Guys,900W Efficient Microwave,LG,179.0,82.0,2.05,0.0,0.0,0.0,,0.0,0.0,0.5828,0.0,0.0874,High,Best Value,Good balance of price and energy use.,low,Consider 900W Efficient Microwave from The Good Guys for Microwave. Estimated saving: $0.00/month with about 0.0 kWh/year reduction.,microwave,1.693406875,0.12358,15.23875,62.5,-89.7,Needs attention,"peak-hour usage, frequent usage","Microwave is classified as Needs attention. It is 89.7% below the REFIT similar-appliance average, with 1828 detected events and 60.8% peak-hour activity.",0.2219,0.3337,0.1223,0.2303,"Matched because this appliance is needs attention, peak-hour usage, frequent usage, and the option balances price, energy reduction, savings and payback."
6,Microwave,Microwave,microwave,Appliance6,0.17488,63.83,1.57,19.15,JB Hi-Fi,Compact Inverter Microwave,Panasonic,219.0,76.0,1.9,0.0,0.0,0.0,,0.0,0.0,0.533,0.0,0.08,Premium,Energy Wise,Inverter control is suitable for repeated cooking events.,low,Consider Compact Inverter Microwave from JB Hi-Fi for Microwave. Estimated saving: $0.00/month with about 0.0 kWh/year reduction.,microwave,1.693406875,0.12358,15.23875,62.5,-89.7,Needs attention,"peak-hour usage, frequent usage","Microwave is classified as Needs attention. It is 89.7% below the REFIT similar-appliance average, with 1828 detected events and 60.8% peak-hour activity.",0.212,0.3113,0.1223,0.2228,"Matched because this appliance is needs attention, peak-hour usage, frequent usage, and the option balances price, energy reduction, savings and payback."
6,PGM Computer,PGM Computer,computer,Appliance9,0.3119,113.84,2.81,34.15,Kmart,Smart Plug With Timer,Generic,19.0,80.0,2.0,33.84,0.81,9.69,23.54,0.2875,0.2973,0.9294,0.5048,0.4193,Control,Cheapest,Low-cost way to reduce standby and schedule usage.,medium,Consider Smart Plug With Timer from Kmart for PGM Computer. Estimated saving: $0.81/month with about 33.8 kWh/year reduction.,computer,0.41818333333333335,0.179285,3.763888888888889,66.7,-25.4,Average,peak-hour usage,"PGM Computer is classified as Average. It is 25.4% below the REFIT similar-appliance average, with 3048 detected events and 39.0% peak-hour activity.",0.3298,0.5452,0.1526,0.3928,"Matched because this appliance is average, peak-hour usage, and the option balances price, energy reduction, savings and payback."
6,PGM Computer,PGM Computer,computer,Appliance9,0.3119,113.84,2.81,34.15,Bunnings,Timer Plug / Standby Saver,Arlec,24.0,75.0,1.88,38.84,0.93,11.19,25.75,0.3321,0.3412,0.9124,0.4824,0.4444,Control,Best Value,Useful for appliance groups and plug loads.,medium,Consider Timer Plug / Standby Saver from Bunnings for PGM Computer. Estimated saving: $0.93/month with about 38.8 kWh/year reduction.,computer,0.41818333333333335,0.179285,3.763888888888889,66.7,-25.4,Average,peak-hour usage,"PGM Computer is classified as Average. It is 25.4% below the REFIT similar-appliance average, with 3048 detected events and 39.0% peak-hour activity.",0.3233,0.5321,0.1506,0.3792,"Matched because this appliance is average, peak-hour usage, and the option balances price, energy reduction, savings and payback."
6,PGM Computer,PGM Computer,computer,Appliance9,0.3119,113.84,2.81,34.15,JB Hi-Fi,Energy Monitoring Smart Plug,TP-Link Tapo,29.0,70.0,1.75,43.84,1.06,12.69,27.43,0.3766,0.3851,0.8961,0.4666,0.4706,Monitoring,Overall,Adds monitoring so recommendations can be updated later.,high,Consider Energy Monitoring Smart Plug from JB Hi-Fi for PGM Computer. Estimated saving: $1.06/month with about 43.8 kWh/year reduction.,computer,0.41818333333333335,0.179285,3.763888888888889,66.7,-25.4,Average,peak-hour usage,"PGM Computer is classified as Average. It is 25.4% below the REFIT similar-appliance average, with 3048 detected events and 39.0% peak-hour activity.",0.3179,0.5209,0.1494,0.369,"Matched because this appliance is average, peak-hour usage, and the option balances price, energy reduction, savings and payback."
6,PGM Computer,PGM Computer,computer,Appliance9,0.3119,113.84,2.81,34.15,Officeworks,Smart Standby Powerboard,Jackson,39.0,135.0,3.38,0.0,0.0,0.0,,0.0,0.0,0.8651,0.0,0.1298,Control,Best Value,"Reduces standby waste from monitors, printers and routers.",low,Consider Smart Standby Powerboard from Officeworks for PGM Computer. Estimated saving: $0.00/month with about 0.0 kWh/year reduction.,computer,0.41818333333333335,0.179285,3.763888888888889,66.7,-25.4,Average,peak-hour usage,"PGM Computer is classified as Average. It is 25.4% below the REFIT similar-appliance average, with 3048 detected events and 39.0% peak-hour activity.",0.2826,0.4607,0.1286,0.2726,"Matched because this appliance is average, peak-hour usage, and the option balances price, energy reduction, savings and payback."
6,PGM Computer,PGM Computer,computer,Appliance9,0.3119,113.84,2.81,34.15,JB Hi-Fi,Energy Efficient Mini PC Setup,Generic,699.0,105.0,2.62,8.84,0.18,2.19,3837.79,0.0649,0.0777,0.2634,0.0062,0.0897,High,Energy Wise,Lower-power option for desktop computer sites.,low,Consider Energy Efficient Mini PC Setup from JB Hi-Fi for PGM Computer. Estimated saving: $0.18/month with about 8.8 kWh/year reduction.,computer,0.41818333333333335,0.179285,3.763888888888889,66.7,-25.4,Average,peak-hour usage,"PGM Computer is classified as Average. It is 25.4% below the REFIT similar-appliance average, with 3048 detected events and 39.0% peak-hour activity.",0.1207,0.1203,0.1012,0.0428,"Matched because this appliance is average, peak-hour usage, and the option balances price, energy reduction, savings and payback."
6,Television Site,Television Site,television,Appliance5,0.8368,305.43,7.53,91.63,Kmart,Smart Plug With Timer,Generic,19.0,80.0,2.0,225.43,5.53,66.37,3.44,0.7344,0.7381,0.9294,0.8748,0.7858,Control,Cheapest,Low-cost way to reduce standby and schedule usage.,high,Consider Smart Plug With Timer from Kmart for Television Site. Estimated saving: $5.53/month with about 225.4 kWh/year reduction.,television,0.64669,0.36083,5.819047619047619,71.4,29.4,Needs attention,"above similar-house benchmark, peak-hour usage, higher monthly cost","Television Site is classified as Needs attention. It is 29.4% above the REFIT similar-appliance average, with 2079 detected events and 61.2% peak-hour activity.",0.3985,0.6424,0.2083,0.5831,"Matched because this appliance is needs attention, above similar-house benchmark, peak-hour usage, higher monthly cost, and the option balances price, energy reduction, savings and payback."
6,Television Site,Television Site,television,Appliance5,0.8368,305.43,7.53,91.63,Kmart,Standby Saver Powerboard,Generic,19.0,120.0,3.0,185.43,4.53,54.37,4.19,0.6017,0.6071,0.9294,0.8513,0.6899,Control,Cheapest,Useful where TV site has multiple standby devices.,high,Consider Standby Saver Powerboard from Kmart for Television Site. Estimated saving: $4.53/month with about 185.4 kWh/year reduction.,television,0.64669,0.36083,5.819047619047619,71.4,29.4,Needs attention,"above similar-house benchmark, peak-hour usage, higher monthly cost","Television Site is classified as Needs attention. It is 29.4% above the REFIT similar-appliance average, with 2079 detected events and 61.2% peak-hour activity.",0.3932,0.6356,0.2035,0.5703,"Matched because this appliance is needs attention, above similar-house benchmark, peak-hour usage, higher monthly cost, and the option balances price, energy reduction, savings and payback."
6,Television Site,Television Site,television,Appliance5,0.8368,305.43,7.53,91.63,Bunnings,Timer Plug / Standby Saver,Arlec,24.0,75.0,1.88,230.43,5.66,67.87,4.24,0.751,0.7544,0.9124,0.8498,0.7911,Control,Best Value,Useful for appliance groups and plug loads.,high,Consider Timer Plug / Standby Saver from Bunnings for Television Site. Estimated saving: $5.66/month with about 230.4 kWh/year reduction.,television,0.64669,0.36083,5.819047619047619,71.4,29.4,Needs attention,"above similar-house benchmark, peak-hour usage, higher monthly cost","Television Site is classified as Needs attention. It is 29.4% above the REFIT similar-appliance average, with 2079 detected events and 61.2% peak-hour activity.",0.3917,0.6287,0.2061,0.5683,"Matched because this appliance is needs attention, above similar-house benchmark, peak-hour usage, higher monthly cost, and the option balances price, energy reduction, savings and payback."
6,Television Site,Television Site,television,Appliance5,0.8368,305.43,7.53,91.63,JB Hi-Fi,Energy Monitoring Smart Plug,TP-Link Tapo,29.0,70.0,1.75,235.43,5.78,69.37,5.02,0.7676,0.7708,0.8961,0.8271,0.7968,Monitoring,Overall,Adds monitoring so recommendations can be updated later.,high,Consider Energy Monitoring Smart Plug from JB Hi-Fi for Television Site. Estimated saving: $5.78/month with about 235.4 kWh/year reduction.,television,0.64669,0.36083,5.819047619047619,71.4,29.4,Needs attention,"above similar-house benchmark, peak-hour usage, higher monthly cost","Television Site is classified as Needs attention. It is 29.4% above the REFIT similar-appliance average, with 2079 detected events and 61.2% peak-hour activity.",0.3852,0.6157,0.2041,0.5546,"Matched because this appliance is needs attention, above similar-house benchmark, peak-hour usage, higher monthly cost, and the option balances price, energy reduction, savings and payback."
6,Television Site,Television Site,television,Appliance5,0.8368,305.43,7.53,91.63,JB Hi-Fi,Energy Efficient LED TV,TCL,599.0,95.0,2.38,210.43,5.16,61.87,116.17,0.6846,0.689,0.2945,0.1712,0.5504,High,Best Value,LED replacement for high TV-site consumption.,high,Consider Energy Efficient LED TV from JB Hi-Fi for Television Site. Estimated saving: $5.16/month with about 210.4 kWh/year reduction.,television,0.64669,0.36083,5.819047619047619,71.4,29.4,Needs attention,"above similar-house benchmark, peak-hour usage, higher monthly cost","Television Site is classified as Needs attention. It is 29.4% above the REFIT similar-appliance average, with 2079 detected events and 61.2% peak-hour activity.",0.1654,0.1804,0.137,0.1357,"Matched because this appliance is needs attention, above similar-house benchmark, peak-hour usage, higher monthly cost, and the option balances price, energy reduction, savings and payback."
6,Television Site,Television Site,television,Appliance5,0.8368,305.43,7.53,91.63,The Good Guys,Low Energy QLED TV,Samsung,899.0,80.0,2.0,225.43,5.53,66.37,162.53,0.7344,0.7381,0.2176,0.1287,0.5671,Premium,Energy Wise,Lower annual kWh for heavy TV use.,high,Consider Low Energy QLED TV from The Good Guys for Television Site. Estimated saving: $5.53/month with about 225.4 kWh/year reduction.,television,0.64669,0.36083,5.819047619047619,71.4,29.4,Needs attention,"above similar-house benchmark, peak-hour usage, higher monthly cost","Television Site is classified as Needs attention. It is 29.4% above the REFIT similar-appliance average, with 2079 detected events and 61.2% peak-hour activity.",0.1443,0.1356,0.1337,0.1034,"Matched because this appliance is needs attention, above similar-house benchmark, peak-hour usage, higher monthly cost, and the option balances price, energy reduction, savings and payback."
6,Toaster,Toaster,toaster,Appliance8,10.61041,3872.8,95.49,1161.84,Kmart,Smart Plug With Timer,Generic,19.0,80.0,2.0,3792.8,93.49,1121.92,0.2,0.9791,0.9793,0.9294,0.9916,0.9736,Control,Cheapest,Low-cost way to reduce standby and schedule usage.,high,Consider Smart Plug With Timer from Kmart for Toaster. Estimated saving: $93.49/month with about 3792.8 kWh/year reduction.,toaster,6.3147199999999994,4.68782,56.83111111111111,77.8,68.0,Average,"above similar-house benchmark, peak-hour usage, frequent usage, higher monthly cost","Toaster is classified as Average. It is 68.0% above the REFIT similar-appliance average, with 781 detected events and 26.2% peak-hour activity.",0.5821,0.7587,0.4473,0.7433,"Matched because this appliance is average, above similar-house benchmark, peak-hour usage, frequent usage, higher monthly cost, and the option balances price, energy reduction, savings and payback."
6,Toaster,Toaster,toaster,Appliance8,10.61041,3872.8,95.49,1161.84,Bunnings,Timer Plug / Standby Saver,Arlec,24.0,75.0,1.88,3797.8,93.62,1123.42,0.26,0.9804,0.9806,0.9124,0.9894,0.9716,Control,Best Value,Useful for appliance groups and plug loads.,high,Consider Timer Plug / Standby Saver from Bunnings for Toaster. Estimated saving: $93.62/month with about 3797.8 kWh/year reduction.,toaster,6.3147199999999994,4.68782,56.83111111111111,77.8,68.0,Average,"above similar-house benchmark, peak-hour usage, frequent usage, higher monthly cost","Toaster is classified as Average. It is 68.0% above the REFIT similar-appliance average, with 781 detected events and 26.2% peak-hour activity.",0.5786,0.7506,0.4474,0.7396,"Matched because this appliance is average, above similar-house benchmark, peak-hour usage, frequent usage, higher monthly cost, and the option balances price, energy reduction, savings and payback."
6,Toaster,Toaster,toaster,Appliance8,10.61041,3872.8,95.49,1161.84,Kmart,Auto-Off 2 Slice Toaster,Anko,29.0,18.0,0.45,3854.8,95.04,1140.52,0.31,0.9953,0.9954,0.8961,0.9874,0.9792,Efficient,Cheapest,Budget option for low-use cooking loads.,high,Consider Auto-Off 2 Slice Toaster from Kmart for Toaster. Estimated saving: $95.04/month with about 3854.8 kWh/year reduction.,toaster,6.3147199999999994,4.68782,56.83111111111111,77.8,68.0,Average,"above similar-house benchmark, peak-hour usage, frequent usage, higher monthly cost","Toaster is classified as Average. It is 68.0% above the REFIT similar-appliance average, with 781 detected events and 26.2% peak-hour activity.",0.5776,0.7441,0.4506,0.7378,"Matched because this appliance is average, above similar-house benchmark, peak-hour usage, frequent usage, higher monthly cost, and the option balances price, energy reduction, savings and payback."
6,Toaster,Toaster,toaster,Appliance8,10.61041,3872.8,95.49,1161.84,JB Hi-Fi,Energy Monitoring Smart Plug,TP-Link Tapo,29.0,70.0,1.75,3802.8,93.74,1124.92,0.31,0.9817,0.9819,0.8961,0.9873,0.9697,Monitoring,Overall,Adds monitoring so recommendations can be updated later.,high,Consider Energy Monitoring Smart Plug from JB Hi-Fi for Toaster. Estimated saving: $93.74/month with about 3802.8 kWh/year reduction.,toaster,6.3147199999999994,4.68782,56.83111111111111,77.8,68.0,Average,"above similar-house benchmark, peak-hour usage, frequent usage, higher monthly cost","Toaster is classified as Average. It is 68.0% above the REFIT similar-appliance average, with 781 detected events and 26.2% peak-hour activity.",0.5752,0.7428,0.4475,0.7363,"Matched because this appliance is average, above similar-house benchmark, peak-hour usage, frequent usage, higher monthly cost, and the option balances price, energy reduction, savings and payback."
6,Toaster,Toaster,toaster,Appliance8,10.61041,3872.8,95.49,1161.84,Big W,Variable Browning Toaster,Sunbeam,59.0,16.0,0.4,3856.8,95.09,1141.12,0.62,0.9958,0.9959,0.8091,0.9748,0.9647,High,Best Value,Better controls can reduce repeated use.,high,Consider Variable Browning Toaster from Big W for Toaster. Estimated saving: $95.09/month with about 3856.8 kWh/year reduction.,toaster,6.3147199999999994,4.68782,56.83111111111111,77.8,68.0,Average,"above similar-house benchmark, peak-hour usage, frequent usage, higher monthly cost","Toaster is classified as Average. It is 68.0% above the REFIT similar-appliance average, with 781 detected events and 26.2% peak-hour activity.",0.5584,0.7019,0.4495,0.7186,"Matched because this appliance is average, above similar-house benchmark, peak-hour usage, frequent usage, higher monthly cost, and the option balances price, energy reduction, savings and payback."
6,Washing Machine,Washing Machine,washing machine,Appliance2,5.50034,2007.62,49.5,602.29,Kmart,Smart Plug With Timer,Generic,19.0,80.0,2.0,1927.62,47.5,570.04,0.4,0.9596,0.9602,0.9294,0.9836,0.9588,Control,Cheapest,Low-cost way to reduce standby and schedule usage.,high,Consider Smart Plug With Timer from Kmart for Washing Machine. Estimated saving: $47.50/month with about 1927.6 kWh/year reduction.,washing machine,1.958721081081081,1.22083,17.62810810810811,94.6,180.8,Needs attention,"above similar-house benchmark, peak-hour usage, frequent usage, higher monthly cost","Washing Machine is classified as Needs attention. It is 180.8% above the REFIT similar-appliance average, with 6914 detected events and 25.1% peak-hour activity.",0.5142,0.7111,0.3579,0.6861,"Matched because this appliance is needs attention, above similar-house benchmark, peak-hour usage, frequent usage, higher monthly cost, and the option balances price, energy reduction, savings and payback."
6,Washing Machine,Washing Machine,washing machine,Appliance2,5.50034,2007.62,49.5,602.29,Bunnings,Timer Plug / Standby Saver,Arlec,24.0,75.0,1.88,1932.62,47.63,571.54,0.5,0.9621,0.9626,0.9124,0.9794,0.9574,Control,Best Value,Useful for appliance groups and plug loads.,high,Consider Timer Plug / Standby Saver from Bunnings for Washing Machine. Estimated saving: $47.63/month with about 1932.6 kWh/year reduction.,washing machine,1.958721081081081,1.22083,17.62810810810811,94.6,180.8,Needs attention,"above similar-house benchmark, peak-hour usage, frequent usage, higher monthly cost","Washing Machine is classified as Needs attention. It is 180.8% above the REFIT similar-appliance average, with 6914 detected events and 25.1% peak-hour activity.",0.5105,0.7026,0.3578,0.6817,"Matched because this appliance is needs attention, above similar-house benchmark, peak-hour usage, frequent usage, higher monthly cost, and the option balances price, energy reduction, savings and payback."
6,Washing Machine,Washing Machine,washing machine,Appliance2,5.50034,2007.62,49.5,602.29,JB Hi-Fi,Energy Monitoring Smart Plug,TP-Link Tapo,29.0,70.0,1.75,1937.62,47.75,573.04,0.61,0.9646,0.9651,0.8961,0.9753,0.9561,Monitoring,Overall,Adds monitoring so recommendations can be updated later.,high,Consider Energy Monitoring Smart Plug from JB Hi-Fi for Washing Machine. Estimated saving: $47.75/month with about 1937.6 kWh/year reduction.,washing machine,1.958721081081081,1.22083,17.62810810810811,94.6,180.8,Needs attention,"above similar-house benchmark, peak-hour usage, frequent usage, higher monthly cost","Washing Machine is classified as Needs attention. It is 180.8% above the REFIT similar-appliance average, with 6914 detected events and 25.1% peak-hour activity.",0.5068,0.6943,0.3576,0.6772,"Matched because this appliance is needs attention, above similar-house benchmark, peak-hour usage, frequent usage, higher monthly cost, and the option balances price, energy reduction, savings and payback."
6,Washing Machine,Washing Machine,washing machine,Appliance2,5.50034,2007.62,49.5,602.29,Big W,Laundry Smart Timer Plug,Generic,29.0,180.0,4.5,1827.62,45.0,540.04,0.64,0.9091,0.9103,0.8961,0.9739,0.9172,Control,Cheapest,Low-cost option to shift laundry away from peak hours.,high,Consider Laundry Smart Timer Plug from Big W for Washing Machine. Estimated saving: $45.00/month with about 1827.6 kWh/year reduction.,washing machine,1.958721081081081,1.22083,17.62810810810811,94.6,180.8,Needs attention,"above similar-house benchmark, peak-hour usage, frequent usage, higher monthly cost","Washing Machine is classified as Needs attention. It is 180.8% above the REFIT similar-appliance average, with 6914 detected events and 25.1% peak-hour activity.",0.5016,0.6913,0.3508,0.6734,"Matched because this appliance is needs attention, above similar-house benchmark, peak-hour usage, frequent usage, higher monthly cost, and the option balances price, energy reduction, savings and payback."
6,Washing Machine,Washing Machine,washing machine,Appliance2,5.50034,2007.62,49.5,602.29,JB Hi-Fi,Inverter Front Loader,LG,799.0,145.0,3.62,1862.62,45.88,550.54,17.42,0.9268,0.9278,0.2383,0.5795,0.7717,High,Best Value,Good value inverter option for repeated laundry use.,high,Consider Inverter Front Loader from JB Hi-Fi for Washing Machine. Estimated saving: $45.88/month with about 1862.6 kWh/year reduction.,washing machine,1.958721081081081,1.22083,17.62810810810811,94.6,180.8,Needs attention,"above similar-house benchmark, peak-hour usage, frequent usage, higher monthly cost","Washing Machine is classified as Needs attention. It is 180.8% above the REFIT similar-appliance average, with 6914 detected events and 25.1% peak-hour activity.",0.3125,0.2975,0.3135,0.3785,"Matched because this appliance is needs attention, above similar-house benchmark, peak-hour usage, frequent usage, higher monthly cost, and the option balances price, energy reduction, savings and payback."
6,Washing Machine,Washing Machine,washing machine,Appliance2,5.50034,2007.62,49.5,602.29,The Good Guys,Front Load Washing Machine,Bosch,849.0,135.0,3.38,1872.62,46.13,553.54,18.41,0.9318,0.9328,0.2275,0.566,0.7716,Premium,Energy Wise,Front loaders are suited to lower water and energy use.,high,Consider Front Load Washing Machine from The Good Guys for Washing Machine. Estimated saving: $46.13/month with about 1872.6 kWh/year reduction.,washing machine,1.958721081081081,1.22083,17.62810810810811,94.6,180.8,Needs attention,"above similar-house benchmark, peak-hour usage, frequent usage, higher monthly cost","Washing Machine is classified as Needs attention. It is 180.8% above the REFIT similar-appliance average, with 6914 detected events and 25.1% peak-hour activity.",0.3087,0.2895,0.3127,0.3704,"Matched because this appliance is needs attention, above similar-house benchmark, peak-hour usage, frequent usage, higher monthly cost, and the option balances price, energy reduction, savings and payback."
7,Dishwasher,Dishwasher,washing machine,Appliance6,0.23709,86.54,2.13,25.96,Big W,Laundry Smart Timer Plug,Generic,29.0,180.0,4.5,0.0,0.0,0.0,,0.0,0.0,0.8961,0.0,0.1344,Control,Cheapest,Low-cost option to shift laundry away from peak hours.,low,Consider Laundry Smart Timer Plug from Big W for Dishwasher. Estimated saving: $0.00/month with about 0.0 kWh/year reduction.,washing machine,1.958721081081081,1.22083,17.62810810810811,10.8,-87.9,Average,peak-hour usage,"Dishwasher is classified as Average. It is 87.9% below the REFIT similar-appliance average, with 216 detected events and 26.8% peak-hour activity.",0.2329,0.4747,0.0448,0.2773,"Matched because this appliance is average, peak-hour usage, and the option balances price, energy reduction, savings and payback."
7,Dishwasher,Dishwasher,washing machine,Appliance6,0.23709,86.54,2.13,25.96,JB Hi-Fi,Energy Monitoring Smart Plug,TP-Link Tapo,29.0,70.0,1.75,16.54,0.38,4.61,75.55,0.1799,0.1911,0.8961,0.2411,0.2999,Monitoring,Overall,Adds monitoring so recommendations can be updated later.,medium,Consider Energy Monitoring Smart Plug from JB Hi-Fi for Dishwasher. Estimated saving: $0.38/month with about 16.5 kWh/year reduction.,washing machine,1.958721081081081,1.22083,17.62810810810811,10.8,-87.9,Average,peak-hour usage,"Dishwasher is classified as Average. It is 87.9% below the REFIT similar-appliance average, with 216 detected events and 26.8% peak-hour activity.",0.2269,0.4639,0.0413,0.2554,"Matched because this appliance is average, peak-hour usage, and the option balances price, energy reduction, savings and payback."
7,Dishwasher,Dishwasher,washing machine,Appliance6,0.23709,86.54,2.13,25.96,Bunnings,Timer Plug / Standby Saver,Arlec,24.0,75.0,1.88,11.54,0.26,3.11,92.72,0.1213,0.1333,0.9124,0.2056,0.2562,Control,Best Value,Useful for appliance groups and plug loads.,low,Consider Timer Plug / Standby Saver from Bunnings for Dishwasher. Estimated saving: $0.26/month with about 11.5 kWh/year reduction.,washing machine,1.958721081081081,1.22083,17.62810810810811,10.8,-87.9,Average,peak-hour usage,"Dishwasher is classified as Average. It is 87.9% below the REFIT similar-appliance average, with 216 detected events and 26.8% peak-hour activity.",0.2246,0.4623,0.0374,0.24,"Matched because this appliance is average, peak-hour usage, and the option balances price, energy reduction, savings and payback."
7,Dishwasher,Dishwasher,washing machine,Appliance6,0.23709,86.54,2.13,25.96,Kmart,Smart Plug With Timer,Generic,19.0,80.0,2.0,6.54,0.13,1.61,141.96,0.0627,0.0756,0.9294,0.1446,0.2089,Control,Cheapest,Low-cost way to reduce standby and schedule usage.,low,Consider Smart Plug With Timer from Kmart for Dishwasher. Estimated saving: $0.13/month with about 6.5 kWh/year reduction.,washing machine,1.958721081081081,1.22083,17.62810810810811,10.8,-87.9,Average,peak-hour usage,"Dishwasher is classified as Average. It is 87.9% below the REFIT similar-appliance average, with 216 detected events and 26.8% peak-hour activity.",0.2186,0.4545,0.031,0.2119,"Matched because this appliance is average, peak-hour usage, and the option balances price, energy reduction, savings and payback."
7,Dishwasher,Dishwasher,washing machine,Appliance6,0.23709,86.54,2.13,25.96,JB Hi-Fi,Inverter Front Loader,LG,799.0,145.0,3.62,0.0,0.0,0.0,,0.0,0.0,0.2383,0.0,0.0357,High,Best Value,Good value inverter option for repeated laundry use.,low,Consider Inverter Front Loader from JB Hi-Fi for Dishwasher. Estimated saving: $0.00/month with about 0.0 kWh/year reduction.,washing machine,1.958721081081081,1.22083,17.62810810810811,10.8,-87.9,Average,peak-hour usage,"Dishwasher is classified as Average. It is 87.9% below the REFIT similar-appliance average, with 216 detected events and 26.8% peak-hour activity.",0.1013,0.1787,0.0448,0.1786,"Matched because this appliance is average, peak-hour usage, and the option balances price, energy reduction, savings and payback."
7,Dishwasher,Dishwasher,washing machine,Appliance6,0.23709,86.54,2.13,25.96,The Good Guys,Front Load Washing Machine,Bosch,849.0,135.0,3.38,0.0,0.0,0.0,,0.0,0.0,0.2275,0.0,0.0341,Premium,Energy Wise,Front loaders are suited to lower water and energy use.,low,Consider Front Load Washing Machine from The Good Guys for Dishwasher. Estimated saving: $0.00/month with about 0.0 kWh/year reduction.,washing machine,1.958721081081081,1.22083,17.62810810810811,10.8,-87.9,Average,peak-hour usage,"Dishwasher is classified as Average. It is 87.9% below the REFIT similar-appliance average, with 216 detected events and 26.8% peak-hour activity.",0.0992,0.1738,0.0448,0.177,"Matched because this appliance is average, peak-hour usage, and the option balances price, energy reduction, savings and payback."
7,Freezer,Freezer,freezer,Appliance3,0.24947,91.06,2.25,27.32,Kmart,Freezer Timer Reminder Plug,Generic,19.0,300.0,7.5,0.0,0.0,0.0,,0.0,0.0,0.9294,0.0,0.1394,Control,Cheapest,"Useful for monitoring, not replacing cold storage.",low,Consider Freezer Timer Reminder Plug from Kmart for Freezer. Estimated saving: $0.00/month with about 0.0 kWh/year reduction.,freezer,1.02615,0.92847,9.235384615384616,46.2,-75.7,Efficient,normal usage pattern,"Freezer is classified as Efficient. It is 75.7% below the REFIT similar-appliance average, with 544 detected events and 16.7% peak-hour activity.",0.2749,0.4896,0.0979,0.2823,"Matched because this appliance is efficient, normal usage pattern, and the option balances price, energy reduction, savings and payback."
7,Freezer,Freezer,freezer,Appliance3,0.24947,91.06,2.25,27.32,Bunnings,Timer Plug / Standby Saver,Arlec,24.0,75.0,1.88,16.06,0.37,4.44,64.83,0.1649,0.1763,0.9124,0.2702,0.2962,Control,Best Value,Useful for appliance groups and plug loads.,medium,Consider Timer Plug / Standby Saver from Bunnings for Freezer. Estimated saving: $0.37/month with about 16.1 kWh/year reduction.,freezer,1.02615,0.92847,9.235384615384616,46.2,-75.7,Efficient,normal usage pattern,"Freezer is classified as Efficient. It is 75.7% below the REFIT similar-appliance average, with 544 detected events and 16.7% peak-hour activity.",0.2699,0.4785,0.0973,0.2724,"Matched because this appliance is efficient, normal usage pattern, and the option balances price, energy reduction, savings and payback."
7,Freezer,Freezer,freezer,Appliance3,0.24947,91.06,2.25,27.32,JB Hi-Fi,Energy Monitoring Smart Plug,TP-Link Tapo,29.0,70.0,1.75,21.06,0.5,5.94,58.56,0.2206,0.2312,0.8961,0.2907,0.3356,Monitoring,Overall,Adds monitoring so recommendations can be updated later.,medium,Consider Energy Monitoring Smart Plug from JB Hi-Fi for Freezer. Estimated saving: $0.50/month with about 21.1 kWh/year reduction.,freezer,1.02615,0.92847,9.235384615384616,46.2,-75.7,Efficient,normal usage pattern,"Freezer is classified as Efficient. It is 75.7% below the REFIT similar-appliance average, with 544 detected events and 16.7% peak-hour activity.",0.2699,0.4764,0.0996,0.2803,"Matched because this appliance is efficient, normal usage pattern, and the option balances price, energy reduction, savings and payback."
7,Freezer,Freezer,freezer,Appliance3,0.24947,91.06,2.25,27.32,Kmart,Smart Plug With Timer,Generic,19.0,80.0,2.0,11.06,0.25,2.94,77.49,0.1092,0.1214,0.9294,0.2365,0.255,Control,Cheapest,Low-cost way to reduce standby and schedule usage.,low,Consider Smart Plug With Timer from Kmart for Freezer. Estimated saving: $0.25/month with about 11.1 kWh/year reduction.,freezer,1.02615,0.92847,9.235384615384616,46.2,-75.7,Efficient,normal usage pattern,"Freezer is classified as Efficient. It is 75.7% below the REFIT similar-appliance average, with 544 detected events and 16.7% peak-hour activity.",0.268,0.4776,0.0936,0.2579,"Matched because this appliance is efficient, normal usage pattern, and the option balances price, energy reduction, savings and payback."
7,Freezer,Freezer,freezer,Appliance3,0.24947,91.06,2.25,27.32,Harvey Norman,Low Energy Chest Freezer,Haier,499.0,210.0,5.25,0.0,0.0,0.0,,0.0,0.0,0.3338,0.0,0.0501,Premium,Energy Wise,Chest freezer style can reduce energy loss.,low,Consider Low Energy Chest Freezer from Harvey Norman for Freezer. Estimated saving: $0.00/month with about 0.0 kWh/year reduction.,freezer,1.02615,0.92847,9.235384615384616,46.2,-75.7,Efficient,normal usage pattern,"Freezer is classified as Efficient. It is 75.7% below the REFIT similar-appliance average, with 544 detected events and 16.7% peak-hour activity.",0.1558,0.2216,0.0979,0.1929,"Matched because this appliance is efficient, normal usage pattern, and the option balances price, energy reduction, savings and payback."
7,Freezer,Freezer,freezer,Appliance3,0.24947,91.06,2.25,27.32,The Good Guys,Efficient Upright Freezer,Westinghouse,849.0,250.0,6.25,0.0,0.0,0.0,,0.0,0.0,0.2275,0.0,0.0341,High,Best Value,Good for high continuous freezer loads.,low,Consider Efficient Upright Freezer from The Good Guys for Freezer. Estimated saving: $0.00/month with about 0.0 kWh/year reduction.,freezer,1.02615,0.92847,9.235384615384616,46.2,-75.7,Efficient,normal usage pattern,"Freezer is classified as Efficient. It is 75.7% below the REFIT similar-appliance average, with 544 detected events and 16.7% peak-hour activity.",0.1346,0.1738,0.0979,0.177,"Matched because this appliance is efficient, normal usage pattern, and the option balances price, energy reduction, savings and payback."
7,Freezer Garage,Freezer Garage,freezer,Appliance2,0.08909,32.52,0.8,9.76,Kmart,Freezer Timer Reminder Plug,Generic,19.0,300.0,7.5,0.0,0.0,0.0,,0.0,0.0,0.9294,0.0,0.1394,Control,Cheapest,"Useful for monitoring, not replacing cold storage.",low,Consider Freezer Timer Reminder Plug from Kmart for Freezer Garage. Estimated saving: $0.00/month with about 0.0 kWh/year reduction.,freezer,1.02615,0.92847,9.235384615384616,7.7,-91.3,Average,peak-hour usage,"Freezer Garage is classified as Average. It is 91.3% below the REFIT similar-appliance average, with 147 detected events and 25.1% peak-hour activity.",0.2364,0.4896,0.0401,0.2823,"Matched because this appliance is average, peak-hour usage, and the option balances price, energy reduction, savings and payback."
7,Freezer Garage,Freezer Garage,freezer,Appliance2,0.08909,32.52,0.8,9.76,Kmart,Smart Plug With Timer,Generic,19.0,80.0,2.0,0.0,0.0,0.0,,0.0,0.0,0.9294,0.0,0.1394,Control,Cheapest,Low-cost way to reduce standby and schedule usage.,low,Consider Smart Plug With Timer from Kmart for Freezer Garage. Estimated saving: $0.00/month with about 0.0 kWh/year reduction.,freezer,1.02615,0.92847,9.235384615384616,7.7,-91.3,Average,peak-hour usage,"Freezer Garage is classified as Average. It is 91.3% below the REFIT similar-appliance average, with 147 detected events and 25.1% peak-hour activity.",0.2364,0.4896,0.0401,0.2823,"Matched because this appliance is average, peak-hour usage, and the option balances price, energy reduction, savings and payback."
7,Freezer Garage,Freezer Garage,freezer,Appliance2,0.08909,32.52,0.8,9.76,Bunnings,Timer Plug / Standby Saver,Arlec,24.0,75.0,1.88,0.0,0.0,0.0,,0.0,0.0,0.9124,0.0,0.1369,Control,Best Value,Useful for appliance groups and plug loads.,low,Consider Timer Plug / Standby Saver from Bunnings for Freezer Garage. Estimated saving: $0.00/month with about 0.0 kWh/year reduction.,freezer,1.02615,0.92847,9.235384615384616,7.7,-91.3,Average,peak-hour usage,"Freezer Garage is classified as Average. It is 91.3% below the REFIT similar-appliance average, with 147 detected events and 25.1% peak-hour activity.",0.233,0.482,0.0401,0.2797,"Matched because this appliance is average, peak-hour usage, and the option balances price, energy reduction, savings and payback."
7,Freezer Garage,Freezer Garage,freezer,Appliance2,0.08909,32.52,0.8,9.76,JB Hi-Fi,Energy Monitoring Smart Plug,TP-Link Tapo,29.0,70.0,1.75,0.0,0.0,0.0,,0.0,0.0,0.8961,0.0,0.1344,Monitoring,Overall,Adds monitoring so recommendations can be updated later.,low,Consider Energy Monitoring Smart Plug from JB Hi-Fi for Freezer Garage. Estimated saving: $0.00/month with about 0.0 kWh/year reduction.,freezer,1.02615,0.92847,9.235384615384616,7.7,-91.3,Average,peak-hour usage,"Freezer Garage is classified as Average. It is 91.3% below the REFIT similar-appliance average, with 147 detected events and 25.1% peak-hour activity.",0.2298,0.4747,0.0401,0.2773,"Matched because this appliance is average, peak-hour usage, and the option balances price, energy reduction, savings and payback."
7,Freezer Garage,Freezer Garage,freezer,Appliance2,0.08909,32.52,0.8,9.76,Harvey Norman,Low Energy Chest Freezer,Haier,499.0,210.0,5.25,0.0,0.0,0.0,,0.0,0.0,0.3338,0.0,0.0501,Premium,Energy Wise,Chest freezer style can reduce energy loss.,low,Consider Low Energy Chest Freezer from Harvey Norman for Freezer Garage. Estimated saving: $0.00/month with about 0.0 kWh/year reduction.,freezer,1.02615,0.92847,9.235384615384616,7.7,-91.3,Average,peak-hour usage,"Freezer Garage is classified as Average. It is 91.3% below the REFIT similar-appliance average, with 147 detected events and 25.1% peak-hour activity.",0.1173,0.2216,0.0401,0.1929,"Matched because this appliance is average, peak-hour usage, and the option balances price, energy reduction, savings and payback."
7,Freezer Garage,Freezer Garage,freezer,Appliance2,0.08909,32.52,0.8,9.76,The Good Guys,Efficient Upright Freezer,Westinghouse,849.0,250.0,6.25,0.0,0.0,0.0,,0.0,0.0,0.2275,0.0,0.0341,High,Best Value,Good for high continuous freezer loads.,low,Consider Efficient Upright Freezer from The Good Guys for Freezer Garage. Estimated saving: $0.00/month with about 0.0 kWh/year reduction.,freezer,1.02615,0.92847,9.235384615384616,7.7,-91.3,Average,peak-hour usage,"Freezer Garage is classified as Average. It is 91.3% below the REFIT similar-appliance average, with 147 detected events and 25.1% peak-hour activity.",0.0961,0.1738,0.0401,0.177,"Matched because this appliance is average, peak-hour usage, and the option balances price, energy reduction, savings and payback."
7,Fridge,Fridge,fridge,Appliance1,0.12848,46.9,1.16,14.07,Kmart,Smart Plug With Timer,Generic,19.0,80.0,2.0,0.0,0.0,0.0,,0.0,0.0,0.9294,0.0,0.1394,Control,Cheapest,Low-cost way to reduce standby and schedule usage.,low,Consider Smart Plug With Timer from Kmart for Fridge. Estimated saving: $0.00/month with about 0.0 kWh/year reduction.,fridge,0.8247209090909091,0.62875,7.422727272727273,9.1,-84.4,Efficient,normal usage pattern,"Fridge is classified as Efficient. It is 84.4% below the REFIT similar-appliance average, with 114 detected events and 12.6% peak-hour activity.",0.2378,0.4896,0.0422,0.2823,"Matched because this appliance is efficient, normal usage pattern, and the option balances price, energy reduction, savings and payback."
7,Fridge,Fridge,fridge,Appliance1,0.12848,46.9,1.16,14.07,Bunnings,Timer Plug / Standby Saver,Arlec,24.0,75.0,1.88,0.0,0.0,0.0,,0.0,0.0,0.9124,0.0,0.1369,Control,Best Value,Useful for appliance groups and plug loads.,low,Consider Timer Plug / Standby Saver from Bunnings for Fridge. Estimated saving: $0.00/month with about 0.0 kWh/year reduction.,fridge,0.8247209090909091,0.62875,7.422727272727273,9.1,-84.4,Efficient,normal usage pattern,"Fridge is classified as Efficient. It is 84.4% below the REFIT similar-appliance average, with 114 detected events and 12.6% peak-hour activity.",0.2344,0.482,0.0422,0.2797,"Matched because this appliance is efficient, normal usage pattern, and the option balances price, energy reduction, savings and payback."
7,Fridge,Fridge,fridge,Appliance1,0.12848,46.9,1.16,14.07,JB Hi-Fi,Energy Monitoring Smart Plug,TP-Link Tapo,29.0,70.0,1.75,0.0,0.0,0.0,,0.0,0.0,0.8961,0.0,0.1344,Monitoring,Overall,Adds monitoring so recommendations can be updated later.,low,Consider Energy Monitoring Smart Plug from JB Hi-Fi for Fridge. Estimated saving: $0.00/month with about 0.0 kWh/year reduction.,fridge,0.8247209090909091,0.62875,7.422727272727273,9.1,-84.4,Efficient,normal usage pattern,"Fridge is classified as Efficient. It is 84.4% below the REFIT similar-appliance average, with 114 detected events and 12.6% peak-hour activity.",0.2312,0.4747,0.0422,0.2773,"Matched because this appliance is efficient, normal usage pattern, and the option balances price, energy reduction, savings and payback."
7,Fridge,Fridge,fridge,Appliance1,0.12848,46.9,1.16,14.07,JB Hi-Fi,Compact Efficient Fridge,CHiQ,449.0,285.0,7.12,0.0,0.0,0.0,,0.0,0.0,0.3577,0.0,0.0536,Standard,Cheapest,Lower upfront price for smaller households.,low,Consider Compact Efficient Fridge from JB Hi-Fi for Fridge. Estimated saving: $0.00/month with about 0.0 kWh/year reduction.,fridge,0.8247209090909091,0.62875,7.422727272727273,9.1,-84.4,Efficient,normal usage pattern,"Fridge is classified as Efficient. It is 84.4% below the REFIT similar-appliance average, with 114 detected events and 12.6% peak-hour activity.",0.1235,0.2324,0.0422,0.1965,"Matched because this appliance is efficient, normal usage pattern, and the option balances price, energy reduction, savings and payback."
7,Fridge,Fridge,fridge,Appliance1,0.12848,46.9,1.16,14.07,The Good Guys,Energy Efficient Fridge-Freezer,Hisense,699.0,260.0,6.5,0.0,0.0,0.0,,0.0,0.0,0.2634,0.0,0.0395,High,Best Value,Balanced replacement for continuous loads.,low,Consider Energy Efficient Fridge-Freezer from The Good Guys for Fridge. Estimated saving: $0.00/month with about 0.0 kWh/year reduction.,fridge,0.8247209090909091,0.62875,7.422727272727273,9.1,-84.4,Efficient,normal usage pattern,"Fridge is classified as Efficient. It is 84.4% below the REFIT similar-appliance average, with 114 detected events and 12.6% peak-hour activity.",0.1046,0.19,0.0422,0.1824,"Matched because this appliance is efficient, normal usage pattern, and the option balances price, energy reduction, savings and payback."
7,Fridge,Fridge,fridge,Appliance1,0.12848,46.9,1.16,14.07,Harvey Norman,Inverter Fridge-Freezer,Samsung,999.0,220.0,5.5,0.0,0.0,0.0,,0.0,0.0,0.2002,0.0,0.03,Premium,Energy Wise,Inverter compressor suited to always-on refrigeration.,low,Consider Inverter Fridge-Freezer from Harvey Norman for Fridge. Estimated saving: $0.00/month with about 0.0 kWh/year reduction.,fridge,0.8247209090909091,0.62875,7.422727272727273,9.1,-84.4,Efficient,normal usage pattern,"Fridge is classified as Efficient. It is 84.4% below the REFIT similar-appliance average, with 114 detected events and 12.6% peak-hour activity.",0.092,0.1615,0.0422,0.1729,"Matched because this appliance is efficient, normal usage pattern, and the option balances price, energy reduction, savings and payback."
7,Kettle,Kettle,kettle,Appliance9,2.37602,867.25,21.38,260.17,Kmart,Smart Plug With Timer,Generic,19.0,80.0,2.0,787.25,19.38,232.61,0.98,0.9065,0.9078,0.9294,0.9608,0.9184,Control,Cheapest,Low-cost way to reduce standby and schedule usage.,high,Consider Smart Plug With Timer from Kmart for Kettle. Estimated saving: $19.38/month with about 787.2 kWh/year reduction.,kettle,16.07417125,13.334344999999999,144.66750000000002,12.5,-85.2,Efficient,normal usage pattern,"Kettle is classified as Efficient. It is 85.2% below the REFIT similar-appliance average, with 121 detected events and 23.1% peak-hour activity.",0.3777,0.6776,0.1628,0.6422,"Matched because this appliance is efficient, normal usage pattern, and the option balances price, energy reduction, savings and payback."
7,Kettle,Kettle,kettle,Appliance9,2.37602,867.25,21.38,260.17,Kmart,1.7L Auto-Off Kettle,Anko,25.0,32.0,0.8,835.25,20.58,247.01,1.21,0.9626,0.9631,0.9091,0.9518,0.9531,Efficient,Cheapest,Low-cost replacement with auto shut-off.,high,Consider 1.7L Auto-Off Kettle from Kmart for Kettle. Estimated saving: $20.58/month with about 835.2 kWh/year reduction.,kettle,16.07417125,13.334344999999999,144.66750000000002,12.5,-85.2,Efficient,normal usage pattern,"Kettle is classified as Efficient. It is 85.2% below the REFIT similar-appliance average, with 121 detected events and 23.1% peak-hour activity.",0.3745,0.6675,0.1649,0.6361,"Matched because this appliance is efficient, normal usage pattern, and the option balances price, energy reduction, savings and payback."
7,Kettle,Kettle,kettle,Appliance9,2.37602,867.25,21.38,260.17,Bunnings,Timer Plug / Standby Saver,Arlec,24.0,75.0,1.88,792.25,19.51,234.11,1.23,0.9123,0.9135,0.9124,0.9512,0.9185,Control,Best Value,Useful for appliance groups and plug loads.,high,Consider Timer Plug / Standby Saver from Bunnings for Kettle. Estimated saving: $19.51/month with about 792.2 kWh/year reduction.,kettle,16.07417125,13.334344999999999,144.66750000000002,12.5,-85.2,Efficient,normal usage pattern,"Kettle is classified as Efficient. It is 85.2% below the REFIT similar-appliance average, with 121 detected events and 23.1% peak-hour activity.",0.3731,0.6677,0.1622,0.635,"Matched because this appliance is efficient, normal usage pattern, and the option balances price, energy reduction, savings and payback."
7,Kettle,Kettle,kettle,Appliance9,2.37602,867.25,21.38,260.17,JB Hi-Fi,Energy Monitoring Smart Plug,TP-Link Tapo,29.0,70.0,1.75,797.25,19.63,235.61,1.48,0.9182,0.9193,0.8961,0.942,0.9188,Monitoring,Overall,Adds monitoring so recommendations can be updated later.,high,Consider Energy Monitoring Smart Plug from JB Hi-Fi for Kettle. Estimated saving: $19.63/month with about 797.2 kWh/year reduction.,kettle,16.07417125,13.334344999999999,144.66750000000002,12.5,-85.2,Efficient,normal usage pattern,"Kettle is classified as Efficient. It is 85.2% below the REFIT similar-appliance average, with 121 detected events and 23.1% peak-hour activity.",0.3686,0.6581,0.1616,0.628,"Matched because this appliance is efficient, normal usage pattern, and the option balances price, energy reduction, savings and payback."
7,Kettle,Kettle,kettle,Appliance9,2.37602,867.25,21.38,260.17,Big W,Energy Efficient Kettle,Russell Hobbs,49.0,28.0,0.7,839.25,20.68,248.21,2.37,0.9673,0.9677,0.8361,0.9102,0.9392,High,Best Value,Balanced price and energy use.,high,Consider Energy Efficient Kettle from Big W for Kettle. Estimated saving: $20.68/month with about 839.2 kWh/year reduction.,kettle,16.07417125,13.334344999999999,144.66750000000002,12.5,-85.2,Efficient,normal usage pattern,"Kettle is classified as Efficient. It is 85.2% below the REFIT similar-appliance average, with 121 detected events and 23.1% peak-hour activity.",0.3538,0.6243,0.161,0.6044,"Matched because this appliance is efficient, normal usage pattern, and the option balances price, energy reduction, savings and payback."
7,Kettle,Kettle,kettle,Appliance9,2.37602,867.25,21.38,260.17,JB Hi-Fi,Smart Temperature Control Kettle,Breville,109.0,24.0,0.6,843.25,20.78,249.41,5.24,0.9719,0.9723,0.6964,0.8207,0.908,Premium,Energy Wise,Temperature control helps reduce repeated boiling.,high,Consider Smart Temperature Control Kettle from JB Hi-Fi for Kettle. Estimated saving: $20.78/month with about 843.2 kWh/year reduction.,kettle,16.07417125,13.334344999999999,144.66750000000002,12.5,-85.2,Efficient,normal usage pattern,"Kettle is classified as Efficient. It is 85.2% below the REFIT similar-appliance average, with 121 detected events and 23.1% peak-hour activity.",0.3126,0.5391,0.1523,0.5389,"Matched because this appliance is efficient, normal usage pattern, and the option balances price, energy reduction, savings and payback."
7,Television Site,Television Site,television,Appliance7,0.0524,19.13,0.47,5.74,Kmart,Standby Saver Powerboard,Generic,19.0,120.0,3.0,0.0,0.0,0.0,,0.0,0.0,0.9294,0.0,0.1394,Control,Cheapest,Useful where TV site has multiple standby devices.,low,Consider Standby Saver Powerboard from Kmart for Television Site. Estimated saving: $0.00/month with about 0.0 kWh/year reduction.,television,0.64669,0.36083,5.819047619047619,14.3,-91.9,Efficient,normal usage pattern,"Television Site is classified as Efficient. It is 91.9% below the REFIT similar-appliance average, with 3 detected events and 0.1% peak-hour activity.",0.243,0.4896,0.05,0.2823,"Matched because this appliance is efficient, normal usage pattern, and the option balances price, energy reduction, savings and payback."
7,Television Site,Television Site,television,Appliance7,0.0524,19.13,0.47,5.74,Kmart,Smart Plug With Timer,Generic,19.0,80.0,2.0,0.0,0.0,0.0,,0.0,0.0,0.9294,0.0,0.1394,Control,Cheapest,Low-cost way to reduce standby and schedule usage.,low,Consider Smart Plug With Timer from Kmart for Television Site. Estimated saving: $0.00/month with about 0.0 kWh/year reduction.,television,0.64669,0.36083,5.819047619047619,14.3,-91.9,Efficient,normal usage pattern,"Television Site is classified as Efficient. It is 91.9% below the REFIT similar-appliance average, with 3 detected events and 0.1% peak-hour activity.",0.243,0.4896,0.05,0.2823,"Matched because this appliance is efficient, normal usage pattern, and the option balances price, energy reduction, savings and payback."
7,Television Site,Television Site,television,Appliance7,0.0524,19.13,0.47,5.74,Bunnings,Timer Plug / Standby Saver,Arlec,24.0,75.0,1.88,0.0,0.0,0.0,,0.0,0.0,0.9124,0.0,0.1369,Control,Best Value,Useful for appliance groups and plug loads.,low,Consider Timer Plug / Standby Saver from Bunnings for Television Site. Estimated saving: $0.00/month with about 0.0 kWh/year reduction.,television,0.64669,0.36083,5.819047619047619,14.3,-91.9,Efficient,normal usage pattern,"Television Site is classified as Efficient. It is 91.9% below the REFIT similar-appliance average, with 3 detected events and 0.1% peak-hour activity.",0.2396,0.482,0.05,0.2797,"Matched because this appliance is efficient, normal usage pattern, and the option balances price, energy reduction, savings and payback."
7,Television Site,Television Site,television,Appliance7,0.0524,19.13,0.47,5.74,JB Hi-Fi,Energy Monitoring Smart Plug,TP-Link Tapo,29.0,70.0,1.75,0.0,0.0,0.0,,0.0,0.0,0.8961,0.0,0.1344,Monitoring,Overall,Adds monitoring so recommendations can be updated later.,low,Consider Energy Monitoring Smart Plug from JB Hi-Fi for Television Site. Estimated saving: $0.00/month with about 0.0 kWh/year reduction.,television,0.64669,0.36083,5.819047619047619,14.3,-91.9,Efficient,normal usage pattern,"Television Site is classified as Efficient. It is 91.9% below the REFIT similar-appliance average, with 3 detected events and 0.1% peak-hour activity.",0.2364,0.4747,0.05,0.2773,"Matched because this appliance is efficient, normal usage pattern, and the option balances price, energy reduction, savings and payback."
7,Television Site,Television Site,television,Appliance7,0.0524,19.13,0.47,5.74,JB Hi-Fi,Energy Efficient LED TV,TCL,599.0,95.0,2.38,0.0,0.0,0.0,,0.0,0.0,0.2945,0.0,0.0442,High,Best Value,LED replacement for high TV-site consumption.,low,Consider Energy Efficient LED TV from JB Hi-Fi for Television Site. Estimated saving: $0.00/month with about 0.0 kWh/year reduction.,television,0.64669,0.36083,5.819047619047619,14.3,-91.9,Efficient,normal usage pattern,"Television Site is classified as Efficient. It is 91.9% below the REFIT similar-appliance average, with 3 detected events and 0.1% peak-hour activity.",0.116,0.2039,0.05,0.187,"Matched because this appliance is efficient, normal usage pattern, and the option balances price, energy reduction, savings and payback."
7,Television Site,Television Site,television,Appliance7,0.0524,19.13,0.47,5.74,The Good Guys,Low Energy QLED TV,Samsung,899.0,80.0,2.0,0.0,0.0,0.0,,0.0,0.0,0.2176,0.0,0.0326,Premium,Energy Wise,Lower annual kWh for heavy TV use.,low,Consider Low Energy QLED TV from The Good Guys for Television Site. Estimated saving: $0.00/month with about 0.0 kWh/year reduction.,television,0.64669,0.36083,5.819047619047619,14.3,-91.9,Efficient,normal usage pattern,"Television Site is classified as Efficient. It is 91.9% below the REFIT similar-appliance average, with 3 detected events and 0.1% peak-hour activity.",0.1007,0.1693,0.05,0.1755,"Matched because this appliance is efficient, normal usage pattern, and the option balances price, energy reduction, savings and payback."
7,Toaster,Toaster,toaster,Appliance8,0.92796,338.7,8.35,101.61,Kmart,Smart Plug With Timer,Generic,19.0,80.0,2.0,258.7,6.35,76.22,2.99,0.7605,0.7638,0.9294,0.8892,0.8061,Control,Cheapest,Low-cost way to reduce standby and schedule usage.,high,Consider Smart Plug With Timer from Kmart for Toaster. Estimated saving: $6.35/month with about 258.7 kWh/year reduction.,toaster,6.3147199999999994,4.68782,56.83111111111111,22.2,-85.3,Average,peak-hour usage,"Toaster is classified as Average. It is 85.3% below the REFIT similar-appliance average, with 43 detected events and 25.2% peak-hour activity.",0.353,0.6468,0.138,0.5914,"Matched because this appliance is average, peak-hour usage, and the option balances price, energy reduction, savings and payback."
7,Toaster,Toaster,toaster,Appliance8,0.92796,338.7,8.35,101.61,Bunnings,Timer Plug / Standby Saver,Arlec,24.0,75.0,1.88,263.7,6.48,77.72,3.71,0.7755,0.7786,0.9124,0.8662,0.8106,Control,Best Value,Useful for appliance groups and plug loads.,high,Consider Timer Plug / Standby Saver from Bunnings for Toaster. Estimated saving: $6.48/month with about 263.7 kWh/year reduction.,toaster,6.3147199999999994,4.68782,56.83111111111111,22.2,-85.3,Average,peak-hour usage,"Toaster is classified as Average. It is 85.3% below the REFIT similar-appliance average, with 43 detected events and 25.2% peak-hour activity.",0.3464,0.6335,0.136,0.5774,"Matched because this appliance is average, peak-hour usage, and the option balances price, energy reduction, savings and payback."
7,Toaster,Toaster,toaster,Appliance8,0.92796,338.7,8.35,101.61,Kmart,Auto-Off 2 Slice Toaster,Anko,29.0,18.0,0.45,320.7,7.9,94.82,3.67,0.9461,0.9469,0.8961,0.8674,0.927,Efficient,Cheapest,Budget option for low-use cooking loads.,high,Consider Auto-Off 2 Slice Toaster from Kmart for Toaster. Estimated saving: $7.90/month with about 320.7 kWh/year reduction.,toaster,6.3147199999999994,4.68782,56.83111111111111,22.2,-85.3,Average,peak-hour usage,"Toaster is classified as Average. It is 85.3% below the REFIT similar-appliance average, with 43 detected events and 25.2% peak-hour activity.",0.3459,0.6279,0.1396,0.5772,"Matched because this appliance is average, peak-hour usage, and the option balances price, energy reduction, savings and payback."
7,Toaster,Toaster,toaster,Appliance8,0.92796,338.7,8.35,101.61,JB Hi-Fi,Energy Monitoring Smart Plug,TP-Link Tapo,29.0,70.0,1.75,268.7,6.6,79.22,4.39,0.7905,0.7933,0.8961,0.8453,0.8154,Monitoring,Overall,Adds monitoring so recommendations can be updated later.,high,Consider Energy Monitoring Smart Plug from JB Hi-Fi for Toaster. Estimated saving: $6.60/month with about 268.7 kWh/year reduction.,toaster,6.3147199999999994,4.68782,56.83111111111111,22.2,-85.3,Average,peak-hour usage,"Toaster is classified as Average. It is 85.3% below the REFIT similar-appliance average, with 43 detected events and 25.2% peak-hour activity.",0.3402,0.6211,0.1342,0.5647,"Matched because this appliance is average, peak-hour usage, and the option balances price, energy reduction, savings and payback."
7,Toaster,Toaster,toaster,Appliance8,0.92796,338.7,8.35,101.61,Big W,Variable Browning Toaster,Sunbeam,59.0,16.0,0.4,322.7,7.95,95.42,7.42,0.9521,0.9528,0.8091,0.7638,0.9026,High,Best Value,Better controls can reduce repeated use.,high,Consider Variable Browning Toaster from Big W for Toaster. Estimated saving: $7.95/month with about 322.7 kWh/year reduction.,toaster,6.3147199999999994,4.68782,56.83111111111111,22.2,-85.3,Average,peak-hour usage,"Toaster is classified as Average. It is 85.3% below the REFIT similar-appliance average, with 43 detected events and 25.2% peak-hour activity.",0.313,0.5629,0.1294,0.5125,"Matched because this appliance is average, peak-hour usage, and the option balances price, energy reduction, savings and payback."
7,Tumble Dryer,Tumble Dryer,generic,Appliance4,1.8415,672.15,16.57,201.64,Kmart,Smart Plug With Timer,Generic,19.0,80.0,2.0,592.15,14.57,174.88,1.3,0.8793,0.881,0.9294,0.9485,0.8977,Control,Cheapest,Low-cost way to reduce standby and schedule usage.,high,Consider Smart Plug With Timer from Kmart for Tumble Dryer. Estimated saving: $14.57/month with about 592.1 kWh/year reduction.,generic,3.5444526086956527,1.83936,31.899565217391302,56.5,-48.0,Average,normal usage pattern,"Tumble Dryer is classified as Average. It is 48.0% below the REFIT similar-appliance average, with 284 detected events and 22.4% peak-hour activity.",0.4111,0.6698,0.2157,0.6306,"Matched because this appliance is average, normal usage pattern, and the option balances price, energy reduction, savings and payback."
7,Tumble Dryer,Tumble Dryer,generic,Appliance4,1.8415,672.15,16.57,201.64,Bunnings,Timer Plug / Standby Saver,Arlec,24.0,75.0,1.88,597.15,14.7,176.38,1.63,0.8869,0.8884,0.9124,0.9363,0.8986,Control,Best Value,Useful for appliance groups and plug loads.,high,Consider Timer Plug / Standby Saver from Bunnings for Tumble Dryer. Estimated saving: $14.70/month with about 597.1 kWh/year reduction.,generic,3.5444526086956527,1.83936,31.899565217391302,56.5,-48.0,Average,normal usage pattern,"Tumble Dryer is classified as Average. It is 48.0% below the REFIT similar-appliance average, with 284 detected events and 22.4% peak-hour activity.",0.4061,0.6592,0.2148,0.622,"Matched because this appliance is average, normal usage pattern, and the option balances price, energy reduction, savings and payback."
7,Tumble Dryer,Tumble Dryer,generic,Appliance4,1.8415,672.15,16.57,201.64,JB Hi-Fi,Energy Monitoring Smart Plug,TP-Link Tapo,29.0,70.0,1.75,602.15,14.82,177.88,1.96,0.8944,0.8959,0.8961,0.9246,0.8996,Monitoring,Overall,Adds monitoring so recommendations can be updated later.,high,Consider Energy Monitoring Smart Plug from JB Hi-Fi for Tumble Dryer. Estimated saving: $14.82/month with about 602.1 kWh/year reduction.,generic,3.5444526086956527,1.83936,31.899565217391302,56.5,-48.0,Average,normal usage pattern,"Tumble Dryer is classified as Average. It is 48.0% below the REFIT similar-appliance average, with 284 detected events and 22.4% peak-hour activity.",0.4013,0.649,0.2139,0.6138,"Matched because this appliance is average, normal usage pattern, and the option balances price, energy reduction, savings and payback."
7,Washing Machine,Washing Machine,washing machine,Appliance5,0.25856,94.37,2.33,28.31,Kmart,Smart Plug With Timer,Generic,19.0,80.0,2.0,14.37,0.33,3.92,58.1,0.1405,0.1523,0.9294,0.2923,0.2852,Control,Cheapest,Low-cost way to reduce standby and schedule usage.,medium,Consider Smart Plug With Timer from Kmart for Washing Machine. Estimated saving: $0.33/month with about 14.4 kWh/year reduction.,washing machine,1.958721081081081,1.22083,17.62810810810811,13.5,-86.8,Average,peak-hour usage,"Washing Machine is classified as Average. It is 86.8% below the REFIT similar-appliance average, with 3413 detected events and 28.6% peak-hour activity.",0.2438,0.4916,0.0503,0.286,"Matched because this appliance is average, peak-hour usage, and the option balances price, energy reduction, savings and payback."
7,Washing Machine,Washing Machine,washing machine,Appliance5,0.25856,94.37,2.33,28.31,Bunnings,Timer Plug / Standby Saver,Arlec,24.0,75.0,1.88,19.37,0.45,5.42,53.09,0.1943,0.2053,0.9124,0.3113,0.3228,Control,Best Value,Useful for appliance groups and plug loads.,medium,Consider Timer Plug / Standby Saver from Bunnings for Washing Machine. Estimated saving: $0.45/month with about 19.4 kWh/year reduction.,washing machine,1.958721081081081,1.22083,17.62810810810811,13.5,-86.8,Average,peak-hour usage,"Washing Machine is classified as Average. It is 86.8% below the REFIT similar-appliance average, with 3413 detected events and 28.6% peak-hour activity.",0.2435,0.4889,0.0525,0.2931,"Matched because this appliance is average, peak-hour usage, and the option balances price, energy reduction, savings and payback."
7,Washing Machine,Washing Machine,washing machine,Appliance5,0.25856,94.37,2.33,28.31,JB Hi-Fi,Energy Monitoring Smart Plug,TP-Link Tapo,29.0,70.0,1.75,24.37,0.58,6.92,50.26,0.248,0.2583,0.8961,0.3232,0.3596,Monitoring,Overall,Adds monitoring so recommendations can be updated later.,medium,Consider Energy Monitoring Smart Plug from JB Hi-Fi for Washing Machine. Estimated saving: $0.58/month with about 24.4 kWh/year reduction.,washing machine,1.958721081081081,1.22083,17.62810810810811,13.5,-86.8,Average,peak-hour usage,"Washing Machine is classified as Average. It is 86.8% below the REFIT similar-appliance average, with 3413 detected events and 28.6% peak-hour activity.",0.2423,0.4846,0.054,0.2967,"Matched because this appliance is average, peak-hour usage, and the option balances price, energy reduction, savings and payback."
7,Washing Machine,Washing Machine,washing machine,Appliance5,0.25856,94.37,2.33,28.31,Big W,Laundry Smart Timer Plug,Generic,29.0,180.0,4.5,0.0,0.0,0.0,,0.0,0.0,0.8961,0.0,0.1344,Control,Cheapest,Low-cost option to shift laundry away from peak hours.,low,Consider Laundry Smart Timer Plug from Big W for Washing Machine. Estimated saving: $0.00/month with about 0.0 kWh/year reduction.,washing machine,1.958721081081081,1.22083,17.62810810810811,13.5,-86.8,Average,peak-hour usage,"Washing Machine is classified as Average. It is 86.8% below the REFIT similar-appliance average, with 3413 detected events and 28.6% peak-hour activity.",0.2356,0.4747,0.0488,0.2773,"Matched because this appliance is average, peak-hour usage, and the option balances price, energy reduction, savings and payback."
7,Washing Machine,Washing Machine,washing machine,Appliance5,0.25856,94.37,2.33,28.31,JB Hi-Fi,Inverter Front Loader,LG,799.0,145.0,3.62,0.0,0.0,0.0,,0.0,0.0,0.2383,0.0,0.0357,High,Best Value,Good value inverter option for repeated laundry use.,low,Consider Inverter Front Loader from JB Hi-Fi for Washing Machine. Estimated saving: $0.00/month with about 0.0 kWh/year reduction.,washing machine,1.958721081081081,1.22083,17.62810810810811,13.5,-86.8,Average,peak-hour usage,"Washing Machine is classified as Average. It is 86.8% below the REFIT similar-appliance average, with 3413 detected events and 28.6% peak-hour activity.",0.104,0.1787,0.0488,0.1786,"Matched because this appliance is average, peak-hour usage, and the option balances price, energy reduction, savings and payback."
7,Washing Machine,Washing Machine,washing machine,Appliance5,0.25856,94.37,2.33,28.31,The Good Guys,Front Load Washing Machine,Bosch,849.0,135.0,3.38,0.0,0.0,0.0,,0.0,0.0,0.2275,0.0,0.0341,Premium,Energy Wise,Front loaders are suited to lower water and energy use.,low,Consider Front Load Washing Machine from The Good Guys for Washing Machine. Estimated saving: $0.00/month with about 0.0 kWh/year reduction.,washing machine,1.958721081081081,1.22083,17.62810810810811,13.5,-86.8,Average,peak-hour usage,"Washing Machine is classified as Average. It is 86.8% below the REFIT similar-appliance average, with 3413 detected events and 28.6% peak-hour activity.",0.1019,0.1738,0.0488,0.177,"Matched because this appliance is average, peak-hour usage, and the option balances price, energy reduction, savings and payback."
8,Computer,Computer,computer,Appliance6,0.03466,12.65,0.31,3.8,Kmart,Smart Plug With Timer,Generic,19.0,80.0,2.0,0.0,0.0,0.0,,0.0,0.0,0.9294,0.0,0.1394,Control,Cheapest,Low-cost way to reduce standby and schedule usage.,low,Consider Smart Plug With Timer from Kmart for Computer. Estimated saving: $0.00/month with about 0.0 kWh/year reduction.,computer,0.41818333333333335,0.179285,3.763888888888889,11.1,-91.7,Efficient,frequent usage,"Computer is classified as Efficient. It is 91.7% below the REFIT similar-appliance average, with 15440 detected events and 22.4% peak-hour activity.",0.2398,0.4896,0.0452,0.2823,"Matched because this appliance is efficient, frequent usage, and the option balances price, energy reduction, savings and payback."
8,Computer,Computer,computer,Appliance6,0.03466,12.65,0.31,3.8,Bunnings,Timer Plug / Standby Saver,Arlec,24.0,75.0,1.88,0.0,0.0,0.0,,0.0,0.0,0.9124,0.0,0.1369,Control,Best Value,Useful for appliance groups and plug loads.,low,Consider Timer Plug / Standby Saver from Bunnings for Computer. Estimated saving: $0.00/month with about 0.0 kWh/year reduction.,computer,0.41818333333333335,0.179285,3.763888888888889,11.1,-91.7,Efficient,frequent usage,"Computer is classified as Efficient. It is 91.7% below the REFIT similar-appliance average, with 15440 detected events and 22.4% peak-hour activity.",0.2364,0.482,0.0452,0.2797,"Matched because this appliance is efficient, frequent usage, and the option balances price, energy reduction, savings and payback."
8,Computer,Computer,computer,Appliance6,0.03466,12.65,0.31,3.8,JB Hi-Fi,Energy Monitoring Smart Plug,TP-Link Tapo,29.0,70.0,1.75,0.0,0.0,0.0,,0.0,0.0,0.8961,0.0,0.1344,Monitoring,Overall,Adds monitoring so recommendations can be updated later.,low,Consider Energy Monitoring Smart Plug from JB Hi-Fi for Computer. Estimated saving: $0.00/month with about 0.0 kWh/year reduction.,computer,0.41818333333333335,0.179285,3.763888888888889,11.1,-91.7,Efficient,frequent usage,"Computer is classified as Efficient. It is 91.7% below the REFIT similar-appliance average, with 15440 detected events and 22.4% peak-hour activity.",0.2332,0.4747,0.0452,0.2773,"Matched because this appliance is efficient, frequent usage, and the option balances price, energy reduction, savings and payback."
8,Computer,Computer,computer,Appliance6,0.03466,12.65,0.31,3.8,Officeworks,Smart Standby Powerboard,Jackson,39.0,135.0,3.38,0.0,0.0,0.0,,0.0,0.0,0.8651,0.0,0.1298,Control,Best Value,"Reduces standby waste from monitors, printers and routers.",low,Consider Smart Standby Powerboard from Officeworks for Computer. Estimated saving: $0.00/month with about 0.0 kWh/year reduction.,computer,0.41818333333333335,0.179285,3.763888888888889,11.1,-91.7,Efficient,frequent usage,"Computer is classified as Efficient. It is 91.7% below the REFIT similar-appliance average, with 15440 detected events and 22.4% peak-hour activity.",0.227,0.4607,0.0452,0.2726,"Matched because this appliance is efficient, frequent usage, and the option balances price, energy reduction, savings and payback."
8,Computer,Computer,computer,Appliance6,0.03466,12.65,0.31,3.8,JB Hi-Fi,Energy Efficient Mini PC Setup,Generic,699.0,105.0,2.62,0.0,0.0,0.0,,0.0,0.0,0.2634,0.0,0.0395,High,Energy Wise,Lower-power option for desktop computer sites.,low,Consider Energy Efficient Mini PC Setup from JB Hi-Fi for Computer. Estimated saving: $0.00/month with about 0.0 kWh/year reduction.,computer,0.41818333333333335,0.179285,3.763888888888889,11.1,-91.7,Efficient,frequent usage,"Computer is classified as Efficient. It is 91.7% below the REFIT similar-appliance average, with 15440 detected events and 22.4% peak-hour activity.",0.1066,0.19,0.0452,0.1824,"Matched because this appliance is efficient, frequent usage, and the option balances price, energy reduction, savings and payback."
8,Dryer,Dryer,generic,Appliance3,0.08422,30.74,0.76,9.22,Kmart,Smart Plug With Timer,Generic,19.0,80.0,2.0,0.0,0.0,0.0,,0.0,0.0,0.9294,0.0,0.1394,Control,Cheapest,Low-cost way to reduce standby and schedule usage.,low,Consider Smart Plug With Timer from Kmart for Dryer. Estimated saving: $0.00/month with about 0.0 kWh/year reduction.,generic,3.5444526086956527,1.83936,31.899565217391302,17.4,-97.6,Average,peak-hour usage,"Dryer is classified as Average. It is 97.6% below the REFIT similar-appliance average, with 125 detected events and 25.1% peak-hour activity.",0.2461,0.4896,0.0547,0.2823,"Matched because this appliance is average, peak-hour usage, and the option balances price, energy reduction, savings and payback."
8,Dryer,Dryer,generic,Appliance3,0.08422,30.74,0.76,9.22,Bunnings,Timer Plug / Standby Saver,Arlec,24.0,75.0,1.88,0.0,0.0,0.0,,0.0,0.0,0.9124,0.0,0.1369,Control,Best Value,Useful for appliance groups and plug loads.,low,Consider Timer Plug / Standby Saver from Bunnings for Dryer. Estimated saving: $0.00/month with about 0.0 kWh/year reduction.,generic,3.5444526086956527,1.83936,31.899565217391302,17.4,-97.6,Average,peak-hour usage,"Dryer is classified as Average. It is 97.6% below the REFIT similar-appliance average, with 125 detected events and 25.1% peak-hour activity.",0.2427,0.482,0.0547,0.2797,"Matched because this appliance is average, peak-hour usage, and the option balances price, energy reduction, savings and payback."
8,Dryer,Dryer,generic,Appliance3,0.08422,30.74,0.76,9.22,JB Hi-Fi,Energy Monitoring Smart Plug,TP-Link Tapo,29.0,70.0,1.75,0.0,0.0,0.0,,0.0,0.0,0.8961,0.0,0.1344,Monitoring,Overall,Adds monitoring so recommendations can be updated later.,low,Consider Energy Monitoring Smart Plug from JB Hi-Fi for Dryer. Estimated saving: $0.00/month with about 0.0 kWh/year reduction.,generic,3.5444526086956527,1.83936,31.899565217391302,17.4,-97.6,Average,peak-hour usage,"Dryer is classified as Average. It is 97.6% below the REFIT similar-appliance average, with 125 detected events and 25.1% peak-hour activity.",0.2395,0.4747,0.0547,0.2773,"Matched because this appliance is average, peak-hour usage, and the option balances price, energy reduction, savings and payback."
8,Freezer,Freezer,freezer,Appliance2,0.1846,67.38,1.66,20.21,Kmart,Freezer Timer Reminder Plug,Generic,19.0,300.0,7.5,0.0,0.0,0.0,,0.0,0.0,0.9294,0.0,0.1394,Control,Cheapest,"Useful for monitoring, not replacing cold storage.",low,Consider Freezer Timer Reminder Plug from Kmart for Freezer. Estimated saving: $0.00/month with about 0.0 kWh/year reduction.,freezer,1.02615,0.92847,9.235384615384616,38.5,-82.0,Efficient,normal usage pattern,"Freezer is classified as Efficient. It is 82.0% below the REFIT similar-appliance average, with 186 detected events and 18.7% peak-hour activity.",0.2672,0.4896,0.0863,0.2823,"Matched because this appliance is efficient, normal usage pattern, and the option balances price, energy reduction, savings and payback."
8,Freezer,Freezer,freezer,Appliance2,0.1846,67.38,1.66,20.21,Kmart,Smart Plug With Timer,Generic,19.0,80.0,2.0,0.0,0.0,0.0,,0.0,0.0,0.9294,0.0,0.1394,Control,Cheapest,Low-cost way to reduce standby and schedule usage.,low,Consider Smart Plug With Timer from Kmart for Freezer. Estimated saving: $0.00/month with about 0.0 kWh/year reduction.,freezer,1.02615,0.92847,9.235384615384616,38.5,-82.0,Efficient,normal usage pattern,"Freezer is classified as Efficient. It is 82.0% below the REFIT similar-appliance average, with 186 detected events and 18.7% peak-hour activity.",0.2672,0.4896,0.0863,0.2823,"Matched because this appliance is efficient, normal usage pattern, and the option balances price, energy reduction, savings and payback."
8,Freezer,Freezer,freezer,Appliance2,0.1846,67.38,1.66,20.21,Bunnings,Timer Plug / Standby Saver,Arlec,24.0,75.0,1.88,0.0,0.0,0.0,,0.0,0.0,0.9124,0.0,0.1369,Control,Best Value,Useful for appliance groups and plug loads.,low,Consider Timer Plug / Standby Saver from Bunnings for Freezer. Estimated saving: $0.00/month with about 0.0 kWh/year reduction.,freezer,1.02615,0.92847,9.235384615384616,38.5,-82.0,Efficient,normal usage pattern,"Freezer is classified as Efficient. It is 82.0% below the REFIT similar-appliance average, with 186 detected events and 18.7% peak-hour activity.",0.2638,0.482,0.0863,0.2797,"Matched because this appliance is efficient, normal usage pattern, and the option balances price, energy reduction, savings and payback."
8,Freezer,Freezer,freezer,Appliance2,0.1846,67.38,1.66,20.21,JB Hi-Fi,Energy Monitoring Smart Plug,TP-Link Tapo,29.0,70.0,1.75,0.0,0.0,0.0,,0.0,0.0,0.8961,0.0,0.1344,Monitoring,Overall,Adds monitoring so recommendations can be updated later.,low,Consider Energy Monitoring Smart Plug from JB Hi-Fi for Freezer. Estimated saving: $0.00/month with about 0.0 kWh/year reduction.,freezer,1.02615,0.92847,9.235384615384616,38.5,-82.0,Efficient,normal usage pattern,"Freezer is classified as Efficient. It is 82.0% below the REFIT similar-appliance average, with 186 detected events and 18.7% peak-hour activity.",0.2606,0.4747,0.0863,0.2773,"Matched because this appliance is efficient, normal usage pattern, and the option balances price, energy reduction, savings and payback."
8,Freezer,Freezer,freezer,Appliance2,0.1846,67.38,1.66,20.21,Harvey Norman,Low Energy Chest Freezer,Haier,499.0,210.0,5.25,0.0,0.0,0.0,,0.0,0.0,0.3338,0.0,0.0501,Premium,Energy Wise,Chest freezer style can reduce energy loss.,low,Consider Low Energy Chest Freezer from Harvey Norman for Freezer. Estimated saving: $0.00/month with about 0.0 kWh/year reduction.,freezer,1.02615,0.92847,9.235384615384616,38.5,-82.0,Efficient,normal usage pattern,"Freezer is classified as Efficient. It is 82.0% below the REFIT similar-appliance average, with 186 detected events and 18.7% peak-hour activity.",0.1481,0.2216,0.0863,0.1929,"Matched because this appliance is efficient, normal usage pattern, and the option balances price, energy reduction, savings and payback."
8,Freezer,Freezer,freezer,Appliance2,0.1846,67.38,1.66,20.21,The Good Guys,Efficient Upright Freezer,Westinghouse,849.0,250.0,6.25,0.0,0.0,0.0,,0.0,0.0,0.2275,0.0,0.0341,High,Best Value,Good for high continuous freezer loads.,low,Consider Efficient Upright Freezer from The Good Guys for Freezer. Estimated saving: $0.00/month with about 0.0 kWh/year reduction.,freezer,1.02615,0.92847,9.235384615384616,38.5,-82.0,Efficient,normal usage pattern,"Freezer is classified as Efficient. It is 82.0% below the REFIT similar-appliance average, with 186 detected events and 18.7% peak-hour activity.",0.1269,0.1738,0.0863,0.177,"Matched because this appliance is efficient, normal usage pattern, and the option balances price, energy reduction, savings and payback."
8,Fridge,Fridge,fridge,Appliance1,0.15096,55.1,1.36,16.53,Kmart,Smart Plug With Timer,Generic,19.0,80.0,2.0,0.0,0.0,0.0,,0.0,0.0,0.9294,0.0,0.1394,Control,Cheapest,Low-cost way to reduce standby and schedule usage.,low,Consider Smart Plug With Timer from Kmart for Fridge. Estimated saving: $0.00/month with about 0.0 kWh/year reduction.,fridge,0.8247209090909091,0.62875,7.422727272727273,22.7,-81.7,Average,peak-hour usage,"Fridge is classified as Average. It is 81.7% below the REFIT similar-appliance average, with 187 detected events and 25.4% peak-hour activity.",0.2514,0.4896,0.0626,0.2823,"Matched because this appliance is average, peak-hour usage, and the option balances price, energy reduction, savings and payback."
8,Fridge,Fridge,fridge,Appliance1,0.15096,55.1,1.36,16.53,Bunnings,Timer Plug / Standby Saver,Arlec,24.0,75.0,1.88,0.0,0.0,0.0,,0.0,0.0,0.9124,0.0,0.1369,Control,Best Value,Useful for appliance groups and plug loads.,low,Consider Timer Plug / Standby Saver from Bunnings for Fridge. Estimated saving: $0.00/month with about 0.0 kWh/year reduction.,fridge,0.8247209090909091,0.62875,7.422727272727273,22.7,-81.7,Average,peak-hour usage,"Fridge is classified as Average. It is 81.7% below the REFIT similar-appliance average, with 187 detected events and 25.4% peak-hour activity.",0.248,0.482,0.0626,0.2797,"Matched because this appliance is average, peak-hour usage, and the option balances price, energy reduction, savings and payback."
8,Fridge,Fridge,fridge,Appliance1,0.15096,55.1,1.36,16.53,JB Hi-Fi,Energy Monitoring Smart Plug,TP-Link Tapo,29.0,70.0,1.75,0.0,0.0,0.0,,0.0,0.0,0.8961,0.0,0.1344,Monitoring,Overall,Adds monitoring so recommendations can be updated later.,low,Consider Energy Monitoring Smart Plug from JB Hi-Fi for Fridge. Estimated saving: $0.00/month with about 0.0 kWh/year reduction.,fridge,0.8247209090909091,0.62875,7.422727272727273,22.7,-81.7,Average,peak-hour usage,"Fridge is classified as Average. It is 81.7% below the REFIT similar-appliance average, with 187 detected events and 25.4% peak-hour activity.",0.2448,0.4747,0.0626,0.2773,"Matched because this appliance is average, peak-hour usage, and the option balances price, energy reduction, savings and payback."
8,Fridge,Fridge,fridge,Appliance1,0.15096,55.1,1.36,16.53,JB Hi-Fi,Compact Efficient Fridge,CHiQ,449.0,285.0,7.12,0.0,0.0,0.0,,0.0,0.0,0.3577,0.0,0.0536,Standard,Cheapest,Lower upfront price for smaller households.,low,Consider Compact Efficient Fridge from JB Hi-Fi for Fridge. Estimated saving: $0.00/month with about 0.0 kWh/year reduction.,fridge,0.8247209090909091,0.62875,7.422727272727273,22.7,-81.7,Average,peak-hour usage,"Fridge is classified as Average. It is 81.7% below the REFIT similar-appliance average, with 187 detected events and 25.4% peak-hour activity.",0.1371,0.2324,0.0626,0.1965,"Matched because this appliance is average, peak-hour usage, and the option balances price, energy reduction, savings and payback."
8,Fridge,Fridge,fridge,Appliance1,0.15096,55.1,1.36,16.53,The Good Guys,Energy Efficient Fridge-Freezer,Hisense,699.0,260.0,6.5,0.0,0.0,0.0,,0.0,0.0,0.2634,0.0,0.0395,High,Best Value,Balanced replacement for continuous loads.,low,Consider Energy Efficient Fridge-Freezer from The Good Guys for Fridge. Estimated saving: $0.00/month with about 0.0 kWh/year reduction.,fridge,0.8247209090909091,0.62875,7.422727272727273,22.7,-81.7,Average,peak-hour usage,"Fridge is classified as Average. It is 81.7% below the REFIT similar-appliance average, with 187 detected events and 25.4% peak-hour activity.",0.1182,0.19,0.0626,0.1824,"Matched because this appliance is average, peak-hour usage, and the option balances price, energy reduction, savings and payback."
8,Fridge,Fridge,fridge,Appliance1,0.15096,55.1,1.36,16.53,Harvey Norman,Inverter Fridge-Freezer,Samsung,999.0,220.0,5.5,0.0,0.0,0.0,,0.0,0.0,0.2002,0.0,0.03,Premium,Energy Wise,Inverter compressor suited to always-on refrigeration.,low,Consider Inverter Fridge-Freezer from Harvey Norman for Fridge. Estimated saving: $0.00/month with about 0.0 kWh/year reduction.,fridge,0.8247209090909091,0.62875,7.422727272727273,22.7,-81.7,Average,peak-hour usage,"Fridge is classified as Average. It is 81.7% below the REFIT similar-appliance average, with 187 detected events and 25.4% peak-hour activity.",0.1056,0.1615,0.0626,0.1729,"Matched because this appliance is average, peak-hour usage, and the option balances price, energy reduction, savings and payback."
8,Kettle,Kettle,kettle,Appliance9,2.50002,912.51,22.5,273.75,Kmart,Smart Plug With Timer,Generic,19.0,80.0,2.0,832.51,20.5,246.0,0.93,0.9111,0.9123,0.9294,0.9628,0.922,Control,Cheapest,Low-cost way to reduce standby and schedule usage.,high,Consider Smart Plug With Timer from Kmart for Kettle. Estimated saving: $20.50/month with about 832.5 kWh/year reduction.,kettle,16.07417125,13.334344999999999,144.66750000000002,18.8,-84.4,Efficient,normal usage pattern,"Kettle is classified as Efficient. It is 84.4% below the REFIT similar-appliance average, with 211 detected events and 23.2% peak-hour activity.",0.3863,0.6792,0.1752,0.6444,"Matched because this appliance is efficient, normal usage pattern, and the option balances price, energy reduction, savings and payback."
8,Kettle,Kettle,kettle,Appliance9,2.50002,912.51,22.5,273.75,Kmart,1.7L Auto-Off Kettle,Anko,25.0,32.0,0.8,880.51,21.7,260.4,1.15,0.9644,0.9649,0.9091,0.9542,0.9548,Efficient,Cheapest,Low-cost replacement with auto shut-off.,high,Consider 1.7L Auto-Off Kettle from Kmart for Kettle. Estimated saving: $21.70/month with about 880.5 kWh/year reduction.,kettle,16.07417125,13.334344999999999,144.66750000000002,18.8,-84.4,Efficient,normal usage pattern,"Kettle is classified as Efficient. It is 84.4% below the REFIT similar-appliance average, with 211 detected events and 23.2% peak-hour activity.",0.3831,0.6691,0.1773,0.6386,"Matched because this appliance is efficient, normal usage pattern, and the option balances price, energy reduction, savings and payback."
8,Kettle,Kettle,kettle,Appliance9,2.50002,912.51,22.5,273.75,Bunnings,Timer Plug / Standby Saver,Arlec,24.0,75.0,1.88,837.51,20.63,247.5,1.16,0.9167,0.9178,0.9124,0.9538,0.9219,Control,Best Value,Useful for appliance groups and plug loads.,high,Consider Timer Plug / Standby Saver from Bunnings for Kettle. Estimated saving: $20.63/month with about 837.5 kWh/year reduction.,kettle,16.07417125,13.334344999999999,144.66750000000002,18.8,-84.4,Efficient,normal usage pattern,"Kettle is classified as Efficient. It is 84.4% below the REFIT similar-appliance average, with 211 detected events and 23.2% peak-hour activity.",0.3818,0.6695,0.1747,0.6376,"Matched because this appliance is efficient, normal usage pattern, and the option balances price, energy reduction, savings and payback."
8,Kettle,Kettle,kettle,Appliance9,2.50002,912.51,22.5,273.75,JB Hi-Fi,Energy Monitoring Smart Plug,TP-Link Tapo,29.0,70.0,1.75,842.51,20.75,249.0,1.4,0.9222,0.9233,0.8961,0.945,0.922,Monitoring,Overall,Adds monitoring so recommendations can be updated later.,high,Consider Energy Monitoring Smart Plug from JB Hi-Fi for Kettle. Estimated saving: $20.75/month with about 842.5 kWh/year reduction.,kettle,16.07417125,13.334344999999999,144.66750000000002,18.8,-84.4,Efficient,normal usage pattern,"Kettle is classified as Efficient. It is 84.4% below the REFIT similar-appliance average, with 211 detected events and 23.2% peak-hour activity.",0.3774,0.66,0.1741,0.6308,"Matched because this appliance is efficient, normal usage pattern, and the option balances price, energy reduction, savings and payback."
8,Kettle,Kettle,kettle,Appliance9,2.50002,912.51,22.5,273.75,Big W,Energy Efficient Kettle,Russell Hobbs,49.0,28.0,0.7,884.51,21.8,261.6,2.25,0.9689,0.9693,0.8361,0.9144,0.9409,High,Best Value,Balanced price and energy use.,high,Consider Energy Efficient Kettle from Big W for Kettle. Estimated saving: $21.80/month with about 884.5 kWh/year reduction.,kettle,16.07417125,13.334344999999999,144.66750000000002,18.8,-84.4,Efficient,normal usage pattern,"Kettle is classified as Efficient. It is 84.4% below the REFIT similar-appliance average, with 211 detected events and 23.2% peak-hour activity.",0.3627,0.6264,0.1736,0.6077,"Matched because this appliance is efficient, normal usage pattern, and the option balances price, energy reduction, savings and payback."
8,Kettle,Kettle,kettle,Appliance9,2.50002,912.51,22.5,273.75,JB Hi-Fi,Smart Temperature Control Kettle,Breville,109.0,24.0,0.6,888.51,21.9,262.8,4.98,0.9733,0.9737,0.6964,0.8282,0.9101,Premium,Energy Wise,Temperature control helps reduce repeated boiling.,high,Consider Smart Temperature Control Kettle from JB Hi-Fi for Kettle. Estimated saving: $21.90/month with about 888.5 kWh/year reduction.,kettle,16.07417125,13.334344999999999,144.66750000000002,18.8,-84.4,Efficient,normal usage pattern,"Kettle is classified as Efficient. It is 84.4% below the REFIT similar-appliance average, with 211 detected events and 23.2% peak-hour activity.",0.3221,0.5421,0.1652,0.5438,"Matched because this appliance is efficient, normal usage pattern, and the option balances price, energy reduction, savings and payback."
8,Microwave,Microwave,microwave,Appliance8,0.01845,6.73,0.17,2.02,Kmart,Smart Plug With Timer,Generic,19.0,80.0,2.0,0.0,0.0,0.0,,0.0,0.0,0.9294,0.0,0.1394,Control,Cheapest,Low-cost way to reduce standby and schedule usage.,low,Consider Smart Plug With Timer from Kmart for Microwave. Estimated saving: $0.00/month with about 0.0 kWh/year reduction.,microwave,1.693406875,0.12358,15.23875,12.5,-98.9,Average,peak-hour usage,"Microwave is classified as Average. It is 98.9% below the REFIT similar-appliance average, with 184 detected events and 33.4% peak-hour activity.",0.2412,0.4896,0.0473,0.2823,"Matched because this appliance is average, peak-hour usage, and the option balances price, energy reduction, savings and payback."
8,Microwave,Microwave,microwave,Appliance8,0.01845,6.73,0.17,2.02,Bunnings,Timer Plug / Standby Saver,Arlec,24.0,75.0,1.88,0.0,0.0,0.0,,0.0,0.0,0.9124,0.0,0.1369,Control,Best Value,Useful for appliance groups and plug loads.,low,Consider Timer Plug / Standby Saver from Bunnings for Microwave. Estimated saving: $0.00/month with about 0.0 kWh/year reduction.,microwave,1.693406875,0.12358,15.23875,12.5,-98.9,Average,peak-hour usage,"Microwave is classified as Average. It is 98.9% below the REFIT similar-appliance average, with 184 detected events and 33.4% peak-hour activity.",0.2378,0.482,0.0473,0.2797,"Matched because this appliance is average, peak-hour usage, and the option balances price, energy reduction, savings and payback."
8,Microwave,Microwave,microwave,Appliance8,0.01845,6.73,0.17,2.02,JB Hi-Fi,Energy Monitoring Smart Plug,TP-Link Tapo,29.0,70.0,1.75,0.0,0.0,0.0,,0.0,0.0,0.8961,0.0,0.1344,Monitoring,Overall,Adds monitoring so recommendations can be updated later.,low,Consider Energy Monitoring Smart Plug from JB Hi-Fi for Microwave. Estimated saving: $0.00/month with about 0.0 kWh/year reduction.,microwave,1.693406875,0.12358,15.23875,12.5,-98.9,Average,peak-hour usage,"Microwave is classified as Average. It is 98.9% below the REFIT similar-appliance average, with 184 detected events and 33.4% peak-hour activity.",0.2346,0.4747,0.0473,0.2773,"Matched because this appliance is average, peak-hour usage, and the option balances price, energy reduction, savings and payback."
8,Microwave,Microwave,microwave,Appliance8,0.01845,6.73,0.17,2.02,Kmart,Compact Microwave,Anko,99.0,96.0,2.4,0.0,0.0,0.0,,0.0,0.0,0.7163,0.0,0.1074,Standard,Cheapest,Lowest upfront price.,low,Consider Compact Microwave from Kmart for Microwave. Estimated saving: $0.00/month with about 0.0 kWh/year reduction.,microwave,1.693406875,0.12358,15.23875,12.5,-98.9,Average,peak-hour usage,"Microwave is classified as Average. It is 98.9% below the REFIT similar-appliance average, with 184 detected events and 33.4% peak-hour activity.",0.1986,0.3938,0.0473,0.2503,"Matched because this appliance is average, peak-hour usage, and the option balances price, energy reduction, savings and payback."
8,Microwave,Microwave,microwave,Appliance8,0.01845,6.73,0.17,2.02,The Good Guys,900W Efficient Microwave,LG,179.0,82.0,2.05,0.0,0.0,0.0,,0.0,0.0,0.5828,0.0,0.0874,High,Best Value,Good balance of price and energy use.,low,Consider 900W Efficient Microwave from The Good Guys for Microwave. Estimated saving: $0.00/month with about 0.0 kWh/year reduction.,microwave,1.693406875,0.12358,15.23875,12.5,-98.9,Average,peak-hour usage,"Microwave is classified as Average. It is 98.9% below the REFIT similar-appliance average, with 184 detected events and 33.4% peak-hour activity.",0.1719,0.3337,0.0473,0.2303,"Matched because this appliance is average, peak-hour usage, and the option balances price, energy reduction, savings and payback."
8,Microwave,Microwave,microwave,Appliance8,0.01845,6.73,0.17,2.02,JB Hi-Fi,Compact Inverter Microwave,Panasonic,219.0,76.0,1.9,0.0,0.0,0.0,,0.0,0.0,0.533,0.0,0.08,Premium,Energy Wise,Inverter control is suitable for repeated cooking events.,low,Consider Compact Inverter Microwave from JB Hi-Fi for Microwave. Estimated saving: $0.00/month with about 0.0 kWh/year reduction.,microwave,1.693406875,0.12358,15.23875,12.5,-98.9,Average,peak-hour usage,"Microwave is classified as Average. It is 98.9% below the REFIT similar-appliance average, with 184 detected events and 33.4% peak-hour activity.",0.162,0.3113,0.0473,0.2228,"Matched because this appliance is average, peak-hour usage, and the option balances price, energy reduction, savings and payback."
8,Television Site,Television Site,television,Appliance7,0.04494,16.4,0.4,4.92,Kmart,Standby Saver Powerboard,Generic,19.0,120.0,3.0,0.0,0.0,0.0,,0.0,0.0,0.9294,0.0,0.1394,Control,Cheapest,Useful where TV site has multiple standby devices.,low,Consider Standby Saver Powerboard from Kmart for Television Site. Estimated saving: $0.00/month with about 0.0 kWh/year reduction.,television,0.64669,0.36083,5.819047619047619,9.5,-93.1,Needs attention,peak-hour usage,"Television Site is classified as Needs attention. It is 93.1% below the REFIT similar-appliance average, with 122 detected events and 61.6% peak-hour activity.",0.2382,0.4896,0.0428,0.2823,"Matched because this appliance is needs attention, peak-hour usage, and the option balances price, energy reduction, savings and payback."
8,Television Site,Television Site,television,Appliance7,0.04494,16.4,0.4,4.92,Kmart,Smart Plug With Timer,Generic,19.0,80.0,2.0,0.0,0.0,0.0,,0.0,0.0,0.9294,0.0,0.1394,Control,Cheapest,Low-cost way to reduce standby and schedule usage.,low,Consider Smart Plug With Timer from Kmart for Television Site. Estimated saving: $0.00/month with about 0.0 kWh/year reduction.,television,0.64669,0.36083,5.819047619047619,9.5,-93.1,Needs attention,peak-hour usage,"Television Site is classified as Needs attention. It is 93.1% below the REFIT similar-appliance average, with 122 detected events and 61.6% peak-hour activity.",0.2382,0.4896,0.0428,0.2823,"Matched because this appliance is needs attention, peak-hour usage, and the option balances price, energy reduction, savings and payback."
8,Television Site,Television Site,television,Appliance7,0.04494,16.4,0.4,4.92,Bunnings,Timer Plug / Standby Saver,Arlec,24.0,75.0,1.88,0.0,0.0,0.0,,0.0,0.0,0.9124,0.0,0.1369,Control,Best Value,Useful for appliance groups and plug loads.,low,Consider Timer Plug / Standby Saver from Bunnings for Television Site. Estimated saving: $0.00/month with about 0.0 kWh/year reduction.,television,0.64669,0.36083,5.819047619047619,9.5,-93.1,Needs attention,peak-hour usage,"Television Site is classified as Needs attention. It is 93.1% below the REFIT similar-appliance average, with 122 detected events and 61.6% peak-hour activity.",0.2348,0.482,0.0428,0.2797,"Matched because this appliance is needs attention, peak-hour usage, and the option balances price, energy reduction, savings and payback."
8,Television Site,Television Site,television,Appliance7,0.04494,16.4,0.4,4.92,JB Hi-Fi,Energy Monitoring Smart Plug,TP-Link Tapo,29.0,70.0,1.75,0.0,0.0,0.0,,0.0,0.0,0.8961,0.0,0.1344,Monitoring,Overall,Adds monitoring so recommendations can be updated later.,low,Consider Energy Monitoring Smart Plug from JB Hi-Fi for Television Site. Estimated saving: $0.00/month with about 0.0 kWh/year reduction.,television,0.64669,0.36083,5.819047619047619,9.5,-93.1,Needs attention,peak-hour usage,"Television Site is classified as Needs attention. It is 93.1% below the REFIT similar-appliance average, with 122 detected events and 61.6% peak-hour activity.",0.2316,0.4747,0.0428,0.2773,"Matched because this appliance is needs attention, peak-hour usage, and the option balances price, energy reduction, savings and payback."
8,Television Site,Television Site,television,Appliance7,0.04494,16.4,0.4,4.92,JB Hi-Fi,Energy Efficient LED TV,TCL,599.0,95.0,2.38,0.0,0.0,0.0,,0.0,0.0,0.2945,0.0,0.0442,High,Best Value,LED replacement for high TV-site consumption.,low,Consider Energy Efficient LED TV from JB Hi-Fi for Television Site. Estimated saving: $0.00/month with about 0.0 kWh/year reduction.,television,0.64669,0.36083,5.819047619047619,9.5,-93.1,Needs attention,peak-hour usage,"Television Site is classified as Needs attention. It is 93.1% below the REFIT similar-appliance average, with 122 detected events and 61.6% peak-hour activity.",0.1112,0.2039,0.0428,0.187,"Matched because this appliance is needs attention, peak-hour usage, and the option balances price, energy reduction, savings and payback."
8,Television Site,Television Site,television,Appliance7,0.04494,16.4,0.4,4.92,The Good Guys,Low Energy QLED TV,Samsung,899.0,80.0,2.0,0.0,0.0,0.0,,0.0,0.0,0.2176,0.0,0.0326,Premium,Energy Wise,Lower annual kWh for heavy TV use.,low,Consider Low Energy QLED TV from The Good Guys for Television Site. Estimated saving: $0.00/month with about 0.0 kWh/year reduction.,television,0.64669,0.36083,5.819047619047619,9.5,-93.1,Needs attention,peak-hour usage,"Television Site is classified as Needs attention. It is 93.1% below the REFIT similar-appliance average, with 122 detected events and 61.6% peak-hour activity.",0.0959,0.1693,0.0428,0.1755,"Matched because this appliance is needs attention, peak-hour usage, and the option balances price, energy reduction, savings and payback."
8,Toaster,Toaster,toaster,Appliance5,0.66816,243.88,6.01,73.16,Kmart,Smart Plug With Timer,Generic,19.0,80.0,2.0,163.88,4.01,48.16,4.73,0.6674,0.672,0.9294,0.8352,0.7332,Control,Cheapest,Low-cost way to reduce standby and schedule usage.,high,Consider Smart Plug With Timer from Kmart for Toaster. Estimated saving: $4.01/month with about 163.9 kWh/year reduction.,toaster,6.3147199999999994,4.68782,56.83111111111111,11.1,-89.4,Average,peak-hour usage,"Toaster is classified as Average. It is 89.4% below the REFIT similar-appliance average, with 49 detected events and 25.7% peak-hour activity.",0.3296,0.631,0.1102,0.5617,"Matched because this appliance is average, peak-hour usage, and the option balances price, energy reduction, savings and payback."
8,Toaster,Toaster,toaster,Appliance5,0.66816,243.88,6.01,73.16,Kmart,Auto-Off 2 Slice Toaster,Anko,29.0,18.0,0.45,225.88,5.56,66.76,5.21,0.9252,0.9262,0.8961,0.8216,0.9056,Efficient,Cheapest,Budget option for low-use cooking loads.,high,Consider Auto-Off 2 Slice Toaster from Kmart for Toaster. Estimated saving: $5.56/month with about 225.9 kWh/year reduction.,toaster,6.3147199999999994,4.68782,56.83111111111111,11.1,-89.4,Average,peak-hour usage,"Toaster is classified as Average. It is 89.4% below the REFIT similar-appliance average, with 49 detected events and 25.7% peak-hour activity.",0.3237,0.6141,0.1126,0.5517,"Matched because this appliance is average, peak-hour usage, and the option balances price, energy reduction, savings and payback."
8,Toaster,Toaster,toaster,Appliance5,0.66816,243.88,6.01,73.16,Bunnings,Timer Plug / Standby Saver,Arlec,24.0,75.0,1.88,168.88,4.14,49.66,5.8,0.6882,0.6925,0.9124,0.8054,0.7407,Control,Best Value,Useful for appliance groups and plug loads.,high,Consider Timer Plug / Standby Saver from Bunnings for Toaster. Estimated saving: $4.14/month with about 168.9 kWh/year reduction.,toaster,6.3147199999999994,4.68782,56.83111111111111,11.1,-89.4,Average,peak-hour usage,"Toaster is classified as Average. It is 89.4% below the REFIT similar-appliance average, with 49 detected events and 25.7% peak-hour activity.",0.3219,0.616,0.1075,0.5443,"Matched because this appliance is average, peak-hour usage, and the option balances price, energy reduction, savings and payback."
8,Toaster,Toaster,toaster,Appliance5,0.66816,243.88,6.01,73.16,JB Hi-Fi,Energy Monitoring Smart Plug,TP-Link Tapo,29.0,70.0,1.75,173.88,4.26,51.16,6.8,0.709,0.713,0.8961,0.7792,0.7488,Monitoring,Overall,Adds monitoring so recommendations can be updated later.,high,Consider Energy Monitoring Smart Plug from JB Hi-Fi for Toaster. Estimated saving: $4.26/month with about 173.9 kWh/year reduction.,toaster,6.3147199999999994,4.68782,56.83111111111111,11.1,-89.4,Average,peak-hour usage,"Toaster is classified as Average. It is 89.4% below the REFIT similar-appliance average, with 49 detected events and 25.7% peak-hour activity.",0.3149,0.6023,0.1052,0.5289,"Matched because this appliance is average, peak-hour usage, and the option balances price, energy reduction, savings and payback."
8,Toaster,Toaster,toaster,Appliance5,0.66816,243.88,6.01,73.16,Big W,Variable Browning Toaster,Sunbeam,59.0,16.0,0.4,227.88,5.61,67.36,10.51,0.9335,0.9344,0.8091,0.6954,0.8794,High,Best Value,Better controls can reduce repeated use.,high,Consider Variable Browning Toaster from Big W for Toaster. Estimated saving: $5.61/month with about 227.9 kWh/year reduction.,toaster,6.3147199999999994,4.68782,56.83111111111111,11.1,-89.4,Average,peak-hour usage,"Toaster is classified as Average. It is 89.4% below the REFIT similar-appliance average, with 49 detected events and 25.7% peak-hour activity.",0.2874,0.5435,0.1001,0.4756,"Matched because this appliance is average, peak-hour usage, and the option balances price, energy reduction, savings and payback."
8,Washing Machine,Washing Machine,washing machine,Appliance4,0.05052,18.44,0.45,5.53,Kmart,Smart Plug With Timer,Generic,19.0,80.0,2.0,0.0,0.0,0.0,,0.0,0.0,0.9294,0.0,0.1394,Control,Cheapest,Low-cost way to reduce standby and schedule usage.,low,Consider Smart Plug With Timer from Kmart for Washing Machine. Estimated saving: $0.00/month with about 0.0 kWh/year reduction.,washing machine,1.958721081081081,1.22083,17.62810810810811,5.4,-97.4,Efficient,normal usage pattern,"Washing Machine is classified as Efficient. It is 97.4% below the REFIT similar-appliance average, with 460 detected events and 22.4% peak-hour activity.",0.2341,0.4896,0.0367,0.2823,"Matched because this appliance is efficient, normal usage pattern, and the option balances price, energy reduction, savings and payback."
8,Washing Machine,Washing Machine,washing machine,Appliance4,0.05052,18.44,0.45,5.53,Bunnings,Timer Plug / Standby Saver,Arlec,24.0,75.0,1.88,0.0,0.0,0.0,,0.0,0.0,0.9124,0.0,0.1369,Control,Best Value,Useful for appliance groups and plug loads.,low,Consider Timer Plug / Standby Saver from Bunnings for Washing Machine. Estimated saving: $0.00/month with about 0.0 kWh/year reduction.,washing machine,1.958721081081081,1.22083,17.62810810810811,5.4,-97.4,Efficient,normal usage pattern,"Washing Machine is classified as Efficient. It is 97.4% below the REFIT similar-appliance average, with 460 detected events and 22.4% peak-hour activity.",0.2307,0.482,0.0367,0.2797,"Matched because this appliance is efficient, normal usage pattern, and the option balances price, energy reduction, savings and payback."
8,Washing Machine,Washing Machine,washing machine,Appliance4,0.05052,18.44,0.45,5.53,Big W,Laundry Smart Timer Plug,Generic,29.0,180.0,4.5,0.0,0.0,0.0,,0.0,0.0,0.8961,0.0,0.1344,Control,Cheapest,Low-cost option to shift laundry away from peak hours.,low,Consider Laundry Smart Timer Plug from Big W for Washing Machine. Estimated saving: $0.00/month with about 0.0 kWh/year reduction.,washing machine,1.958721081081081,1.22083,17.62810810810811,5.4,-97.4,Efficient,normal usage pattern,"Washing Machine is classified as Efficient. It is 97.4% below the REFIT similar-appliance average, with 460 detected events and 22.4% peak-hour activity.",0.2275,0.4747,0.0367,0.2773,"Matched because this appliance is efficient, normal usage pattern, and the option balances price, energy reduction, savings and payback."
8,Washing Machine,Washing Machine,washing machine,Appliance4,0.05052,18.44,0.45,5.53,JB Hi-Fi,Energy Monitoring Smart Plug,TP-Link Tapo,29.0,70.0,1.75,0.0,0.0,0.0,,0.0,0.0,0.8961,0.0,0.1344,Monitoring,Overall,Adds monitoring so recommendations can be updated later.,low,Consider Energy Monitoring Smart Plug from JB Hi-Fi for Washing Machine. Estimated saving: $0.00/month with about 0.0 kWh/year reduction.,washing machine,1.958721081081081,1.22083,17.62810810810811,5.4,-97.4,Efficient,normal usage pattern,"Washing Machine is classified as Efficient. It is 97.4% below the REFIT similar-appliance average, with 460 detected events and 22.4% peak-hour activity.",0.2275,0.4747,0.0367,0.2773,"Matched because this appliance is efficient, normal usage pattern, and the option balances price, energy reduction, savings and payback."
8,Washing Machine,Washing Machine,washing machine,Appliance4,0.05052,18.44,0.45,5.53,JB Hi-Fi,Inverter Front Loader,LG,799.0,145.0,3.62,0.0,0.0,0.0,,0.0,0.0,0.2383,0.0,0.0357,High,Best Value,Good value inverter option for repeated laundry use.,low,Consider Inverter Front Loader from JB Hi-Fi for Washing Machine. Estimated saving: $0.00/month with about 0.0 kWh/year reduction.,washing machine,1.958721081081081,1.22083,17.62810810810811,5.4,-97.4,Efficient,normal usage pattern,"Washing Machine is classified as Efficient. It is 97.4% below the REFIT similar-appliance average, with 460 detected events and 22.4% peak-hour activity.",0.0959,0.1787,0.0367,0.1786,"Matched because this appliance is efficient, normal usage pattern, and the option balances price, energy reduction, savings and payback."
8,Washing Machine,Washing Machine,washing machine,Appliance4,0.05052,18.44,0.45,5.53,The Good Guys,Front Load Washing Machine,Bosch,849.0,135.0,3.38,0.0,0.0,0.0,,0.0,0.0,0.2275,0.0,0.0341,Premium,Energy Wise,Front loaders are suited to lower water and energy use.,low,Consider Front Load Washing Machine from The Good Guys for Washing Machine. Estimated saving: $0.00/month with about 0.0 kWh/year reduction.,washing machine,1.958721081081081,1.22083,17.62810810810811,5.4,-97.4,Efficient,normal usage pattern,"Washing Machine is classified as Efficient. It is 97.4% below the REFIT similar-appliance average, with 460 detected events and 22.4% peak-hour activity.",0.0938,0.1738,0.0367,0.177,"Matched because this appliance is efficient, normal usage pattern, and the option balances price, energy reduction, savings and payback."
9,Dishwasher,Dishwasher,washing machine,Appliance4,2.55411,932.25,22.99,279.67,Kmart,Smart Plug With Timer,Generic,19.0,80.0,2.0,852.25,20.99,251.84,0.91,0.913,0.9142,0.9294,0.9636,0.9234,Control,Cheapest,Low-cost way to reduce standby and schedule usage.,high,Consider Smart Plug With Timer from Kmart for Dishwasher. Estimated saving: $20.99/month with about 852.2 kWh/year reduction.,washing machine,1.958721081081081,1.22083,17.62810810810811,81.1,30.4,Needs attention,"above similar-house benchmark, peak-hour usage, higher monthly cost","Dishwasher is classified as Needs attention. It is 30.4% above the REFIT similar-appliance average, with 1802 detected events and 25.9% peak-hour activity.",0.4496,0.6799,0.27,0.6454,"Matched because this appliance is needs attention, above similar-house benchmark, peak-hour usage, higher monthly cost, and the option balances price, energy reduction, savings and payback."
9,Dishwasher,Dishwasher,washing machine,Appliance4,2.55411,932.25,22.99,279.67,Bunnings,Timer Plug / Standby Saver,Arlec,24.0,75.0,1.88,857.25,21.11,253.34,1.14,0.9184,0.9195,0.9124,0.9548,0.9233,Control,Best Value,Useful for appliance groups and plug loads.,high,Consider Timer Plug / Standby Saver from Bunnings for Dishwasher. Estimated saving: $21.11/month with about 857.2 kWh/year reduction.,washing machine,1.958721081081081,1.22083,17.62810810810811,81.1,30.4,Needs attention,"above similar-house benchmark, peak-hour usage, higher monthly cost","Dishwasher is classified as Needs attention. It is 30.4% above the REFIT similar-appliance average, with 1802 detected events and 25.9% peak-hour activity.",0.4451,0.6702,0.2694,0.6386,"Matched because this appliance is needs attention, above similar-house benchmark, peak-hour usage, higher monthly cost, and the option balances price, energy reduction, savings and payback."
9,Dishwasher,Dishwasher,washing machine,Appliance4,2.55411,932.25,22.99,279.67,JB Hi-Fi,Energy Monitoring Smart Plug,TP-Link Tapo,29.0,70.0,1.75,862.25,21.24,254.84,1.37,0.9239,0.9249,0.8961,0.9462,0.9234,Monitoring,Overall,Adds monitoring so recommendations can be updated later.,high,Consider Energy Monitoring Smart Plug from JB Hi-Fi for Dishwasher. Estimated saving: $21.24/month with about 862.2 kWh/year reduction.,washing machine,1.958721081081081,1.22083,17.62810810810811,81.1,30.4,Needs attention,"above similar-house benchmark, peak-hour usage, higher monthly cost","Dishwasher is classified as Needs attention. It is 30.4% above the REFIT similar-appliance average, with 1802 detected events and 25.9% peak-hour activity.",0.4408,0.6608,0.2688,0.6319,"Matched because this appliance is needs attention, above similar-house benchmark, peak-hour usage, higher monthly cost, and the option balances price, energy reduction, savings and payback."
9,Dishwasher,Dishwasher,washing machine,Appliance4,2.55411,932.25,22.99,279.67,Big W,Laundry Smart Timer Plug,Generic,29.0,180.0,4.5,752.25,18.49,221.84,1.57,0.8042,0.8069,0.8961,0.9386,0.839,Control,Cheapest,Low-cost option to shift laundry away from peak hours.,high,Consider Laundry Smart Timer Plug from Big W for Dishwasher. Estimated saving: $18.49/month with about 752.2 kWh/year reduction.,washing machine,1.958721081081081,1.22083,17.62810810810811,81.1,30.4,Needs attention,"above similar-house benchmark, peak-hour usage, higher monthly cost","Dishwasher is classified as Needs attention. It is 30.4% above the REFIT similar-appliance average, with 1802 detected events and 25.9% peak-hour activity.",0.4347,0.6562,0.2614,0.6251,"Matched because this appliance is needs attention, above similar-house benchmark, peak-hour usage, higher monthly cost, and the option balances price, energy reduction, savings and payback."
9,Dishwasher,Dishwasher,washing machine,Appliance4,2.55411,932.25,22.99,279.67,JB Hi-Fi,Inverter Front Loader,LG,799.0,145.0,3.62,787.25,19.36,232.34,41.27,0.8423,0.8445,0.2383,0.3677,0.6812,High,Best Value,Good value inverter option for repeated laundry use.,high,Consider Inverter Front Loader from JB Hi-Fi for Dishwasher. Estimated saving: $19.36/month with about 787.2 kWh/year reduction.,washing machine,1.958721081081081,1.22083,17.62810810810811,81.1,30.4,Needs attention,"above similar-house benchmark, peak-hour usage, higher monthly cost","Dishwasher is classified as Needs attention. It is 30.4% above the REFIT similar-appliance average, with 1802 detected events and 25.9% peak-hour activity.",0.2191,0.2184,0.2064,0.242,"Matched because this appliance is needs attention, above similar-house benchmark, peak-hour usage, higher monthly cost, and the option balances price, energy reduction, savings and payback."
9,Dishwasher,Dishwasher,washing machine,Appliance4,2.55411,932.25,22.99,279.67,The Good Guys,Front Load Washing Machine,Bosch,849.0,135.0,3.38,797.25,19.61,235.34,43.29,0.8532,0.8552,0.2275,0.3567,0.6854,Premium,Energy Wise,Front loaders are suited to lower water and energy use.,high,Consider Front Load Washing Machine from The Good Guys for Dishwasher. Estimated saving: $19.61/month with about 797.2 kWh/year reduction.,washing machine,1.958721081081081,1.22083,17.62810810810811,81.1,30.4,Needs attention,"above similar-house benchmark, peak-hour usage, higher monthly cost","Dishwasher is classified as Needs attention. It is 30.4% above the REFIT similar-appliance average, with 1802 detected events and 25.9% peak-hour activity.",0.2157,0.211,0.2059,0.2351,"Matched because this appliance is needs attention, above similar-house benchmark, peak-hour usage, higher monthly cost, and the option balances price, energy reduction, savings and payback."
9,Electric Heater,Electric Heater,heater,Appliance9,17.58309,6417.83,158.25,1925.35,Kmart,Smart Plug With Timer,Generic,19.0,80.0,2.0,6337.83,156.25,1874.97,0.12,0.9874,0.9875,0.9294,0.995,0.9799,Control,Cheapest,Low-cost way to reduce standby and schedule usage.,high,Consider Smart Plug With Timer from Kmart for Electric Heater. Estimated saving: $156.25/month with about 6337.8 kWh/year reduction.,heater,4.664432,1.54766,41.977999999999994,100.0,277.0,Needs attention,"above similar-house benchmark, frequent usage, higher monthly cost","Electric Heater is classified as Needs attention. It is 277.0% above the REFIT similar-appliance average, with 923 detected events and 24.7% peak-hour activity.",0.7187,0.8217,0.6362,0.8174,"Matched because this appliance is needs attention, above similar-house benchmark, frequent usage, higher monthly cost, and the option balances price, energy reduction, savings and payback."
9,Electric Heater,Electric Heater,heater,Appliance9,17.58309,6417.83,158.25,1925.35,Bunnings,Timer Plug / Standby Saver,Arlec,24.0,75.0,1.88,6342.83,156.37,1876.47,0.15,0.9882,0.9883,0.9124,0.9936,0.9777,Control,Best Value,Useful for appliance groups and plug loads.,high,Consider Timer Plug / Standby Saver from Bunnings for Electric Heater. Estimated saving: $156.37/month with about 6342.8 kWh/year reduction.,heater,4.664432,1.54766,41.977999999999994,100.0,277.0,Needs attention,"above similar-house benchmark, frequent usage, higher monthly cost","Electric Heater is classified as Needs attention. It is 277.0% above the REFIT similar-appliance average, with 923 detected events and 24.7% peak-hour activity.",0.7154,0.8138,0.6364,0.8144,"Matched because this appliance is needs attention, above similar-house benchmark, frequent usage, higher monthly cost, and the option balances price, energy reduction, savings and payback."
9,Electric Heater,Electric Heater,heater,Appliance9,17.58309,6417.83,158.25,1925.35,JB Hi-Fi,Energy Monitoring Smart Plug,TP-Link Tapo,29.0,70.0,1.75,6347.83,156.5,1877.97,0.19,0.9889,0.9891,0.8961,0.9923,0.9756,Monitoring,Overall,Adds monitoring so recommendations can be updated later.,high,Consider Energy Monitoring Smart Plug from JB Hi-Fi for Electric Heater. Estimated saving: $156.50/month with about 6347.8 kWh/year reduction.,heater,4.664432,1.54766,41.977999999999994,100.0,277.0,Needs attention,"above similar-house benchmark, frequent usage, higher monthly cost","Electric Heater is classified as Needs attention. It is 277.0% above the REFIT similar-appliance average, with 923 detected events and 24.7% peak-hour activity.",0.7121,0.8062,0.6365,0.8112,"Matched because this appliance is needs attention, above similar-house benchmark, frequent usage, higher monthly cost, and the option balances price, energy reduction, savings and payback."
9,Electric Heater,Electric Heater,heater,Appliance9,17.58309,6417.83,158.25,1925.35,Bunnings,Programmable Heater Timer,Arlec,24.0,420.0,10.5,5997.83,147.75,1772.97,0.16,0.9336,0.9346,0.9124,0.9933,0.9397,Control,Cheapest,Helps avoid heater running outside needed hours.,high,Consider Programmable Heater Timer from Bunnings for Electric Heater. Estimated saving: $147.75/month with about 5997.8 kWh/year reduction.,heater,4.664432,1.54766,41.977999999999994,100.0,277.0,Needs attention,"above similar-house benchmark, frequent usage, higher monthly cost","Electric Heater is classified as Needs attention. It is 277.0% above the REFIT similar-appliance average, with 923 detected events and 24.7% peak-hour activity.",0.6997,0.8052,0.6152,0.8042,"Matched because this appliance is needs attention, above similar-house benchmark, frequent usage, higher monthly cost, and the option balances price, energy reduction, savings and payback."
9,Electric Heater,Electric Heater,heater,Appliance9,17.58309,6417.83,158.25,1925.35,Big W,Timer Controlled Heater,Dimplex,129.0,360.0,9.0,6057.83,149.25,1790.97,0.86,0.9431,0.9439,0.6596,0.9652,0.9042,High,Best Value,Timer function supports behaviour-based saving.,high,Consider Timer Controlled Heater from Big W for Electric Heater. Estimated saving: $149.25/month with about 6057.8 kWh/year reduction.,heater,4.664432,1.54766,41.977999999999994,100.0,277.0,Needs attention,"above similar-house benchmark, frequent usage, higher monthly cost","Electric Heater is classified as Needs attention. It is 277.0% above the REFIT similar-appliance average, with 923 detected events and 24.7% peak-hour activity.",0.6477,0.686,0.6161,0.7541,"Matched because this appliance is needs attention, above similar-house benchmark, frequent usage, higher monthly cost, and the option balances price, energy reduction, savings and payback."
9,Electric Heater,Electric Heater,heater,Appliance9,17.58309,6417.83,158.25,1925.35,Harvey Norman,Efficient Panel Heater,Noirot,349.0,300.0,7.5,6117.83,150.75,1808.97,2.32,0.9526,0.9533,0.4174,0.912,0.8664,Premium,Energy Wise,Better for frequent heating periods.,high,Consider Efficient Panel Heater from Harvey Norman for Electric Heater. Estimated saving: $150.75/month with about 6117.8 kWh/year reduction.,heater,4.664432,1.54766,41.977999999999994,100.0,277.0,Needs attention,"above similar-house benchmark, frequent usage, higher monthly cost","Electric Heater is classified as Needs attention. It is 277.0% above the REFIT similar-appliance average, with 923 detected events and 24.7% peak-hour activity.",0.5939,0.565,0.6144,0.6927,"Matched because this appliance is needs attention, above similar-house benchmark, frequent usage, higher monthly cost, and the option balances price, energy reduction, savings and payback."
9,Fridge-Freezer,Fridge-Freezer,fridge,Appliance1,2.02089,737.63,18.19,221.29,Kmart,Smart Plug With Timer,Generic,19.0,80.0,2.0,657.63,16.19,194.26,1.17,0.89,0.8915,0.9294,0.9534,0.9059,Control,Cheapest,Low-cost way to reduce standby and schedule usage.,high,Consider Smart Plug With Timer from Kmart for Fridge-Freezer. Estimated saving: $16.19/month with about 657.6 kWh/year reduction.,fridge,0.8247209090909091,0.62875,7.422727272727273,90.9,145.0,Needs attention,"above similar-house benchmark, frequent usage, higher monthly cost","Fridge-Freezer is classified as Needs attention. It is 145.0% above the REFIT similar-appliance average, with 3773 detected events and 23.7% peak-hour activity.",0.4492,0.6726,0.2718,0.6349,"Matched because this appliance is needs attention, above similar-house benchmark, frequent usage, higher monthly cost, and the option balances price, energy reduction, savings and payback."
9,Fridge-Freezer,Fridge-Freezer,fridge,Appliance1,2.02089,737.63,18.19,221.29,Bunnings,Timer Plug / Standby Saver,Arlec,24.0,75.0,1.88,662.63,16.31,195.76,1.47,0.8969,0.8983,0.9124,0.9422,0.9065,Control,Best Value,Useful for appliance groups and plug loads.,high,Consider Timer Plug / Standby Saver from Bunnings for Fridge-Freezer. Estimated saving: $16.31/month with about 662.6 kWh/year reduction.,fridge,0.8247209090909091,0.62875,7.422727272727273,90.9,145.0,Needs attention,"above similar-house benchmark, frequent usage, higher monthly cost","Fridge-Freezer is classified as Needs attention. It is 145.0% above the REFIT similar-appliance average, with 3773 detected events and 23.7% peak-hour activity.",0.4443,0.6623,0.271,0.6268,"Matched because this appliance is needs attention, above similar-house benchmark, frequent usage, higher monthly cost, and the option balances price, energy reduction, savings and payback."
9,Fridge-Freezer,Fridge-Freezer,fridge,Appliance1,2.02089,737.63,18.19,221.29,JB Hi-Fi,Energy Monitoring Smart Plug,TP-Link Tapo,29.0,70.0,1.75,667.63,16.44,197.26,1.76,0.9038,0.9051,0.8961,0.9315,0.9072,Monitoring,Overall,Adds monitoring so recommendations can be updated later.,high,Consider Energy Monitoring Smart Plug from JB Hi-Fi for Fridge-Freezer. Estimated saving: $16.44/month with about 667.6 kWh/year reduction.,fridge,0.8247209090909091,0.62875,7.422727272727273,90.9,145.0,Needs attention,"above similar-house benchmark, frequent usage, higher monthly cost","Fridge-Freezer is classified as Needs attention. It is 145.0% above the REFIT similar-appliance average, with 3773 detected events and 23.7% peak-hour activity.",0.4397,0.6524,0.2702,0.6192,"Matched because this appliance is needs attention, above similar-house benchmark, frequent usage, higher monthly cost, and the option balances price, energy reduction, savings and payback."
9,Fridge-Freezer,Fridge-Freezer,fridge,Appliance1,2.02089,737.63,18.19,221.29,JB Hi-Fi,Compact Efficient Fridge,CHiQ,449.0,285.0,7.12,452.63,11.06,132.76,40.59,0.6083,0.6136,0.3577,0.3716,0.5368,Standard,Cheapest,Lower upfront price for smaller households.,high,Consider Compact Efficient Fridge from JB Hi-Fi for Fridge-Freezer. Estimated saving: $11.06/month with about 452.6 kWh/year reduction.,fridge,0.8247209090909091,0.62875,7.422727272727273,90.9,145.0,Needs attention,"above similar-house benchmark, frequent usage, higher monthly cost","Fridge-Freezer is classified as Needs attention. It is 145.0% above the REFIT similar-appliance average, with 3773 detected events and 23.7% peak-hour activity.",0.2383,0.2648,0.201,0.2522,"Matched because this appliance is needs attention, above similar-house benchmark, frequent usage, higher monthly cost, and the option balances price, energy reduction, savings and payback."
9,Fridge-Freezer,Fridge-Freezer,fridge,Appliance1,2.02089,737.63,18.19,221.29,The Good Guys,Energy Efficient Fridge-Freezer,Hisense,699.0,260.0,6.5,477.63,11.69,140.26,59.8,0.6426,0.6475,0.2634,0.2864,0.5338,High,Best Value,Balanced replacement for continuous loads.,high,Consider Energy Efficient Fridge-Freezer from The Good Guys for Fridge-Freezer. Estimated saving: $11.69/month with about 477.6 kWh/year reduction.,fridge,0.8247209090909091,0.62875,7.422727272727273,90.9,145.0,Needs attention,"above similar-house benchmark, frequent usage, higher monthly cost","Fridge-Freezer is classified as Needs attention. It is 145.0% above the REFIT similar-appliance average, with 3773 detected events and 23.7% peak-hour activity.",0.2078,0.2017,0.1941,0.1962,"Matched because this appliance is needs attention, above similar-house benchmark, frequent usage, higher monthly cost, and the option balances price, energy reduction, savings and payback."
9,Fridge-Freezer,Fridge-Freezer,fridge,Appliance1,2.02089,737.63,18.19,221.29,Harvey Norman,Inverter Fridge-Freezer,Samsung,999.0,220.0,5.5,517.63,12.69,152.26,78.74,0.6976,0.7017,0.2002,0.2336,0.5546,Premium,Energy Wise,Inverter compressor suited to always-on refrigeration.,high,Consider Inverter Fridge-Freezer from Harvey Norman for Fridge-Freezer. Estimated saving: $12.69/month with about 517.6 kWh/year reduction.,fridge,0.8247209090909091,0.62875,7.422727272727273,90.9,145.0,Needs attention,"above similar-house benchmark, frequent usage, higher monthly cost","Fridge-Freezer is classified as Needs attention. It is 145.0% above the REFIT similar-appliance average, with 3773 detected events and 23.7% peak-hour activity.",0.1891,0.1611,0.1912,0.1615,"Matched because this appliance is needs attention, above similar-house benchmark, frequent usage, higher monthly cost, and the option balances price, energy reduction, savings and payback."
9,Hi-Fi,Hi-Fi,computer,Appliance8,0.15306,55.87,1.38,16.76,Kmart,Smart Plug With Timer,Generic,19.0,80.0,2.0,0.0,0.0,0.0,,0.0,0.0,0.9294,0.0,0.1394,Control,Cheapest,Low-cost way to reduce standby and schedule usage.,low,Consider Smart Plug With Timer from Kmart for Hi-Fi. Estimated saving: $0.00/month with about 0.0 kWh/year reduction.,computer,0.41818333333333335,0.179285,3.763888888888889,44.4,-63.4,Average,peak-hour usage,"Hi-Fi is classified as Average. It is 63.4% below the REFIT similar-appliance average, with 3742 detected events and 26.1% peak-hour activity.",0.2731,0.4896,0.0952,0.2823,"Matched because this appliance is average, peak-hour usage, and the option balances price, energy reduction, savings and payback."
9,Hi-Fi,Hi-Fi,computer,Appliance8,0.15306,55.87,1.38,16.76,Bunnings,Timer Plug / Standby Saver,Arlec,24.0,75.0,1.88,0.0,0.0,0.0,,0.0,0.0,0.9124,0.0,0.1369,Control,Best Value,Useful for appliance groups and plug loads.,low,Consider Timer Plug / Standby Saver from Bunnings for Hi-Fi. Estimated saving: $0.00/month with about 0.0 kWh/year reduction.,computer,0.41818333333333335,0.179285,3.763888888888889,44.4,-63.4,Average,peak-hour usage,"Hi-Fi is classified as Average. It is 63.4% below the REFIT similar-appliance average, with 3742 detected events and 26.1% peak-hour activity.",0.2697,0.482,0.0952,0.2797,"Matched because this appliance is average, peak-hour usage, and the option balances price, energy reduction, savings and payback."
9,Hi-Fi,Hi-Fi,computer,Appliance8,0.15306,55.87,1.38,16.76,JB Hi-Fi,Energy Monitoring Smart Plug,TP-Link Tapo,29.0,70.0,1.75,0.0,0.0,0.0,,0.0,0.0,0.8961,0.0,0.1344,Monitoring,Overall,Adds monitoring so recommendations can be updated later.,low,Consider Energy Monitoring Smart Plug from JB Hi-Fi for Hi-Fi. Estimated saving: $0.00/month with about 0.0 kWh/year reduction.,computer,0.41818333333333335,0.179285,3.763888888888889,44.4,-63.4,Average,peak-hour usage,"Hi-Fi is classified as Average. It is 63.4% below the REFIT similar-appliance average, with 3742 detected events and 26.1% peak-hour activity.",0.2665,0.4747,0.0952,0.2773,"Matched because this appliance is average, peak-hour usage, and the option balances price, energy reduction, savings and payback."
9,Hi-Fi,Hi-Fi,computer,Appliance8,0.15306,55.87,1.38,16.76,Officeworks,Smart Standby Powerboard,Jackson,39.0,135.0,3.38,0.0,0.0,0.0,,0.0,0.0,0.8651,0.0,0.1298,Control,Best Value,"Reduces standby waste from monitors, printers and routers.",low,Consider Smart Standby Powerboard from Officeworks for Hi-Fi. Estimated saving: $0.00/month with about 0.0 kWh/year reduction.,computer,0.41818333333333335,0.179285,3.763888888888889,44.4,-63.4,Average,peak-hour usage,"Hi-Fi is classified as Average. It is 63.4% below the REFIT similar-appliance average, with 3742 detected events and 26.1% peak-hour activity.",0.2603,0.4607,0.0952,0.2726,"Matched because this appliance is average, peak-hour usage, and the option balances price, energy reduction, savings and payback."
9,Hi-Fi,Hi-Fi,computer,Appliance8,0.15306,55.87,1.38,16.76,JB Hi-Fi,Energy Efficient Mini PC Setup,Generic,699.0,105.0,2.62,0.0,0.0,0.0,,0.0,0.0,0.2634,0.0,0.0395,High,Energy Wise,Lower-power option for desktop computer sites.,low,Consider Energy Efficient Mini PC Setup from JB Hi-Fi for Hi-Fi. Estimated saving: $0.00/month with about 0.0 kWh/year reduction.,computer,0.41818333333333335,0.179285,3.763888888888889,44.4,-63.4,Average,peak-hour usage,"Hi-Fi is classified as Average. It is 63.4% below the REFIT similar-appliance average, with 3742 detected events and 26.1% peak-hour activity.",0.1399,0.19,0.0952,0.1824,"Matched because this appliance is average, peak-hour usage, and the option balances price, energy reduction, savings and payback."
9,Kettle,Kettle,kettle,Appliance7,29.29805,10693.79,263.68,3208.14,Kmart,Smart Plug With Timer,Generic,19.0,80.0,2.0,10613.79,261.68,3140.19,0.07,0.9924,0.9925,0.9294,0.997,0.9837,Control,Cheapest,Low-cost way to reduce standby and schedule usage.,high,Consider Smart Plug With Timer from Kmart for Kettle. Estimated saving: $261.68/month with about 10613.8 kWh/year reduction.,kettle,16.07417125,13.334344999999999,144.66750000000002,81.2,82.3,Needs attention,"above similar-house benchmark, frequent usage, higher monthly cost","Kettle is classified as Needs attention. It is 82.3% above the REFIT similar-appliance average, with 1721 detected events and 24.8% peak-hour activity.",0.8916,0.9265,0.8691,0.9402,"Matched because this appliance is needs attention, above similar-house benchmark, frequent usage, higher monthly cost, and the option balances price, energy reduction, savings and payback."
9,Kettle,Kettle,kettle,Appliance7,29.29805,10693.79,263.68,3208.14,Kmart,1.7L Auto-Off Kettle,Anko,25.0,32.0,0.8,10661.79,262.88,3154.59,0.1,0.997,0.997,0.9091,0.9961,0.9837,Efficient,Cheapest,Low-cost replacement with auto shut-off.,high,Consider 1.7L Auto-Off Kettle from Kmart for Kettle. Estimated saving: $262.88/month with about 10661.8 kWh/year reduction.,kettle,16.07417125,13.334344999999999,144.66750000000002,81.2,82.3,Needs attention,"above similar-house benchmark, frequent usage, higher monthly cost","Kettle is classified as Needs attention. It is 82.3% above the REFIT similar-appliance average, with 1721 detected events and 24.8% peak-hour activity.",0.8895,0.9183,0.872,0.9379,"Matched because this appliance is needs attention, above similar-house benchmark, frequent usage, higher monthly cost, and the option balances price, energy reduction, savings and payback."
9,Kettle,Kettle,kettle,Appliance7,29.29805,10693.79,263.68,3208.14,Bunnings,Timer Plug / Standby Saver,Arlec,24.0,75.0,1.88,10618.79,261.81,3141.69,0.09,0.9929,0.993,0.9124,0.9962,0.9813,Control,Best Value,Useful for appliance groups and plug loads.,high,Consider Timer Plug / Standby Saver from Bunnings for Kettle. Estimated saving: $261.81/month with about 10618.8 kWh/year reduction.,kettle,16.07417125,13.334344999999999,144.66750000000002,81.2,82.3,Needs attention,"above similar-house benchmark, frequent usage, higher monthly cost","Kettle is classified as Needs attention. It is 82.3% above the REFIT similar-appliance average, with 1721 detected events and 24.8% peak-hour activity.",0.8883,0.9188,0.8694,0.9374,"Matched because this appliance is needs attention, above similar-house benchmark, frequent usage, higher monthly cost, and the option balances price, energy reduction, savings and payback."
9,Kettle,Kettle,kettle,Appliance7,29.29805,10693.79,263.68,3208.14,JB Hi-Fi,Energy Monitoring Smart Plug,TP-Link Tapo,29.0,70.0,1.75,10623.79,261.93,3143.19,0.11,0.9934,0.9935,0.8961,0.9954,0.9791,Monitoring,Overall,Adds monitoring so recommendations can be updated later.,high,Consider Energy Monitoring Smart Plug from JB Hi-Fi for Kettle. Estimated saving: $261.93/month with about 10623.8 kWh/year reduction.,kettle,16.07417125,13.334344999999999,144.66750000000002,81.2,82.3,Needs attention,"above similar-house benchmark, frequent usage, higher monthly cost","Kettle is classified as Needs attention. It is 82.3% above the REFIT similar-appliance average, with 1721 detected events and 24.8% peak-hour activity.",0.8851,0.9114,0.8696,0.9346,"Matched because this appliance is needs attention, above similar-house benchmark, frequent usage, higher monthly cost, and the option balances price, energy reduction, savings and payback."
9,Kettle,Kettle,kettle,Appliance7,29.29805,10693.79,263.68,3208.14,Big W,Energy Efficient Kettle,Russell Hobbs,49.0,28.0,0.7,10665.79,262.98,3155.79,0.19,0.9973,0.9974,0.8361,0.9923,0.9724,High,Best Value,Balanced price and energy use.,high,Consider Energy Efficient Kettle from Big W for Kettle. Estimated saving: $262.98/month with about 10665.8 kWh/year reduction.,kettle,16.07417125,13.334344999999999,144.66750000000002,81.2,82.3,Needs attention,"above similar-house benchmark, frequent usage, higher monthly cost","Kettle is classified as Needs attention. It is 82.3% above the REFIT similar-appliance average, with 1721 detected events and 24.8% peak-hour activity.",0.8745,0.8846,0.8718,0.9252,"Matched because this appliance is needs attention, above similar-house benchmark, frequent usage, higher monthly cost, and the option balances price, energy reduction, savings and payback."
9,Kettle,Kettle,kettle,Appliance7,29.29805,10693.79,263.68,3208.14,JB Hi-Fi,Smart Temperature Control Kettle,Breville,109.0,24.0,0.6,10669.79,263.08,3156.99,0.41,0.9977,0.9978,0.6964,0.983,0.9503,Premium,Energy Wise,Temperature control helps reduce repeated boiling.,high,Consider Smart Temperature Control Kettle from JB Hi-Fi for Kettle. Estimated saving: $263.08/month with about 10669.8 kWh/year reduction.,kettle,16.07417125,13.334344999999999,144.66750000000002,81.2,82.3,Needs attention,"above similar-house benchmark, frequent usage, higher monthly cost","Kettle is classified as Needs attention. It is 82.3% above the REFIT similar-appliance average, with 1721 detected events and 24.8% peak-hour activity.",0.8454,0.8196,0.8712,0.8999,"Matched because this appliance is needs attention, above similar-house benchmark, frequent usage, higher monthly cost, and the option balances price, energy reduction, savings and payback."
9,Microwave,Microwave,microwave,Appliance6,10.36076,3781.68,93.25,1134.5,Kmart,Smart Plug With Timer,Generic,19.0,80.0,2.0,3701.68,91.25,1094.96,0.21,0.9786,0.9788,0.9294,0.9914,0.9732,Control,Cheapest,Low-cost way to reduce standby and schedule usage.,high,Consider Smart Plug With Timer from Kmart for Microwave. Estimated saving: $91.25/month with about 3701.7 kWh/year reduction.,microwave,1.693406875,0.12358,15.23875,100.0,511.8,Needs attention,"above similar-house benchmark, higher monthly cost","Microwave is classified as Needs attention. It is 511.8% above the REFIT similar-appliance average, with 178 detected events and 23.4% peak-hour activity.",0.6002,0.7564,0.475,0.7405,"Matched because this appliance is needs attention, above similar-house benchmark, higher monthly cost, and the option balances price, energy reduction, savings and payback."
9,Microwave,Microwave,microwave,Appliance6,10.36076,3781.68,93.25,1134.5,Bunnings,Timer Plug / Standby Saver,Arlec,24.0,75.0,1.88,3706.68,91.37,1096.46,0.26,0.9799,0.9802,0.9124,0.9892,0.9712,Control,Best Value,Useful for appliance groups and plug loads.,high,Consider Timer Plug / Standby Saver from Bunnings for Microwave. Estimated saving: $91.37/month with about 3706.7 kWh/year reduction.,microwave,1.693406875,0.12358,15.23875,100.0,511.8,Needs attention,"above similar-house benchmark, higher monthly cost","Microwave is classified as Needs attention. It is 511.8% above the REFIT similar-appliance average, with 178 detected events and 23.4% peak-hour activity.",0.5967,0.7484,0.4751,0.737,"Matched because this appliance is needs attention, above similar-house benchmark, higher monthly cost, and the option balances price, energy reduction, savings and payback."
9,Microwave,Microwave,microwave,Appliance6,10.36076,3781.68,93.25,1134.5,JB Hi-Fi,Energy Monitoring Smart Plug,TP-Link Tapo,29.0,70.0,1.75,3711.68,91.5,1097.96,0.32,0.9812,0.9815,0.8961,0.987,0.9694,Monitoring,Overall,Adds monitoring so recommendations can be updated later.,high,Consider Energy Monitoring Smart Plug from JB Hi-Fi for Microwave. Estimated saving: $91.50/month with about 3711.7 kWh/year reduction.,microwave,1.693406875,0.12358,15.23875,100.0,511.8,Needs attention,"above similar-house benchmark, higher monthly cost","Microwave is classified as Needs attention. It is 511.8% above the REFIT similar-appliance average, with 178 detected events and 23.4% peak-hour activity.",0.5933,0.7405,0.4752,0.7335,"Matched because this appliance is needs attention, above similar-house benchmark, higher monthly cost, and the option balances price, energy reduction, savings and payback."
9,Microwave,Microwave,microwave,Appliance6,10.36076,3781.68,93.25,1134.5,Kmart,Compact Microwave,Anko,99.0,96.0,2.4,3685.68,90.85,1090.16,1.09,0.9743,0.9746,0.7163,0.9566,0.933,Standard,Cheapest,Lowest upfront price.,high,Consider Compact Microwave from Kmart for Microwave. Estimated saving: $90.85/month with about 3685.7 kWh/year reduction.,microwave,1.693406875,0.12358,15.23875,100.0,511.8,Needs attention,"above similar-house benchmark, higher monthly cost","Microwave is classified as Needs attention. It is 511.8% above the REFIT similar-appliance average, with 178 detected events and 23.4% peak-hour activity.",0.5517,0.6514,0.4705,0.6907,"Matched because this appliance is needs attention, above similar-house benchmark, higher monthly cost, and the option balances price, energy reduction, savings and payback."
9,Microwave,Microwave,microwave,Appliance6,10.36076,3781.68,93.25,1134.5,The Good Guys,900W Efficient Microwave,LG,179.0,82.0,2.05,3699.68,91.2,1094.36,1.96,0.978,0.9783,0.5828,0.9244,0.9108,High,Best Value,Good balance of price and energy use.,high,Consider 900W Efficient Microwave from The Good Guys for Microwave. Estimated saving: $91.20/month with about 3699.7 kWh/year reduction.,microwave,1.693406875,0.12358,15.23875,100.0,511.8,Needs attention,"above similar-house benchmark, higher monthly cost","Microwave is classified as Needs attention. It is 511.8% above the REFIT similar-appliance average, with 178 detected events and 23.4% peak-hour activity.",0.5208,0.5836,0.4682,0.655,"Matched because this appliance is needs attention, above similar-house benchmark, higher monthly cost, and the option balances price, energy reduction, savings and payback."
9,Microwave,Microwave,microwave,Appliance6,10.36076,3781.68,93.25,1134.5,JB Hi-Fi,Compact Inverter Microwave,Panasonic,219.0,76.0,1.9,3705.68,91.35,1096.16,2.4,0.9796,0.9799,0.533,0.9092,0.9022,Premium,Energy Wise,Inverter control is suitable for repeated cooking events.,high,Consider Compact Inverter Microwave from JB Hi-Fi for Microwave. Estimated saving: $91.35/month with about 3705.7 kWh/year reduction.,microwave,1.693406875,0.12358,15.23875,100.0,511.8,Needs attention,"above similar-house benchmark, higher monthly cost","Microwave is classified as Needs attention. It is 511.8% above the REFIT similar-appliance average, with 178 detected events and 23.4% peak-hour activity.",0.5088,0.5576,0.467,0.64,"Matched because this appliance is needs attention, above similar-house benchmark, higher monthly cost, and the option balances price, energy reduction, savings and payback."
9,Television Site,Television Site,television,Appliance5,0.51295,187.23,4.62,56.17,Kmart,Smart Plug With Timer,Generic,19.0,80.0,2.0,107.23,2.62,31.4,7.26,0.5668,0.5727,0.9294,0.7677,0.6531,Control,Cheapest,Low-cost way to reduce standby and schedule usage.,high,Consider Smart Plug With Timer from Kmart for Television Site. Estimated saving: $2.62/month with about 107.2 kWh/year reduction.,television,0.64669,0.36083,5.819047619047619,57.1,-20.7,Needs attention,peak-hour usage,"Television Site is classified as Needs attention. It is 20.7% below the REFIT similar-appliance average, with 402 detected events and 70.3% peak-hour activity.",0.3629,0.6128,0.1689,0.5263,"Matched because this appliance is needs attention, peak-hour usage, and the option balances price, energy reduction, savings and payback."
9,Television Site,Television Site,television,Appliance5,0.51295,187.23,4.62,56.17,Bunnings,Timer Plug / Standby Saver,Arlec,24.0,75.0,1.88,112.23,2.74,32.9,8.75,0.5938,0.5994,0.9124,0.7327,0.6641,Control,Best Value,Useful for appliance groups and plug loads.,high,Consider Timer Plug / Standby Saver from Bunnings for Television Site. Estimated saving: $2.74/month with about 112.2 kWh/year reduction.,television,0.64669,0.36083,5.819047619047619,57.1,-20.7,Needs attention,peak-hour usage,"Television Site is classified as Needs attention. It is 20.7% below the REFIT similar-appliance average, with 402 detected events and 70.3% peak-hour activity.",0.3545,0.5965,0.1658,0.5064,"Matched because this appliance is needs attention, peak-hour usage, and the option balances price, energy reduction, savings and payback."
9,Television Site,Television Site,television,Appliance5,0.51295,187.23,4.62,56.17,JB Hi-Fi,Energy Monitoring Smart Plug,TP-Link Tapo,29.0,70.0,1.75,117.23,2.87,34.4,10.12,0.6209,0.6261,0.8961,0.7035,0.6761,Monitoring,Overall,Adds monitoring so recommendations can be updated later.,high,Consider Energy Monitoring Smart Plug from JB Hi-Fi for Television Site. Estimated saving: $2.87/month with about 117.2 kWh/year reduction.,television,0.64669,0.36083,5.819047619047619,57.1,-20.7,Needs attention,peak-hour usage,"Television Site is classified as Needs attention. It is 20.7% below the REFIT similar-appliance average, with 402 detected events and 70.3% peak-hour activity.",0.347,0.5819,0.1631,0.4894,"Matched because this appliance is needs attention, peak-hour usage, and the option balances price, energy reduction, savings and payback."
9,Television Site,Television Site,television,Appliance5,0.51295,187.23,4.62,56.17,Kmart,Standby Saver Powerboard,Generic,19.0,120.0,3.0,67.23,1.62,19.4,11.75,0.3502,0.3591,0.9294,0.6713,0.4879,Control,Cheapest,Useful where TV site has multiple standby devices.,high,Consider Standby Saver Powerboard from Kmart for Television Site. Estimated saving: $1.62/month with about 67.2 kWh/year reduction.,television,0.64669,0.36083,5.819047619047619,57.1,-20.7,Needs attention,peak-hour usage,"Television Site is classified as Needs attention. It is 20.7% below the REFIT similar-appliance average, with 402 detected events and 70.3% peak-hour activity.",0.3466,0.5877,0.1569,0.477,"Matched because this appliance is needs attention, peak-hour usage, and the option balances price, energy reduction, savings and payback."
9,Television Site,Television Site,television,Appliance5,0.51295,187.23,4.62,56.17,JB Hi-Fi,Energy Efficient LED TV,TCL,599.0,95.0,2.38,92.23,2.24,26.9,267.23,0.4855,0.4926,0.2945,0.0824,0.3985,High,Best Value,LED replacement for high TV-site consumption.,high,Consider Energy Efficient LED TV from JB Hi-Fi for Television Site. Estimated saving: $2.24/month with about 92.2 kWh/year reduction.,television,0.64669,0.36083,5.819047619047619,57.1,-20.7,Needs attention,peak-hour usage,"Television Site is classified as Needs attention. It is 20.7% below the REFIT similar-appliance average, with 402 detected events and 70.3% peak-hour activity.",0.1324,0.1553,0.0995,0.088,"Matched because this appliance is needs attention, peak-hour usage, and the option balances price, energy reduction, savings and payback."
9,Television Site,Television Site,television,Appliance5,0.51295,187.23,4.62,56.17,The Good Guys,Low Energy QLED TV,Samsung,899.0,80.0,2.0,107.23,2.62,31.4,343.59,0.5668,0.5727,0.2176,0.0653,0.441,Premium,Energy Wise,Lower annual kWh for heavy TV use.,high,Consider Low Energy QLED TV from The Good Guys for Television Site. Estimated saving: $2.62/month with about 107.2 kWh/year reduction.,television,0.64669,0.36083,5.819047619047619,57.1,-20.7,Needs attention,peak-hour usage,"Television Site is classified as Needs attention. It is 20.7% below the REFIT similar-appliance average, with 402 detected events and 70.3% peak-hour activity.",0.1152,0.1168,0.0987,0.0683,"Matched because this appliance is needs attention, peak-hour usage, and the option balances price, energy reduction, savings and payback."
9,Washer Dryer,Washer Dryer,washing machine,Appliance2,12.82796,4682.2,115.45,1404.66,Kmart,Smart Plug With Timer,Generic,19.0,80.0,2.0,4602.2,113.45,1361.42,0.17,0.9827,0.9829,0.9294,0.9931,0.9763,Control,Cheapest,Low-cost way to reduce standby and schedule usage.,high,Consider Smart Plug With Timer from Kmart for Washer Dryer. Estimated saving: $113.45/month with about 4602.2 kWh/year reduction.,washing machine,1.958721081081081,1.22083,17.62810810810811,100.0,554.9,Needs attention,"above similar-house benchmark, peak-hour usage, higher monthly cost","Washer Dryer is classified as Needs attention. It is 554.9% above the REFIT similar-appliance average, with 1310 detected events and 25.6% peak-hour activity.",0.6407,0.7788,0.5301,0.7669,"Matched because this appliance is needs attention, above similar-house benchmark, peak-hour usage, higher monthly cost, and the option balances price, energy reduction, savings and payback."
9,Washer Dryer,Washer Dryer,washing machine,Appliance2,12.82796,4682.2,115.45,1404.66,Bunnings,Timer Plug / Standby Saver,Arlec,24.0,75.0,1.88,4607.2,113.58,1362.92,0.21,0.9838,0.984,0.9124,0.9913,0.9743,Control,Best Value,Useful for appliance groups and plug loads.,high,Consider Timer Plug / Standby Saver from Bunnings for Washer Dryer. Estimated saving: $113.58/month with about 4607.2 kWh/year reduction.,washing machine,1.958721081081081,1.22083,17.62810810810811,100.0,554.9,Needs attention,"above similar-house benchmark, peak-hour usage, higher monthly cost","Washer Dryer is classified as Needs attention. It is 554.9% above the REFIT similar-appliance average, with 1310 detected events and 25.6% peak-hour activity.",0.6373,0.7709,0.5302,0.7637,"Matched because this appliance is needs attention, above similar-house benchmark, peak-hour usage, higher monthly cost, and the option balances price, energy reduction, savings and payback."
9,Washer Dryer,Washer Dryer,washing machine,Appliance2,12.82796,4682.2,115.45,1404.66,JB Hi-Fi,Energy Monitoring Smart Plug,TP-Link Tapo,29.0,70.0,1.75,4612.2,113.7,1364.42,0.26,0.9848,0.985,0.8961,0.9895,0.9723,Monitoring,Overall,Adds monitoring so recommendations can be updated later.,high,Consider Energy Monitoring Smart Plug from JB Hi-Fi for Washer Dryer. Estimated saving: $113.70/month with about 4612.2 kWh/year reduction.,washing machine,1.958721081081081,1.22083,17.62810810810811,100.0,554.9,Needs attention,"above similar-house benchmark, peak-hour usage, higher monthly cost","Washer Dryer is classified as Needs attention. It is 554.9% above the REFIT similar-appliance average, with 1310 detected events and 25.6% peak-hour activity.",0.634,0.7631,0.5303,0.7604,"Matched because this appliance is needs attention, above similar-house benchmark, peak-hour usage, higher monthly cost, and the option balances price, energy reduction, savings and payback."
9,Washer Dryer,Washer Dryer,washing machine,Appliance2,12.82796,4682.2,115.45,1404.66,Big W,Laundry Smart Timer Plug,Generic,29.0,180.0,4.5,4502.2,110.95,1331.42,0.26,0.961,0.9616,0.8961,0.9892,0.9557,Control,Cheapest,Low-cost option to shift laundry away from peak hours.,high,Consider Laundry Smart Timer Plug from Big W for Washer Dryer. Estimated saving: $110.95/month with about 4502.2 kWh/year reduction.,washing machine,1.958721081081081,1.22083,17.62810810810811,100.0,554.9,Needs attention,"above similar-house benchmark, peak-hour usage, higher monthly cost","Washer Dryer is classified as Needs attention. It is 554.9% above the REFIT similar-appliance average, with 1310 detected events and 25.6% peak-hour activity.",0.629,0.7604,0.5236,0.7572,"Matched because this appliance is needs attention, above similar-house benchmark, peak-hour usage, higher monthly cost, and the option balances price, energy reduction, savings and payback."
9,Washer Dryer,Washer Dryer,washing machine,Appliance2,12.82796,4682.2,115.45,1404.66,JB Hi-Fi,Inverter Front Loader,LG,799.0,145.0,3.62,4537.2,111.83,1341.92,7.14,0.9686,0.969,0.2383,0.7706,0.8295,High,Best Value,Good value inverter option for repeated laundry use.,high,Consider Inverter Front Loader from JB Hi-Fi for Washer Dryer. Estimated saving: $111.83/month with about 4537.2 kWh/year reduction.,washing machine,1.958721081081081,1.22083,17.62810810810811,100.0,554.9,Needs attention,"above similar-house benchmark, peak-hour usage, higher monthly cost","Washer Dryer is classified as Needs attention. It is 554.9% above the REFIT similar-appliance average, with 1310 detected events and 25.6% peak-hour activity.",0.4663,0.4106,0.5039,0.5503,"Matched because this appliance is needs attention, above similar-house benchmark, peak-hour usage, higher monthly cost, and the option balances price, energy reduction, savings and payback."
9,Washer Dryer,Washer Dryer,washing machine,Appliance2,12.82796,4682.2,115.45,1404.66,The Good Guys,Front Load Washing Machine,Bosch,849.0,135.0,3.38,4547.2,112.08,1344.92,7.58,0.9708,0.9712,0.2275,0.7601,0.8278,Premium,Energy Wise,Front loaders are suited to lower water and energy use.,high,Consider Front Load Washing Machine from The Good Guys for Washer Dryer. Estimated saving: $112.08/month with about 4547.2 kWh/year reduction.,washing machine,1.958721081081081,1.22083,17.62810810810811,100.0,554.9,Needs attention,"above similar-house benchmark, peak-hour usage, higher monthly cost","Washer Dryer is classified as Needs attention. It is 554.9% above the REFIT similar-appliance average, with 1310 detected events and 25.6% peak-hour activity.",0.4629,0.4033,0.5034,0.5436,"Matched because this appliance is needs attention, above similar-house benchmark, peak-hour usage, higher monthly cost, and the option balances price, energy reduction, savings and payback."
9,Washing Machine,Washing Machine,washing machine,Appliance3,1.10281,402.53,9.93,120.76,Kmart,Smart Plug With Timer,Generic,19.0,80.0,2.0,322.53,7.93,95.1,2.4,0.7985,0.8013,0.9294,0.9092,0.8356,Control,Cheapest,Low-cost way to reduce standby and schedule usage.,high,Consider Smart Plug With Timer from Kmart for Washing Machine. Estimated saving: $7.93/month with about 322.5 kWh/year reduction.,washing machine,1.958721081081081,1.22083,17.62810810810811,43.2,-43.7,Average,"peak-hour usage, frequent usage","Washing Machine is classified as Average. It is 43.7% below the REFIT similar-appliance average, with 6859 detected events and 25.1% peak-hour activity.",0.3798,0.6533,0.1754,0.6031,"Matched because this appliance is average, peak-hour usage, frequent usage, and the option balances price, energy reduction, savings and payback."
9,Washing Machine,Washing Machine,washing machine,Appliance3,1.10281,402.53,9.93,120.76,Bunnings,Timer Plug / Standby Saver,Arlec,24.0,75.0,1.88,327.53,8.05,96.6,2.98,0.8111,0.8137,0.9124,0.8895,0.8388,Control,Best Value,Useful for appliance groups and plug loads.,high,Consider Timer Plug / Standby Saver from Bunnings for Washing Machine. Estimated saving: $8.05/month with about 327.5 kWh/year reduction.,washing machine,1.958721081081081,1.22083,17.62810810810811,43.2,-43.7,Average,"peak-hour usage, frequent usage","Washing Machine is classified as Average. It is 43.7% below the REFIT similar-appliance average, with 6859 detected events and 25.1% peak-hour activity.",0.3737,0.6409,0.1737,0.5909,"Matched because this appliance is average, peak-hour usage, frequent usage, and the option balances price, energy reduction, savings and payback."
9,Washing Machine,Washing Machine,washing machine,Appliance3,1.10281,402.53,9.93,120.76,JB Hi-Fi,Energy Monitoring Smart Plug,TP-Link Tapo,29.0,70.0,1.75,332.53,8.18,98.1,3.55,0.8237,0.8261,0.8961,0.8712,0.8424,Monitoring,Overall,Adds monitoring so recommendations can be updated later.,high,Consider Energy Monitoring Smart Plug from JB Hi-Fi for Washing Machine. Estimated saving: $8.18/month with about 332.5 kWh/year reduction.,washing machine,1.958721081081081,1.22083,17.62810810810811,43.2,-43.7,Average,"peak-hour usage, frequent usage","Washing Machine is classified as Average. It is 43.7% below the REFIT similar-appliance average, with 6859 detected events and 25.1% peak-hour activity.",0.3679,0.6291,0.1722,0.5794,"Matched because this appliance is average, peak-hour usage, frequent usage, and the option balances price, energy reduction, savings and payback."
9,Washing Machine,Washing Machine,washing machine,Appliance3,1.10281,402.53,9.93,120.76,Big W,Laundry Smart Timer Plug,Generic,29.0,180.0,4.5,222.53,5.43,65.1,5.35,0.5466,0.5528,0.8961,0.8178,0.6416,Control,Cheapest,Low-cost option to shift laundry away from peak hours.,high,Consider Laundry Smart Timer Plug from Big W for Washing Machine. Estimated saving: $5.43/month with about 222.5 kWh/year reduction.,washing machine,1.958721081081081,1.22083,17.62810810810811,43.2,-43.7,Average,"peak-hour usage, frequent usage","Washing Machine is classified as Average. It is 43.7% below the REFIT similar-appliance average, with 6859 detected events and 25.1% peak-hour activity.",0.355,0.613,0.1601,0.5496,"Matched because this appliance is average, peak-hour usage, frequent usage, and the option balances price, energy reduction, savings and payback."
9,Washing Machine,Washing Machine,washing machine,Appliance3,1.10281,402.53,9.93,120.76,JB Hi-Fi,Inverter Front Loader,LG,799.0,145.0,3.62,257.53,6.3,75.6,126.82,0.6348,0.6398,0.2383,0.1591,0.5055,High,Best Value,Good value inverter option for repeated laundry use.,high,Consider Inverter Front Loader from JB Hi-Fi for Washing Machine. Estimated saving: $6.30/month with about 257.5 kWh/year reduction.,washing machine,1.958721081081081,1.22083,17.62810810810811,43.2,-43.7,Average,"peak-hour usage, frequent usage","Washing Machine is classified as Average. It is 43.7% below the REFIT similar-appliance average, with 6859 detected events and 25.1% peak-hour activity.",0.1262,0.1533,0.0964,0.1226,"Matched because this appliance is average, peak-hour usage, frequent usage, and the option balances price, energy reduction, savings and payback."
9,Washing Machine,Washing Machine,washing machine,Appliance3,1.10281,402.53,9.93,120.76,The Good Guys,Front Load Washing Machine,Bosch,849.0,135.0,3.38,267.53,6.55,78.6,129.61,0.66,0.6646,0.2275,0.1562,0.5209,Premium,Energy Wise,Front loaders are suited to lower water and energy use.,high,Consider Front Load Washing Machine from The Good Guys for Washing Machine. Estimated saving: $6.55/month with about 267.5 kWh/year reduction.,washing machine,1.958721081081081,1.22083,17.62810810810811,43.2,-43.7,Average,"peak-hour usage, frequent usage","Washing Machine is classified as Average. It is 43.7% below the REFIT similar-appliance average, with 6859 detected events and 25.1% peak-hour activity.",0.1241,0.1479,0.0967,0.1198,"Matched because this appliance is average, peak-hour usage, frequent usage, and the option balances price, energy reduction, savings and payback."
10,Chest Freezer Garage,Chest Freezer Garage,freezer,Appliance3,1.95249,712.66,17.57,213.8,Kmart,Smart Plug With Timer,Generic,19.0,80.0,2.0,632.66,15.57,186.87,1.22,0.8862,0.8877,0.9294,0.9516,0.9029,Control,Cheapest,Low-cost way to reduce standby and schedule usage.,high,Consider Smart Plug With Timer from Kmart for Chest Freezer Garage. Estimated saving: $15.57/month with about 632.7 kWh/year reduction.,freezer,1.02615,0.92847,9.235384615384616,84.6,90.3,Needs attention,"above similar-house benchmark, frequent usage, higher monthly cost","Chest Freezer Garage is classified as Needs attention. It is 90.3% above the REFIT similar-appliance average, with 5417 detected events and 24.1% peak-hour activity.",0.4415,0.6715,0.2606,0.6332,"Matched because this appliance is needs attention, above similar-house benchmark, frequent usage, higher monthly cost, and the option balances price, energy reduction, savings and payback."
10,Chest Freezer Garage,Chest Freezer Garage,freezer,Appliance3,1.95249,712.66,17.57,213.8,Bunnings,Timer Plug / Standby Saver,Arlec,24.0,75.0,1.88,637.66,15.7,188.37,1.53,0.8933,0.8948,0.9124,0.9401,0.9036,Control,Best Value,Useful for appliance groups and plug loads.,high,Consider Timer Plug / Standby Saver from Bunnings for Chest Freezer Garage. Estimated saving: $15.70/month with about 637.7 kWh/year reduction.,freezer,1.02615,0.92847,9.235384615384616,84.6,90.3,Needs attention,"above similar-house benchmark, frequent usage, higher monthly cost","Chest Freezer Garage is classified as Needs attention. It is 90.3% above the REFIT similar-appliance average, with 5417 detected events and 24.1% peak-hour activity.",0.4366,0.6612,0.2598,0.625,"Matched because this appliance is needs attention, above similar-house benchmark, frequent usage, higher monthly cost, and the option balances price, energy reduction, savings and payback."
10,Chest Freezer Garage,Chest Freezer Garage,freezer,Appliance3,1.95249,712.66,17.57,213.8,JB Hi-Fi,Energy Monitoring Smart Plug,TP-Link Tapo,29.0,70.0,1.75,642.66,15.82,189.87,1.83,0.9004,0.9018,0.8961,0.929,0.9045,Monitoring,Overall,Adds monitoring so recommendations can be updated later.,high,Consider Energy Monitoring Smart Plug from JB Hi-Fi for Chest Freezer Garage. Estimated saving: $15.82/month with about 642.7 kWh/year reduction.,freezer,1.02615,0.92847,9.235384615384616,84.6,90.3,Needs attention,"above similar-house benchmark, frequent usage, higher monthly cost","Chest Freezer Garage is classified as Needs attention. It is 90.3% above the REFIT similar-appliance average, with 5417 detected events and 24.1% peak-hour activity.",0.4319,0.6512,0.259,0.6173,"Matched because this appliance is needs attention, above similar-house benchmark, frequent usage, higher monthly cost, and the option balances price, energy reduction, savings and payback."
10,Chest Freezer Garage,Chest Freezer Garage,freezer,Appliance3,1.95249,712.66,17.57,213.8,Kmart,Freezer Timer Reminder Plug,Generic,19.0,300.0,7.5,412.66,10.07,120.87,1.89,0.5732,0.579,0.9294,0.9271,0.6815,Control,Cheapest,"Useful for monitoring, not replacing cold storage.",high,Consider Freezer Timer Reminder Plug from Kmart for Chest Freezer Garage. Estimated saving: $10.07/month with about 412.7 kWh/year reduction.,freezer,1.02615,0.92847,9.235384615384616,84.6,90.3,Needs attention,"above similar-house benchmark, frequent usage, higher monthly cost","Chest Freezer Garage is classified as Needs attention. It is 90.3% above the REFIT similar-appliance average, with 5417 detected events and 24.1% peak-hour activity.",0.4279,0.66,0.2447,0.6146,"Matched because this appliance is needs attention, above similar-house benchmark, frequent usage, higher monthly cost, and the option balances price, energy reduction, savings and payback."
10,Chest Freezer Garage,Chest Freezer Garage,freezer,Appliance3,1.95249,712.66,17.57,213.8,Harvey Norman,Low Energy Chest Freezer,Haier,499.0,210.0,5.25,502.66,12.32,147.87,40.5,0.7012,0.7053,0.3338,0.3721,0.598,Premium,Energy Wise,Chest freezer style can reduce energy loss.,high,Consider Low Energy Chest Freezer from Harvey Norman for Chest Freezer Garage. Estimated saving: $12.32/month with about 502.7 kWh/year reduction.,freezer,1.02615,0.92847,9.235384615384616,84.6,90.3,Needs attention,"above similar-house benchmark, frequent usage, higher monthly cost","Chest Freezer Garage is classified as Needs attention. It is 90.3% above the REFIT similar-appliance average, with 5417 detected events and 24.1% peak-hour activity.",0.2296,0.2554,0.1947,0.2504,"Matched because this appliance is needs attention, above similar-house benchmark, frequent usage, higher monthly cost, and the option balances price, energy reduction, savings and payback."
10,Chest Freezer Garage,Chest Freezer Garage,freezer,Appliance3,1.95249,712.66,17.57,213.8,The Good Guys,Efficient Upright Freezer,Westinghouse,849.0,250.0,6.25,462.66,11.32,135.87,74.98,0.6443,0.6492,0.2275,0.2425,0.523,High,Best Value,Good for high continuous freezer loads.,high,Consider Efficient Upright Freezer from The Good Guys for Chest Freezer Garage. Estimated saving: $11.32/month with about 462.7 kWh/year reduction.,freezer,1.02615,0.92847,9.235384615384616,84.6,90.3,Needs attention,"above similar-house benchmark, frequent usage, higher monthly cost","Chest Freezer Garage is classified as Needs attention. It is 90.3% above the REFIT similar-appliance average, with 5417 detected events and 24.1% peak-hour activity.",0.1871,0.1742,0.1793,0.1685,"Matched because this appliance is needs attention, above similar-house benchmark, frequent usage, higher monthly cost, and the option balances price, energy reduction, savings and payback."
10,Dishwasher,Dishwasher,washing machine,Appliance6,4.57037,1668.19,41.13,500.46,Kmart,Smart Plug With Timer,Generic,19.0,80.0,2.0,1588.19,39.13,469.6,0.49,0.9514,0.952,0.9294,0.9802,0.9526,Control,Cheapest,Low-cost way to reduce standby and schedule usage.,high,Consider Smart Plug With Timer from Kmart for Dishwasher. Estimated saving: $39.13/month with about 1588.2 kWh/year reduction.,washing machine,1.958721081081081,1.22083,17.62810810810811,91.9,133.3,Needs attention,"above similar-house benchmark, peak-hour usage, higher monthly cost","Dishwasher is classified as Needs attention. It is 133.3% above the REFIT similar-appliance average, with 2948 detected events and 37.2% peak-hour activity.",0.4958,0.702,0.3327,0.6746,"Matched because this appliance is needs attention, above similar-house benchmark, peak-hour usage, higher monthly cost, and the option balances price, energy reduction, savings and payback."
10,Dishwasher,Dishwasher,washing machine,Appliance6,4.57037,1668.19,41.13,500.46,Bunnings,Timer Plug / Standby Saver,Arlec,24.0,75.0,1.88,1593.19,39.26,471.1,0.61,0.9544,0.955,0.9124,0.9752,0.9514,Control,Best Value,Useful for appliance groups and plug loads.,high,Consider Timer Plug / Standby Saver from Bunnings for Dishwasher. Estimated saving: $39.26/month with about 1593.2 kWh/year reduction.,washing machine,1.958721081081081,1.22083,17.62810810810811,91.9,133.3,Needs attention,"above similar-house benchmark, peak-hour usage, higher monthly cost","Dishwasher is classified as Needs attention. It is 133.3% above the REFIT similar-appliance average, with 2948 detected events and 37.2% peak-hour activity.",0.4919,0.6933,0.3326,0.6698,"Matched because this appliance is needs attention, above similar-house benchmark, peak-hour usage, higher monthly cost, and the option balances price, energy reduction, savings and payback."
10,Dishwasher,Dishwasher,washing machine,Appliance6,4.57037,1668.19,41.13,500.46,JB Hi-Fi,Energy Monitoring Smart Plug,TP-Link Tapo,29.0,70.0,1.75,1598.19,39.38,472.6,0.74,0.9575,0.958,0.8961,0.9702,0.9503,Monitoring,Overall,Adds monitoring so recommendations can be updated later.,high,Consider Energy Monitoring Smart Plug from JB Hi-Fi for Dishwasher. Estimated saving: $39.38/month with about 1598.2 kWh/year reduction.,washing machine,1.958721081081081,1.22083,17.62810810810811,91.9,133.3,Needs attention,"above similar-house benchmark, peak-hour usage, higher monthly cost","Dishwasher is classified as Needs attention. It is 133.3% above the REFIT similar-appliance average, with 2948 detected events and 37.2% peak-hour activity.",0.4881,0.6847,0.3324,0.6649,"Matched because this appliance is needs attention, above similar-house benchmark, peak-hour usage, higher monthly cost, and the option balances price, energy reduction, savings and payback."
10,Dishwasher,Dishwasher,washing machine,Appliance6,4.57037,1668.19,41.13,500.46,Big W,Laundry Smart Timer Plug,Generic,29.0,180.0,4.5,1488.19,36.63,439.6,0.79,0.8906,0.8921,0.8961,0.9681,0.9035,Control,Cheapest,Low-cost option to shift laundry away from peak hours.,high,Consider Laundry Smart Timer Plug from Big W for Dishwasher. Estimated saving: $36.63/month with about 1488.2 kWh/year reduction.,washing machine,1.958721081081081,1.22083,17.62810810810811,91.9,133.3,Needs attention,"above similar-house benchmark, peak-hour usage, higher monthly cost","Dishwasher is classified as Needs attention. It is 133.3% above the REFIT similar-appliance average, with 2948 detected events and 37.2% peak-hour activity.",0.4829,0.6815,0.3254,0.6608,"Matched because this appliance is needs attention, above similar-house benchmark, peak-hour usage, higher monthly cost, and the option balances price, energy reduction, savings and payback."
10,Dishwasher,Dishwasher,washing machine,Appliance6,4.57037,1668.19,41.13,500.46,JB Hi-Fi,Inverter Front Loader,LG,799.0,145.0,3.62,1523.19,37.51,450.1,21.3,0.9119,0.9131,0.2383,0.5298,0.7539,High,Best Value,Good value inverter option for repeated laundry use.,high,Consider Inverter Front Loader from JB Hi-Fi for Dishwasher. Estimated saving: $37.51/month with about 1523.2 kWh/year reduction.,washing machine,1.958721081081081,1.22083,17.62810810810811,91.9,133.3,Needs attention,"above similar-house benchmark, peak-hour usage, higher monthly cost","Dishwasher is classified as Needs attention. It is 133.3% above the REFIT similar-appliance average, with 2948 detected events and 37.2% peak-hour activity.",0.2871,0.2768,0.2837,0.344,"Matched because this appliance is needs attention, above similar-house benchmark, peak-hour usage, higher monthly cost, and the option balances price, energy reduction, savings and payback."
10,Dishwasher,Dishwasher,washing machine,Appliance6,4.57037,1668.19,41.13,500.46,The Good Guys,Front Load Washing Machine,Bosch,849.0,135.0,3.38,1533.19,37.76,453.1,22.49,0.9179,0.9191,0.2275,0.5163,0.7545,Premium,Energy Wise,Front loaders are suited to lower water and energy use.,high,Consider Front Load Washing Machine from The Good Guys for Dishwasher. Estimated saving: $37.76/month with about 1533.2 kWh/year reduction.,washing machine,1.958721081081081,1.22083,17.62810810810811,91.9,133.3,Needs attention,"above similar-house benchmark, peak-hour usage, higher monthly cost","Dishwasher is classified as Needs attention. It is 133.3% above the REFIT similar-appliance average, with 2948 detected events and 37.2% peak-hour activity.",0.2834,0.2688,0.283,0.3359,"Matched because this appliance is needs attention, above similar-house benchmark, peak-hour usage, higher monthly cost, and the option balances price, energy reduction, savings and payback."
10,Freezer,Freezer,freezer,Appliance2,3.81854,1393.77,34.37,418.13,Kmart,Smart Plug With Timer,Generic,19.0,80.0,2.0,1313.77,32.37,388.4,0.59,0.9418,0.9426,0.9294,0.9761,0.9453,Control,Cheapest,Low-cost way to reduce standby and schedule usage.,high,Consider Smart Plug With Timer from Kmart for Freezer. Estimated saving: $32.37/month with about 1313.8 kWh/year reduction.,freezer,1.02615,0.92847,9.235384615384616,100.0,272.1,Needs attention,"above similar-house benchmark, peak-hour usage, higher monthly cost","Freezer is classified as Needs attention. It is 272.1% above the REFIT similar-appliance average, with 485 detected events and 25.1% peak-hour activity.",0.491,0.6943,0.3277,0.6648,"Matched because this appliance is needs attention, above similar-house benchmark, peak-hour usage, higher monthly cost, and the option balances price, energy reduction, savings and payback."
10,Freezer,Freezer,freezer,Appliance2,3.81854,1393.77,34.37,418.13,Bunnings,Timer Plug / Standby Saver,Arlec,24.0,75.0,1.88,1318.77,32.49,389.9,0.74,0.9454,0.9462,0.9124,0.9701,0.9444,Control,Best Value,Useful for appliance groups and plug loads.,high,Consider Timer Plug / Standby Saver from Bunnings for Freezer. Estimated saving: $32.49/month with about 1318.8 kWh/year reduction.,freezer,1.02615,0.92847,9.235384615384616,100.0,272.1,Needs attention,"above similar-house benchmark, peak-hour usage, higher monthly cost","Freezer is classified as Needs attention. It is 272.1% above the REFIT similar-appliance average, with 485 detected events and 25.1% peak-hour activity.",0.487,0.6853,0.3275,0.6594,"Matched because this appliance is needs attention, above similar-house benchmark, peak-hour usage, higher monthly cost, and the option balances price, energy reduction, savings and payback."
10,Freezer,Freezer,freezer,Appliance2,3.81854,1393.77,34.37,418.13,JB Hi-Fi,Energy Monitoring Smart Plug,TP-Link Tapo,29.0,70.0,1.75,1323.77,32.62,391.4,0.89,0.9491,0.9498,0.8961,0.9643,0.9436,Monitoring,Overall,Adds monitoring so recommendations can be updated later.,high,Consider Energy Monitoring Smart Plug from JB Hi-Fi for Freezer. Estimated saving: $32.62/month with about 1323.8 kWh/year reduction.,freezer,1.02615,0.92847,9.235384615384616,100.0,272.1,Needs attention,"above similar-house benchmark, peak-hour usage, higher monthly cost","Freezer is classified as Needs attention. It is 272.1% above the REFIT similar-appliance average, with 485 detected events and 25.1% peak-hour activity.",0.4831,0.6766,0.3272,0.6542,"Matched because this appliance is needs attention, above similar-house benchmark, peak-hour usage, higher monthly cost, and the option balances price, energy reduction, savings and payback."
10,Freezer,Freezer,freezer,Appliance2,3.81854,1393.77,34.37,418.13,Kmart,Freezer Timer Reminder Plug,Generic,19.0,300.0,7.5,1093.77,26.87,322.4,0.71,0.7818,0.7848,0.9294,0.9714,0.8332,Control,Cheapest,"Useful for monitoring, not replacing cold storage.",high,Consider Freezer Timer Reminder Plug from Kmart for Freezer. Estimated saving: $26.87/month with about 1093.8 kWh/year reduction.,freezer,1.02615,0.92847,9.235384615384616,100.0,272.1,Needs attention,"above similar-house benchmark, peak-hour usage, higher monthly cost","Freezer is classified as Needs attention. It is 272.1% above the REFIT similar-appliance average, with 485 detected events and 25.1% peak-hour activity.",0.4804,0.6877,0.3138,0.6561,"Matched because this appliance is needs attention, above similar-house benchmark, peak-hour usage, higher monthly cost, and the option balances price, energy reduction, savings and payback."
10,Freezer,Freezer,freezer,Appliance2,3.81854,1393.77,34.37,418.13,Harvey Norman,Low Energy Chest Freezer,Haier,499.0,210.0,5.25,1183.77,29.12,349.4,17.14,0.8472,0.8493,0.3338,0.5834,0.7313,Premium,Energy Wise,Chest freezer style can reduce energy loss.,high,Consider Low Energy Chest Freezer from Harvey Norman for Freezer. Estimated saving: $29.12/month with about 1183.8 kWh/year reduction.,freezer,1.02615,0.92847,9.235384615384616,100.0,272.1,Needs attention,"above similar-house benchmark, peak-hour usage, higher monthly cost","Freezer is classified as Needs attention. It is 272.1% above the REFIT similar-appliance average, with 485 detected events and 25.1% peak-hour activity.",0.3072,0.3249,0.2805,0.3754,"Matched because this appliance is needs attention, above similar-house benchmark, peak-hour usage, higher monthly cost, and the option balances price, energy reduction, savings and payback."
10,Freezer,Freezer,freezer,Appliance2,3.81854,1393.77,34.37,418.13,The Good Guys,Efficient Upright Freezer,Westinghouse,849.0,250.0,6.25,1143.77,28.12,337.4,30.2,0.8181,0.8206,0.2275,0.4428,0.674,High,Best Value,Good for high continuous freezer loads.,high,Consider Efficient Upright Freezer from The Good Guys for Freezer. Estimated saving: $28.12/month with about 1143.8 kWh/year reduction.,freezer,1.02615,0.92847,9.235384615384616,100.0,272.1,Needs attention,"above similar-house benchmark, peak-hour usage, higher monthly cost","Freezer is classified as Needs attention. It is 272.1% above the REFIT similar-appliance average, with 485 detected events and 25.1% peak-hour activity.",0.263,0.2409,0.264,0.288,"Matched because this appliance is needs attention, above similar-house benchmark, peak-hour usage, higher monthly cost, and the option balances price, energy reduction, savings and payback."
10,Fridge-Freezer,Fridge-Freezer,fridge,Appliance4,2.1592,788.11,19.43,236.43,Kmart,Smart Plug With Timer,Generic,19.0,80.0,2.0,708.11,17.43,209.19,1.09,0.8971,0.8985,0.9294,0.9566,0.9113,Control,Cheapest,Low-cost way to reduce standby and schedule usage.,high,Consider Smart Plug With Timer from Kmart for Fridge-Freezer. Estimated saving: $17.43/month with about 708.1 kWh/year reduction.,fridge,0.8247209090909091,0.62875,7.422727272727273,95.5,161.8,Needs attention,"above similar-house benchmark, peak-hour usage, frequent usage, higher monthly cost","Fridge-Freezer is classified as Needs attention. It is 161.8% above the REFIT similar-appliance average, with 1960 detected events and 25.7% peak-hour activity.",0.4565,0.6746,0.2821,0.6378,"Matched because this appliance is needs attention, above similar-house benchmark, peak-hour usage, frequent usage, higher monthly cost, and the option balances price, energy reduction, savings and payback."
10,Fridge-Freezer,Fridge-Freezer,fridge,Appliance4,2.1592,788.11,19.43,236.43,Bunnings,Timer Plug / Standby Saver,Arlec,24.0,75.0,1.88,713.11,17.56,210.69,1.37,0.9035,0.9048,0.9124,0.9461,0.9116,Control,Best Value,Useful for appliance groups and plug loads.,high,Consider Timer Plug / Standby Saver from Bunnings for Fridge-Freezer. Estimated saving: $17.56/month with about 713.1 kWh/year reduction.,fridge,0.8247209090909091,0.62875,7.422727272727273,95.5,161.8,Needs attention,"above similar-house benchmark, peak-hour usage, frequent usage, higher monthly cost","Fridge-Freezer is classified as Needs attention. It is 161.8% above the REFIT similar-appliance average, with 1960 detected events and 25.7% peak-hour activity.",0.4518,0.6645,0.2813,0.6301,"Matched because this appliance is needs attention, above similar-house benchmark, peak-hour usage, frequent usage, higher monthly cost, and the option balances price, energy reduction, savings and payback."
10,Fridge-Freezer,Fridge-Freezer,fridge,Appliance4,2.1592,788.11,19.43,236.43,JB Hi-Fi,Energy Monitoring Smart Plug,TP-Link Tapo,29.0,70.0,1.75,718.11,17.68,212.19,1.64,0.9099,0.9112,0.8961,0.936,0.9121,Monitoring,Overall,Adds monitoring so recommendations can be updated later.,high,Consider Energy Monitoring Smart Plug from JB Hi-Fi for Fridge-Freezer. Estimated saving: $17.68/month with about 718.1 kWh/year reduction.,fridge,0.8247209090909091,0.62875,7.422727272727273,95.5,161.8,Needs attention,"above similar-house benchmark, peak-hour usage, frequent usage, higher monthly cost","Fridge-Freezer is classified as Needs attention. It is 161.8% above the REFIT similar-appliance average, with 1960 detected events and 25.7% peak-hour activity.",0.4472,0.6547,0.2807,0.6229,"Matched because this appliance is needs attention, above similar-house benchmark, peak-hour usage, frequent usage, higher monthly cost, and the option balances price, energy reduction, savings and payback."
10,Fridge-Freezer,Fridge-Freezer,fridge,Appliance4,2.1592,788.11,19.43,236.43,JB Hi-Fi,Compact Efficient Fridge,CHiQ,449.0,285.0,7.12,503.11,12.31,147.69,36.48,0.6334,0.6384,0.3577,0.3968,0.558,Standard,Cheapest,Lower upfront price for smaller households.,high,Consider Compact Efficient Fridge from JB Hi-Fi for Fridge-Freezer. Estimated saving: $12.31/month with about 503.1 kWh/year reduction.,fridge,0.8247209090909091,0.62875,7.422727272727273,95.5,161.8,Needs attention,"above similar-house benchmark, peak-hour usage, frequent usage, higher monthly cost","Fridge-Freezer is classified as Needs attention. It is 161.8% above the REFIT similar-appliance average, with 1960 detected events and 25.7% peak-hour activity.",0.249,0.2724,0.2136,0.2663,"Matched because this appliance is needs attention, above similar-house benchmark, peak-hour usage, frequent usage, higher monthly cost, and the option balances price, energy reduction, savings and payback."
10,Fridge-Freezer,Fridge-Freezer,fridge,Appliance4,2.1592,788.11,19.43,236.43,The Good Guys,Energy Efficient Fridge-Freezer,Hisense,699.0,260.0,6.5,528.11,12.93,155.19,54.05,0.6655,0.6701,0.2634,0.3075,0.5529,High,Best Value,Balanced replacement for continuous loads.,high,Consider Energy Efficient Fridge-Freezer from The Good Guys for Fridge-Freezer. Estimated saving: $12.93/month with about 528.1 kWh/year reduction.,fridge,0.8247209090909091,0.62875,7.422727272727273,95.5,161.8,Needs attention,"above similar-house benchmark, peak-hour usage, frequent usage, higher monthly cost","Fridge-Freezer is classified as Needs attention. It is 161.8% above the REFIT similar-appliance average, with 1960 detected events and 25.7% peak-hour activity.",0.2179,0.2082,0.2061,0.2082,"Matched because this appliance is needs attention, above similar-house benchmark, peak-hour usage, frequent usage, higher monthly cost, and the option balances price, energy reduction, savings and payback."
10,Fridge-Freezer,Fridge-Freezer,fridge,Appliance4,2.1592,788.11,19.43,236.43,Harvey Norman,Inverter Fridge-Freezer,Samsung,999.0,220.0,5.5,568.11,13.93,167.19,71.7,0.717,0.7209,0.2002,0.2508,0.5707,Premium,Energy Wise,Inverter compressor suited to always-on refrigeration.,high,Consider Inverter Fridge-Freezer from Harvey Norman for Fridge-Freezer. Estimated saving: $13.93/month with about 568.1 kWh/year reduction.,fridge,0.8247209090909091,0.62875,7.422727272727273,95.5,161.8,Needs attention,"above similar-house benchmark, peak-hour usage, frequent usage, higher monthly cost","Fridge-Freezer is classified as Needs attention. It is 161.8% above the REFIT similar-appliance average, with 1960 detected events and 25.7% peak-hour activity.",0.1985,0.1666,0.2029,0.1715,"Matched because this appliance is needs attention, above similar-house benchmark, peak-hour usage, frequent usage, higher monthly cost, and the option balances price, energy reduction, savings and payback."
10,Kenwood KMix,Kenwood KMix,generic,Appliance9,2.9401,1073.14,26.46,321.94,Kmart,Smart Plug With Timer,Generic,19.0,80.0,2.0,993.14,24.46,293.53,0.78,0.9244,0.9255,0.9294,0.9687,0.9321,Control,Cheapest,Low-cost way to reduce standby and schedule usage.,high,Consider Smart Plug With Timer from Kmart for Kenwood KMix. Estimated saving: $24.46/month with about 993.1 kWh/year reduction.,generic,3.5444526086956527,1.83936,31.899565217391302,65.2,-17.1,Average,peak-hour usage,"Kenwood KMix is classified as Average. It is 17.1% below the REFIT similar-appliance average, with 247 detected events and 25.7% peak-hour activity.",0.4408,0.6846,0.2552,0.6519,"Matched because this appliance is average, peak-hour usage, and the option balances price, energy reduction, savings and payback."
10,Kenwood KMix,Kenwood KMix,generic,Appliance9,2.9401,1073.14,26.46,321.94,Bunnings,Timer Plug / Standby Saver,Arlec,24.0,75.0,1.88,998.14,24.59,295.03,0.98,0.9291,0.9301,0.9124,0.9609,0.9317,Control,Best Value,Useful for appliance groups and plug loads.,high,Consider Timer Plug / Standby Saver from Bunnings for Kenwood KMix. Estimated saving: $24.59/month with about 998.1 kWh/year reduction.,generic,3.5444526086956527,1.83936,31.899565217391302,65.2,-17.1,Average,peak-hour usage,"Kenwood KMix is classified as Average. It is 17.1% below the REFIT similar-appliance average, with 247 detected events and 25.7% peak-hour activity.",0.4364,0.6751,0.2548,0.6457,"Matched because this appliance is average, peak-hour usage, and the option balances price, energy reduction, savings and payback."
10,Kenwood KMix,Kenwood KMix,generic,Appliance9,2.9401,1073.14,26.46,321.94,JB Hi-Fi,Energy Monitoring Smart Plug,TP-Link Tapo,29.0,70.0,1.75,1003.14,24.71,296.53,1.17,0.9339,0.9348,0.8961,0.9534,0.9314,Monitoring,Overall,Adds monitoring so recommendations can be updated later.,high,Consider Energy Monitoring Smart Plug from JB Hi-Fi for Kenwood KMix. Estimated saving: $24.71/month with about 1003.1 kWh/year reduction.,generic,3.5444526086956527,1.83936,31.899565217391302,65.2,-17.1,Average,peak-hour usage,"Kenwood KMix is classified as Average. It is 17.1% below the REFIT similar-appliance average, with 247 detected events and 25.7% peak-hour activity.",0.4323,0.6661,0.2543,0.6397,"Matched because this appliance is average, peak-hour usage, and the option balances price, energy reduction, savings and payback."
10,Magimix Blender,Magimix Blender,generic,Appliance1,3.25369,1187.6,29.28,356.28,Kmart,Smart Plug With Timer,Generic,19.0,80.0,2.0,1107.6,27.28,327.4,0.7,0.9317,0.9326,0.9294,0.9718,0.9376,Control,Cheapest,Low-cost way to reduce standby and schedule usage.,high,Consider Smart Plug With Timer from Kmart for Magimix Blender. Estimated saving: $27.28/month with about 1107.6 kWh/year reduction.,generic,3.5444526086956527,1.83936,31.899565217391302,69.6,-8.2,Average,normal usage pattern,"Magimix Blender is classified as Average. It is 8.2% below the REFIT similar-appliance average, with 146 detected events and 21.2% peak-hour activity.",0.4508,0.6881,0.2691,0.6568,"Matched because this appliance is average, normal usage pattern, and the option balances price, energy reduction, savings and payback."
10,Magimix Blender,Magimix Blender,generic,Appliance1,3.25369,1187.6,29.28,356.28,Bunnings,Timer Plug / Standby Saver,Arlec,24.0,75.0,1.88,1112.6,27.41,328.9,0.88,0.936,0.9368,0.9124,0.9648,0.937,Control,Best Value,Useful for appliance groups and plug loads.,high,Consider Timer Plug / Standby Saver from Bunnings for Magimix Blender. Estimated saving: $27.41/month with about 1112.6 kWh/year reduction.,generic,3.5444526086956527,1.83936,31.899565217391302,69.6,-8.2,Average,normal usage pattern,"Magimix Blender is classified as Average. It is 8.2% below the REFIT similar-appliance average, with 146 detected events and 21.2% peak-hour activity.",0.4465,0.6789,0.2687,0.6508,"Matched because this appliance is average, normal usage pattern, and the option balances price, energy reduction, savings and payback."
10,Magimix Blender,Magimix Blender,generic,Appliance1,3.25369,1187.6,29.28,356.28,JB Hi-Fi,Energy Monitoring Smart Plug,TP-Link Tapo,29.0,70.0,1.75,1117.6,27.53,330.4,1.05,0.9402,0.9411,0.8961,0.958,0.9365,Monitoring,Overall,Adds monitoring so recommendations can be updated later.,high,Consider Energy Monitoring Smart Plug from JB Hi-Fi for Magimix Blender. Estimated saving: $27.53/month with about 1117.6 kWh/year reduction.,generic,3.5444526086956527,1.83936,31.899565217391302,69.6,-8.2,Average,normal usage pattern,"Magimix Blender is classified as Average. It is 8.2% below the REFIT similar-appliance average, with 146 detected events and 21.2% peak-hour activity.",0.4425,0.67,0.2684,0.6453,"Matched because this appliance is average, normal usage pattern, and the option balances price, energy reduction, savings and payback."
10,Microwave,Microwave,microwave,Appliance8,4.80382,1753.39,43.23,526.02,Kmart,Smart Plug With Timer,Generic,19.0,80.0,2.0,1673.39,41.23,494.81,0.46,0.9537,0.9544,0.9294,0.9812,0.9544,Control,Cheapest,Low-cost way to reduce standby and schedule usage.,high,Consider Smart Plug With Timer from Kmart for Microwave. Estimated saving: $41.23/month with about 1673.4 kWh/year reduction.,microwave,1.693406875,0.12358,15.23875,93.8,183.7,Needs attention,"above similar-house benchmark, frequent usage, higher monthly cost","Microwave is classified as Needs attention. It is 183.7% above the REFIT similar-appliance average, with 1478 detected events and 24.2% peak-hour activity.",0.5017,0.7043,0.3409,0.6776,"Matched because this appliance is needs attention, above similar-house benchmark, frequent usage, higher monthly cost, and the option balances price, energy reduction, savings and payback."
10,Microwave,Microwave,microwave,Appliance8,4.80382,1753.39,43.23,526.02,Bunnings,Timer Plug / Standby Saver,Arlec,24.0,75.0,1.88,1678.39,41.36,496.31,0.58,0.9566,0.9572,0.9124,0.9764,0.9531,Control,Best Value,Useful for appliance groups and plug loads.,high,Consider Timer Plug / Standby Saver from Bunnings for Microwave. Estimated saving: $41.36/month with about 1678.4 kWh/year reduction.,microwave,1.693406875,0.12358,15.23875,93.8,183.7,Needs attention,"above similar-house benchmark, frequent usage, higher monthly cost","Microwave is classified as Needs attention. It is 183.7% above the REFIT similar-appliance average, with 1478 detected events and 24.2% peak-hour activity.",0.4978,0.6956,0.3407,0.6728,"Matched because this appliance is needs attention, above similar-house benchmark, frequent usage, higher monthly cost, and the option balances price, energy reduction, savings and payback."
10,Microwave,Microwave,microwave,Appliance8,4.80382,1753.39,43.23,526.02,JB Hi-Fi,Energy Monitoring Smart Plug,TP-Link Tapo,29.0,70.0,1.75,1683.39,41.48,497.81,0.7,0.9595,0.9601,0.8961,0.9717,0.952,Monitoring,Overall,Adds monitoring so recommendations can be updated later.,high,Consider Energy Monitoring Smart Plug from JB Hi-Fi for Microwave. Estimated saving: $41.48/month with about 1683.4 kWh/year reduction.,microwave,1.693406875,0.12358,15.23875,93.8,183.7,Needs attention,"above similar-house benchmark, frequent usage, higher monthly cost","Microwave is classified as Needs attention. It is 183.7% above the REFIT similar-appliance average, with 1478 detected events and 24.2% peak-hour activity.",0.4941,0.6872,0.3406,0.6682,"Matched because this appliance is needs attention, above similar-house benchmark, frequent usage, higher monthly cost, and the option balances price, energy reduction, savings and payback."
10,Microwave,Microwave,microwave,Appliance8,4.80382,1753.39,43.23,526.02,Kmart,Compact Microwave,Anko,99.0,96.0,2.4,1657.39,40.83,490.01,2.42,0.9445,0.9452,0.7163,0.9083,0.9051,Standard,Cheapest,Lowest upfront price.,high,Consider Compact Microwave from Kmart for Microwave. Estimated saving: $40.83/month with about 1657.4 kWh/year reduction.,microwave,1.693406875,0.12358,15.23875,93.8,183.7,Needs attention,"above similar-house benchmark, frequent usage, higher monthly cost","Microwave is classified as Needs attention. It is 183.7% above the REFIT similar-appliance average, with 1478 detected events and 24.2% peak-hour activity.",0.4475,0.5899,0.3326,0.6088,"Matched because this appliance is needs attention, above similar-house benchmark, frequent usage, higher monthly cost, and the option balances price, energy reduction, savings and payback."
10,Microwave,Microwave,microwave,Appliance8,4.80382,1753.39,43.23,526.02,The Good Guys,900W Efficient Microwave,LG,179.0,82.0,2.05,1671.39,41.18,494.21,4.35,0.9526,0.9532,0.5828,0.8467,0.8814,High,Best Value,Good balance of price and energy use.,high,Consider 900W Efficient Microwave from The Good Guys for Microwave. Estimated saving: $41.18/month with about 1671.4 kWh/year reduction.,microwave,1.693406875,0.12358,15.23875,93.8,183.7,Needs attention,"above similar-house benchmark, frequent usage, higher monthly cost","Microwave is classified as Needs attention. It is 183.7% above the REFIT similar-appliance average, with 1478 detected events and 24.2% peak-hour activity.",0.4121,0.5147,0.3273,0.5583,"Matched because this appliance is needs attention, above similar-house benchmark, frequent usage, higher monthly cost, and the option balances price, energy reduction, savings and payback."
10,Microwave,Microwave,microwave,Appliance8,4.80382,1753.39,43.23,526.02,JB Hi-Fi,Compact Inverter Microwave,Panasonic,219.0,76.0,1.9,1677.39,41.33,496.01,5.3,0.9561,0.9567,0.533,0.8192,0.8722,Premium,Energy Wise,Inverter control is suitable for repeated cooking events.,high,Consider Compact Inverter Microwave from JB Hi-Fi for Microwave. Estimated saving: $41.33/month with about 1677.4 kWh/year reduction.,microwave,1.693406875,0.12358,15.23875,93.8,183.7,Needs attention,"above similar-house benchmark, frequent usage, higher monthly cost","Microwave is classified as Needs attention. It is 183.7% above the REFIT similar-appliance average, with 1478 detected events and 24.2% peak-hour activity.",0.3983,0.4856,0.3249,0.5373,"Matched because this appliance is needs attention, above similar-house benchmark, frequent usage, higher monthly cost, and the option balances price, energy reduction, savings and payback."
10,Television Site,Television Site,television,Appliance7,1.15591,421.91,10.4,126.57,Kmart,Smart Plug With Timer,Generic,19.0,80.0,2.0,341.91,8.4,100.84,2.26,0.8078,0.8104,0.9294,0.9139,0.8427,Control,Cheapest,Low-cost way to reduce standby and schedule usage.,high,Consider Smart Plug With Timer from Kmart for Television Site. Estimated saving: $8.40/month with about 341.9 kWh/year reduction.,television,0.64669,0.36083,5.819047619047619,85.7,78.7,Needs attention,"above similar-house benchmark, peak-hour usage, higher monthly cost","Television Site is classified as Needs attention. It is 78.7% above the REFIT similar-appliance average, with 2994 detected events and 57.4% peak-hour activity.",0.4239,0.655,0.2408,0.6061,"Matched because this appliance is needs attention, above similar-house benchmark, peak-hour usage, higher monthly cost, and the option balances price, energy reduction, savings and payback."
10,Television Site,Television Site,television,Appliance7,1.15591,421.91,10.4,126.57,Kmart,Standby Saver Powerboard,Generic,19.0,120.0,3.0,301.91,7.4,88.84,2.57,0.7116,0.7156,0.9294,0.9034,0.7742,Control,Cheapest,Useful where TV site has multiple standby devices.,high,Consider Standby Saver Powerboard from Kmart for Television Site. Estimated saving: $7.40/month with about 301.9 kWh/year reduction.,television,0.64669,0.36083,5.819047619047619,85.7,78.7,Needs attention,"above similar-house benchmark, peak-hour usage, higher monthly cost","Television Site is classified as Needs attention. It is 78.7% above the REFIT similar-appliance average, with 2994 detected events and 57.4% peak-hour activity.",0.4205,0.6514,0.2373,0.5996,"Matched because this appliance is needs attention, above similar-house benchmark, peak-hour usage, higher monthly cost, and the option balances price, energy reduction, savings and payback."
10,Television Site,Television Site,television,Appliance7,1.15591,421.91,10.4,126.57,Bunnings,Timer Plug / Standby Saver,Arlec,24.0,75.0,1.88,346.91,8.53,102.34,2.81,0.8198,0.8222,0.9124,0.895,0.8457,Control,Best Value,Useful for appliance groups and plug loads.,high,Consider Timer Plug / Standby Saver from Bunnings for Television Site. Estimated saving: $8.53/month with about 346.9 kWh/year reduction.,television,0.64669,0.36083,5.819047619047619,85.7,78.7,Needs attention,"above similar-house benchmark, peak-hour usage, higher monthly cost","Television Site is classified as Needs attention. It is 78.7% above the REFIT similar-appliance average, with 2994 detected events and 57.4% peak-hour activity.",0.418,0.6428,0.2392,0.5943,"Matched because this appliance is needs attention, above similar-house benchmark, peak-hour usage, higher monthly cost, and the option balances price, energy reduction, savings and payback."
10,Television Site,Television Site,television,Appliance7,1.15591,421.91,10.4,126.57,JB Hi-Fi,Energy Monitoring Smart Plug,TP-Link Tapo,29.0,70.0,1.75,351.91,8.65,103.84,3.35,0.8318,0.8341,0.8961,0.8775,0.849,Monitoring,Overall,Adds monitoring so recommendations can be updated later.,high,Consider Energy Monitoring Smart Plug from JB Hi-Fi for Television Site. Estimated saving: $8.65/month with about 351.9 kWh/year reduction.,television,0.64669,0.36083,5.819047619047619,85.7,78.7,Needs attention,"above similar-house benchmark, peak-hour usage, higher monthly cost","Television Site is classified as Needs attention. It is 78.7% above the REFIT similar-appliance average, with 2994 detected events and 57.4% peak-hour activity.",0.4123,0.6312,0.2378,0.5832,"Matched because this appliance is needs attention, above similar-house benchmark, peak-hour usage, higher monthly cost, and the option balances price, energy reduction, savings and payback."
10,Television Site,Television Site,television,Appliance7,1.15591,421.91,10.4,126.57,JB Hi-Fi,Energy Efficient LED TV,TCL,599.0,95.0,2.38,326.91,8.03,96.34,74.61,0.7717,0.7748,0.2945,0.2434,0.6218,High,Best Value,LED replacement for high TV-site consumption.,high,Consider Energy Efficient LED TV from JB Hi-Fi for Television Site. Estimated saving: $8.03/month with about 326.9 kWh/year reduction.,television,0.64669,0.36083,5.819047619047619,85.7,78.7,Needs attention,"above similar-house benchmark, peak-hour usage, higher monthly cost","Television Site is classified as Needs attention. It is 78.7% above the REFIT similar-appliance average, with 2994 detected events and 57.4% peak-hour activity.",0.1957,0.2013,0.1728,0.1751,"Matched because this appliance is needs attention, above similar-house benchmark, peak-hour usage, higher monthly cost, and the option balances price, energy reduction, savings and payback."
10,Television Site,Television Site,television,Appliance7,1.15591,421.91,10.4,126.57,The Good Guys,Low Energy QLED TV,Samsung,899.0,80.0,2.0,341.91,8.4,100.84,106.98,0.8078,0.8104,0.2176,0.1832,0.6263,Premium,Energy Wise,Lower annual kWh for heavy TV use.,high,Consider Low Energy QLED TV from The Good Guys for Television Site. Estimated saving: $8.40/month with about 341.9 kWh/year reduction.,television,0.64669,0.36083,5.819047619047619,85.7,78.7,Needs attention,"above similar-house benchmark, peak-hour usage, higher monthly cost","Television Site is classified as Needs attention. It is 78.7% above the REFIT similar-appliance average, with 2994 detected events and 57.4% peak-hour activity.",0.172,0.152,0.1677,0.134,"Matched because this appliance is needs attention, above similar-house benchmark, peak-hour usage, higher monthly cost, and the option balances price, energy reduction, savings and payback."
10,Washing Machine,Washing Machine,washing machine,Appliance5,1.83104,668.33,16.48,200.5,Kmart,Smart Plug With Timer,Generic,19.0,80.0,2.0,588.33,14.48,173.75,1.31,0.8786,0.8803,0.9294,0.9482,0.8972,Control,Cheapest,Low-cost way to reduce standby and schedule usage.,high,Consider Smart Plug With Timer from Kmart for Washing Machine. Estimated saving: $14.48/month with about 588.3 kWh/year reduction.,washing machine,1.958721081081081,1.22083,17.62810810810811,73.0,-6.5,Average,"peak-hour usage, frequent usage","Washing Machine is classified as Average. It is 6.5% below the REFIT similar-appliance average, with 38336 detected events and 32.1% peak-hour activity.",0.4274,0.6696,0.2402,0.6303,"Matched because this appliance is average, peak-hour usage, frequent usage, and the option balances price, energy reduction, savings and payback."
10,Washing Machine,Washing Machine,washing machine,Appliance5,1.83104,668.33,16.48,200.5,Bunnings,Timer Plug / Standby Saver,Arlec,24.0,75.0,1.88,593.33,14.6,175.25,1.64,0.8862,0.8878,0.9124,0.9359,0.8981,Control,Best Value,Useful for appliance groups and plug loads.,high,Consider Timer Plug / Standby Saver from Bunnings for Washing Machine. Estimated saving: $14.60/month with about 593.3 kWh/year reduction.,washing machine,1.958721081081081,1.22083,17.62810810810811,73.0,-6.5,Average,"peak-hour usage, frequent usage","Washing Machine is classified as Average. It is 6.5% below the REFIT similar-appliance average, with 38336 detected events and 32.1% peak-hour activity.",0.4224,0.6591,0.2393,0.6218,"Matched because this appliance is average, peak-hour usage, frequent usage, and the option balances price, energy reduction, savings and payback."
10,Washing Machine,Washing Machine,washing machine,Appliance5,1.83104,668.33,16.48,200.5,JB Hi-Fi,Energy Monitoring Smart Plug,TP-Link Tapo,29.0,70.0,1.75,598.33,14.73,176.75,1.97,0.8938,0.8953,0.8961,0.9242,0.8991,Monitoring,Overall,Adds monitoring so recommendations can be updated later.,high,Consider Energy Monitoring Smart Plug from JB Hi-Fi for Washing Machine. Estimated saving: $14.73/month with about 598.3 kWh/year reduction.,washing machine,1.958721081081081,1.22083,17.62810810810811,73.0,-6.5,Average,"peak-hour usage, frequent usage","Washing Machine is classified as Average. It is 6.5% below the REFIT similar-appliance average, with 38336 detected events and 32.1% peak-hour activity.",0.4176,0.6489,0.2384,0.6135,"Matched because this appliance is average, peak-hour usage, frequent usage, and the option balances price, energy reduction, savings and payback."
10,Washing Machine,Washing Machine,washing machine,Appliance5,1.83104,668.33,16.48,200.5,Big W,Laundry Smart Timer Plug,Generic,29.0,180.0,4.5,488.33,11.98,143.75,2.42,0.7269,0.7307,0.8961,0.9084,0.7806,Control,Cheapest,Low-cost option to shift laundry away from peak hours.,high,Consider Laundry Smart Timer Plug from Big W for Washing Machine. Estimated saving: $11.98/month with about 488.3 kWh/year reduction.,washing machine,1.958721081081081,1.22083,17.62810810810811,73.0,-6.5,Average,"peak-hour usage, frequent usage","Washing Machine is classified as Average. It is 6.5% below the REFIT similar-appliance average, with 38336 detected events and 32.1% peak-hour activity.",0.4103,0.6422,0.2301,0.6025,"Matched because this appliance is average, peak-hour usage, frequent usage, and the option balances price, energy reduction, savings and payback."
10,Washing Machine,Washing Machine,washing machine,Appliance5,1.83104,668.33,16.48,200.5,JB Hi-Fi,Inverter Front Loader,LG,799.0,145.0,3.62,523.33,12.85,154.25,62.16,0.78,0.783,0.2383,0.2786,0.6245,High,Best Value,Good value inverter option for repeated laundry use.,high,Consider Inverter Front Loader from JB Hi-Fi for Washing Machine. Estimated saving: $12.85/month with about 523.3 kWh/year reduction.,washing machine,1.958721081081081,1.22083,17.62810810810811,73.0,-6.5,Average,"peak-hour usage, frequent usage","Washing Machine is classified as Average. It is 6.5% below the REFIT similar-appliance average, with 38336 detected events and 32.1% peak-hour activity.",0.1858,0.1896,0.1692,0.1899,"Matched because this appliance is average, peak-hour usage, frequent usage, and the option balances price, energy reduction, savings and payback."
10,Washing Machine,Washing Machine,washing machine,Appliance5,1.83104,668.33,16.48,200.5,The Good Guys,Front Load Washing Machine,Bosch,849.0,135.0,3.38,533.33,13.1,157.25,64.79,0.7952,0.798,0.2275,0.2703,0.6321,Premium,Energy Wise,Front loaders are suited to lower water and energy use.,high,Consider Front Load Washing Machine from The Good Guys for Washing Machine. Estimated saving: $13.10/month with about 533.3 kWh/year reduction.,washing machine,1.958721081081081,1.22083,17.62810810810811,73.0,-6.5,Average,"peak-hour usage, frequent usage","Washing Machine is classified as Average. It is 6.5% below the REFIT similar-appliance average, with 38336 detected events and 32.1% peak-hour activity.",0.1829,0.1829,0.169,0.1844,"Matched because this appliance is average, peak-hour usage, frequent usage, and the option balances price, energy reduction, savings and payback."
11,Computer Site,Computer Site,computer,Appliance5,0.10186,37.18,0.92,11.15,Kmart,Smart Plug With Timer,Generic,19.0,80.0,2.0,0.0,0.0,0.0,,0.0,0.0,0.9294,0.0,0.1394,Control,Cheapest,Low-cost way to reduce standby and schedule usage.,low,Consider Smart Plug With Timer from Kmart for Computer Site. Estimated saving: $0.00/month with about 0.0 kWh/year reduction.,computer,0.41818333333333335,0.179285,3.763888888888889,33.3,-75.6,Average,peak-hour usage,"Computer Site is classified as Average. It is 75.6% below the REFIT similar-appliance average, with 288 detected events and 25.2% peak-hour activity.",0.262,0.4896,0.0785,0.2823,"Matched because this appliance is average, peak-hour usage, and the option balances price, energy reduction, savings and payback."
11,Computer Site,Computer Site,computer,Appliance5,0.10186,37.18,0.92,11.15,Bunnings,Timer Plug / Standby Saver,Arlec,24.0,75.0,1.88,0.0,0.0,0.0,,0.0,0.0,0.9124,0.0,0.1369,Control,Best Value,Useful for appliance groups and plug loads.,low,Consider Timer Plug / Standby Saver from Bunnings for Computer Site. Estimated saving: $0.00/month with about 0.0 kWh/year reduction.,computer,0.41818333333333335,0.179285,3.763888888888889,33.3,-75.6,Average,peak-hour usage,"Computer Site is classified as Average. It is 75.6% below the REFIT similar-appliance average, with 288 detected events and 25.2% peak-hour activity.",0.2586,0.482,0.0785,0.2797,"Matched because this appliance is average, peak-hour usage, and the option balances price, energy reduction, savings and payback."
11,Computer Site,Computer Site,computer,Appliance5,0.10186,37.18,0.92,11.15,JB Hi-Fi,Energy Monitoring Smart Plug,TP-Link Tapo,29.0,70.0,1.75,0.0,0.0,0.0,,0.0,0.0,0.8961,0.0,0.1344,Monitoring,Overall,Adds monitoring so recommendations can be updated later.,low,Consider Energy Monitoring Smart Plug from JB Hi-Fi for Computer Site. Estimated saving: $0.00/month with about 0.0 kWh/year reduction.,computer,0.41818333333333335,0.179285,3.763888888888889,33.3,-75.6,Average,peak-hour usage,"Computer Site is classified as Average. It is 75.6% below the REFIT similar-appliance average, with 288 detected events and 25.2% peak-hour activity.",0.2554,0.4747,0.0785,0.2773,"Matched because this appliance is average, peak-hour usage, and the option balances price, energy reduction, savings and payback."
11,Computer Site,Computer Site,computer,Appliance5,0.10186,37.18,0.92,11.15,Officeworks,Smart Standby Powerboard,Jackson,39.0,135.0,3.38,0.0,0.0,0.0,,0.0,0.0,0.8651,0.0,0.1298,Control,Best Value,"Reduces standby waste from monitors, printers and routers.",low,Consider Smart Standby Powerboard from Officeworks for Computer Site. Estimated saving: $0.00/month with about 0.0 kWh/year reduction.,computer,0.41818333333333335,0.179285,3.763888888888889,33.3,-75.6,Average,peak-hour usage,"Computer Site is classified as Average. It is 75.6% below the REFIT similar-appliance average, with 288 detected events and 25.2% peak-hour activity.",0.2492,0.4607,0.0785,0.2726,"Matched because this appliance is average, peak-hour usage, and the option balances price, energy reduction, savings and payback."
11,Computer Site,Computer Site,computer,Appliance5,0.10186,37.18,0.92,11.15,JB Hi-Fi,Energy Efficient Mini PC Setup,Generic,699.0,105.0,2.62,0.0,0.0,0.0,,0.0,0.0,0.2634,0.0,0.0395,High,Energy Wise,Lower-power option for desktop computer sites.,low,Consider Energy Efficient Mini PC Setup from JB Hi-Fi for Computer Site. Estimated saving: $0.00/month with about 0.0 kWh/year reduction.,computer,0.41818333333333335,0.179285,3.763888888888889,33.3,-75.6,Average,peak-hour usage,"Computer Site is classified as Average. It is 75.6% below the REFIT similar-appliance average, with 288 detected events and 25.2% peak-hour activity.",0.1288,0.19,0.0785,0.1824,"Matched because this appliance is average, peak-hour usage, and the option balances price, energy reduction, savings and payback."
11,Dishwasher,Dishwasher,washing machine,Appliance4,1.75124,639.2,15.76,191.76,Kmart,Smart Plug With Timer,Generic,19.0,80.0,2.0,559.2,13.76,165.13,1.38,0.8731,0.8748,0.9294,0.9456,0.8929,Control,Cheapest,Low-cost way to reduce standby and schedule usage.,high,Consider Smart Plug With Timer from Kmart for Dishwasher. Estimated saving: $13.76/month with about 559.2 kWh/year reduction.,washing machine,1.958721081081081,1.22083,17.62810810810811,70.3,-10.6,Average,peak-hour usage,"Dishwasher is classified as Average. It is 10.6% below the REFIT similar-appliance average, with 45 detected events and 26.4% peak-hour activity.",0.423,0.6683,0.2341,0.6281,"Matched because this appliance is average, peak-hour usage, and the option balances price, energy reduction, savings and payback."
11,Dishwasher,Dishwasher,washing machine,Appliance4,1.75124,639.2,15.76,191.76,Bunnings,Timer Plug / Standby Saver,Arlec,24.0,75.0,1.88,564.2,13.89,166.63,1.73,0.881,0.8827,0.9124,0.9328,0.894,Control,Best Value,Useful for appliance groups and plug loads.,high,Consider Timer Plug / Standby Saver from Bunnings for Dishwasher. Estimated saving: $13.89/month with about 564.2 kWh/year reduction.,washing machine,1.958721081081081,1.22083,17.62810810810811,70.3,-10.6,Average,peak-hour usage,"Dishwasher is classified as Average. It is 10.6% below the REFIT similar-appliance average, with 45 detected events and 26.4% peak-hour activity.",0.4179,0.6575,0.2331,0.6193,"Matched because this appliance is average, peak-hour usage, and the option balances price, energy reduction, savings and payback."
11,Dishwasher,Dishwasher,washing machine,Appliance4,1.75124,639.2,15.76,191.76,JB Hi-Fi,Energy Monitoring Smart Plug,TP-Link Tapo,29.0,70.0,1.75,569.2,14.01,168.13,2.07,0.889,0.8905,0.8961,0.9206,0.8952,Monitoring,Overall,Adds monitoring so recommendations can be updated later.,high,Consider Energy Monitoring Smart Plug from JB Hi-Fi for Dishwasher. Estimated saving: $14.01/month with about 569.2 kWh/year reduction.,washing machine,1.958721081081081,1.22083,17.62810810810811,70.3,-10.6,Average,peak-hour usage,"Dishwasher is classified as Average. It is 10.6% below the REFIT similar-appliance average, with 45 detected events and 26.4% peak-hour activity.",0.413,0.6473,0.2322,0.6109,"Matched because this appliance is average, peak-hour usage, and the option balances price, energy reduction, savings and payback."
11,Dishwasher,Dishwasher,washing machine,Appliance4,1.75124,639.2,15.76,191.76,Big W,Laundry Smart Timer Plug,Generic,29.0,180.0,4.5,459.2,11.26,135.13,2.58,0.7145,0.7184,0.8961,0.9031,0.7712,Control,Cheapest,Low-cost option to shift laundry away from peak hours.,high,Consider Laundry Smart Timer Plug from Big W for Dishwasher. Estimated saving: $11.26/month with about 459.2 kWh/year reduction.,washing machine,1.958721081081081,1.22083,17.62810810810811,70.3,-10.6,Average,peak-hour usage,"Dishwasher is classified as Average. It is 10.6% below the REFIT similar-appliance average, with 45 detected events and 26.4% peak-hour activity.",0.4054,0.6401,0.2237,0.5989,"Matched because this appliance is average, peak-hour usage, and the option balances price, energy reduction, savings and payback."
11,Dishwasher,Dishwasher,washing machine,Appliance4,1.75124,639.2,15.76,191.76,JB Hi-Fi,Inverter Front Loader,LG,799.0,145.0,3.62,494.2,12.14,145.63,65.84,0.77,0.7732,0.2383,0.2672,0.6158,High,Best Value,Good value inverter option for repeated laundry use.,high,Consider Inverter Front Loader from JB Hi-Fi for Dishwasher. Estimated saving: $12.14/month with about 494.2 kWh/year reduction.,washing machine,1.958721081081081,1.22083,17.62810810810811,70.3,-10.6,Average,peak-hour usage,"Dishwasher is classified as Average. It is 10.6% below the REFIT similar-appliance average, with 45 detected events and 26.4% peak-hour activity.",0.1801,0.1861,0.1623,0.1834,"Matched because this appliance is average, peak-hour usage, and the option balances price, energy reduction, savings and payback."
11,Dishwasher,Dishwasher,washing machine,Appliance4,1.75124,639.2,15.76,191.76,The Good Guys,Front Load Washing Machine,Bosch,849.0,135.0,3.38,504.2,12.39,148.63,68.54,0.7859,0.7888,0.2275,0.2593,0.624,Premium,Energy Wise,Front loaders are suited to lower water and energy use.,high,Consider Front Load Washing Machine from The Good Guys for Dishwasher. Estimated saving: $12.39/month with about 504.2 kWh/year reduction.,washing machine,1.958721081081081,1.22083,17.62810810810811,70.3,-10.6,Average,peak-hour usage,"Dishwasher is classified as Average. It is 10.6% below the REFIT similar-appliance average, with 45 detected events and 26.4% peak-hour activity.",0.1772,0.1795,0.1621,0.1781,"Matched because this appliance is average, peak-hour usage, and the option balances price, energy reduction, savings and payback."
11,Fridge,Fridge,fridge,Appliance1,0.43097,157.3,3.88,47.19,Kmart,Smart Plug With Timer,Generic,19.0,80.0,2.0,77.3,1.88,22.54,10.11,0.4844,0.4914,0.9294,0.7035,0.5861,Control,Cheapest,Low-cost way to reduce standby and schedule usage.,high,Consider Smart Plug With Timer from Kmart for Fridge. Estimated saving: $1.88/month with about 77.3 kWh/year reduction.,fridge,0.8247209090909091,0.62875,7.422727272727273,31.8,-47.7,Average,peak-hour usage,"Fridge is classified as Average. It is 47.7% below the REFIT similar-appliance average, with 246 detected events and 25.8% peak-hour activity.",0.3266,0.596,0.1228,0.4934,"Matched because this appliance is average, peak-hour usage, and the option balances price, energy reduction, savings and payback."
11,Fridge,Fridge,fridge,Appliance1,0.43097,157.3,3.88,47.19,Bunnings,Timer Plug / Standby Saver,Arlec,24.0,75.0,1.88,82.3,2.0,24.04,11.98,0.5166,0.5232,0.9124,0.6671,0.6005,Control,Best Value,Useful for appliance groups and plug loads.,high,Consider Timer Plug / Standby Saver from Bunnings for Fridge. Estimated saving: $2.00/month with about 82.3 kWh/year reduction.,fridge,0.8247209090909091,0.62875,7.422727272727273,31.8,-47.7,Average,peak-hour usage,"Fridge is classified as Average. It is 47.7% below the REFIT similar-appliance average, with 246 detected events and 25.8% peak-hour activity.",0.318,0.5793,0.1194,0.4727,"Matched because this appliance is average, peak-hour usage, and the option balances price, energy reduction, savings and payback."
11,Fridge,Fridge,fridge,Appliance1,0.43097,157.3,3.88,47.19,JB Hi-Fi,Energy Monitoring Smart Plug,TP-Link Tapo,29.0,70.0,1.75,87.3,2.13,25.54,13.62,0.5488,0.555,0.8961,0.6379,0.6161,Monitoring,Overall,Adds monitoring so recommendations can be updated later.,high,Consider Energy Monitoring Smart Plug from JB Hi-Fi for Fridge. Estimated saving: $2.13/month with about 87.3 kWh/year reduction.,fridge,0.8247209090909091,0.62875,7.422727272727273,31.8,-47.7,Average,peak-hour usage,"Fridge is classified as Average. It is 47.7% below the REFIT similar-appliance average, with 246 detected events and 25.8% peak-hour activity.",0.3106,0.5648,0.1168,0.4559,"Matched because this appliance is average, peak-hour usage, and the option balances price, energy reduction, savings and payback."
11,Fridge,Fridge,fridge,Appliance1,0.43097,157.3,3.88,47.19,JB Hi-Fi,Compact Efficient Fridge,CHiQ,449.0,285.0,7.12,0.0,0.0,0.0,,0.0,0.0,0.3577,0.0,0.0536,Standard,Cheapest,Lower upfront price for smaller households.,low,Consider Compact Efficient Fridge from JB Hi-Fi for Fridge. Estimated saving: $0.00/month with about 0.0 kWh/year reduction.,fridge,0.8247209090909091,0.62875,7.422727272727273,31.8,-47.7,Average,peak-hour usage,"Fridge is classified as Average. It is 47.7% below the REFIT similar-appliance average, with 246 detected events and 25.8% peak-hour activity.",0.1462,0.2324,0.0763,0.1965,"Matched because this appliance is average, peak-hour usage, and the option balances price, energy reduction, savings and payback."
11,Fridge,Fridge,fridge,Appliance1,0.43097,157.3,3.88,47.19,The Good Guys,Energy Efficient Fridge-Freezer,Hisense,699.0,260.0,6.5,0.0,0.0,0.0,,0.0,0.0,0.2634,0.0,0.0395,High,Best Value,Balanced replacement for continuous loads.,low,Consider Energy Efficient Fridge-Freezer from The Good Guys for Fridge. Estimated saving: $0.00/month with about 0.0 kWh/year reduction.,fridge,0.8247209090909091,0.62875,7.422727272727273,31.8,-47.7,Average,peak-hour usage,"Fridge is classified as Average. It is 47.7% below the REFIT similar-appliance average, with 246 detected events and 25.8% peak-hour activity.",0.1273,0.19,0.0763,0.1824,"Matched because this appliance is average, peak-hour usage, and the option balances price, energy reduction, savings and payback."
11,Fridge,Fridge,fridge,Appliance1,0.43097,157.3,3.88,47.19,Harvey Norman,Inverter Fridge-Freezer,Samsung,999.0,220.0,5.5,0.0,0.0,0.0,,0.0,0.0,0.2002,0.0,0.03,Premium,Energy Wise,Inverter compressor suited to always-on refrigeration.,low,Consider Inverter Fridge-Freezer from Harvey Norman for Fridge. Estimated saving: $0.00/month with about 0.0 kWh/year reduction.,fridge,0.8247209090909091,0.62875,7.422727272727273,31.8,-47.7,Average,peak-hour usage,"Fridge is classified as Average. It is 47.7% below the REFIT similar-appliance average, with 246 detected events and 25.8% peak-hour activity.",0.1147,0.1615,0.0763,0.1729,"Matched because this appliance is average, peak-hour usage, and the option balances price, energy reduction, savings and payback."
11,Fridge-Freezer,Fridge-Freezer,fridge,Appliance2,0.59038,215.49,5.31,64.65,Kmart,Smart Plug With Timer,Generic,19.0,80.0,2.0,135.49,3.31,39.76,5.73,0.6236,0.6288,0.9294,0.8072,0.6985,Control,Cheapest,Low-cost way to reduce standby and schedule usage.,high,Consider Smart Plug With Timer from Kmart for Fridge-Freezer. Estimated saving: $3.31/month with about 135.5 kWh/year reduction.,fridge,0.8247209090909091,0.62875,7.422727272727273,50.0,-28.4,Average,peak-hour usage,"Fridge-Freezer is classified as Average. It is 28.4% below the REFIT similar-appliance average, with 295 detected events and 25.5% peak-hour activity.",0.363,0.6233,0.164,0.5469,"Matched because this appliance is average, peak-hour usage, and the option balances price, energy reduction, savings and payback."
11,Fridge-Freezer,Fridge-Freezer,fridge,Appliance2,0.59038,215.49,5.31,64.65,Bunnings,Timer Plug / Standby Saver,Arlec,24.0,75.0,1.88,140.49,3.44,41.26,6.98,0.6471,0.652,0.9124,0.7747,0.7075,Control,Best Value,Useful for appliance groups and plug loads.,high,Consider Timer Plug / Standby Saver from Bunnings for Fridge-Freezer. Estimated saving: $3.44/month with about 140.5 kWh/year reduction.,fridge,0.8247209090909091,0.62875,7.422727272727273,50.0,-28.4,Average,peak-hour usage,"Fridge-Freezer is classified as Average. It is 28.4% below the REFIT similar-appliance average, with 295 detected events and 25.5% peak-hour activity.",0.3549,0.6077,0.161,0.5282,"Matched because this appliance is average, peak-hour usage, and the option balances price, energy reduction, savings and payback."
11,Fridge-Freezer,Fridge-Freezer,fridge,Appliance2,0.59038,215.49,5.31,64.65,JB Hi-Fi,Energy Monitoring Smart Plug,TP-Link Tapo,29.0,70.0,1.75,145.49,3.56,42.76,8.14,0.6706,0.6752,0.8961,0.7468,0.7172,Monitoring,Overall,Adds monitoring so recommendations can be updated later.,high,Consider Energy Monitoring Smart Plug from JB Hi-Fi for Fridge-Freezer. Estimated saving: $3.56/month with about 145.5 kWh/year reduction.,fridge,0.8247209090909091,0.62875,7.422727272727273,50.0,-28.4,Average,peak-hour usage,"Fridge-Freezer is classified as Average. It is 28.4% below the REFIT similar-appliance average, with 295 detected events and 25.5% peak-hour activity.",0.3477,0.5934,0.1585,0.5119,"Matched because this appliance is average, peak-hour usage, and the option balances price, energy reduction, savings and payback."
11,Fridge-Freezer,Fridge-Freezer,fridge,Appliance2,0.59038,215.49,5.31,64.65,JB Hi-Fi,Compact Efficient Fridge,CHiQ,449.0,285.0,7.12,0.0,0.0,0.0,,0.0,0.0,0.3577,0.0,0.0536,Standard,Cheapest,Lower upfront price for smaller households.,low,Consider Compact Efficient Fridge from JB Hi-Fi for Fridge-Freezer. Estimated saving: $0.00/month with about 0.0 kWh/year reduction.,fridge,0.8247209090909091,0.62875,7.422727272727273,50.0,-28.4,Average,peak-hour usage,"Fridge-Freezer is classified as Average. It is 28.4% below the REFIT similar-appliance average, with 295 detected events and 25.5% peak-hour activity.",0.1644,0.2324,0.1036,0.1965,"Matched because this appliance is average, peak-hour usage, and the option balances price, energy reduction, savings and payback."
11,Fridge-Freezer,Fridge-Freezer,fridge,Appliance2,0.59038,215.49,5.31,64.65,The Good Guys,Energy Efficient Fridge-Freezer,Hisense,699.0,260.0,6.5,0.0,0.0,0.0,,0.0,0.0,0.2634,0.0,0.0395,High,Best Value,Balanced replacement for continuous loads.,low,Consider Energy Efficient Fridge-Freezer from The Good Guys for Fridge-Freezer. Estimated saving: $0.00/month with about 0.0 kWh/year reduction.,fridge,0.8247209090909091,0.62875,7.422727272727273,50.0,-28.4,Average,peak-hour usage,"Fridge-Freezer is classified as Average. It is 28.4% below the REFIT similar-appliance average, with 295 detected events and 25.5% peak-hour activity.",0.1455,0.19,0.1036,0.1824,"Matched because this appliance is average, peak-hour usage, and the option balances price, energy reduction, savings and payback."
11,Fridge-Freezer,Fridge-Freezer,fridge,Appliance2,0.59038,215.49,5.31,64.65,Harvey Norman,Inverter Fridge-Freezer,Samsung,999.0,220.0,5.5,0.0,0.0,0.0,,0.0,0.0,0.2002,0.0,0.03,Premium,Energy Wise,Inverter compressor suited to always-on refrigeration.,low,Consider Inverter Fridge-Freezer from Harvey Norman for Fridge-Freezer. Estimated saving: $0.00/month with about 0.0 kWh/year reduction.,fridge,0.8247209090909091,0.62875,7.422727272727273,50.0,-28.4,Average,peak-hour usage,"Fridge-Freezer is classified as Average. It is 28.4% below the REFIT similar-appliance average, with 295 detected events and 25.5% peak-hour activity.",0.1329,0.1615,0.1036,0.1729,"Matched because this appliance is average, peak-hour usage, and the option balances price, energy reduction, savings and payback."
11,Hi-Fi,Hi-Fi,computer,Appliance9,0.10364,37.83,0.93,11.35,Kmart,Smart Plug With Timer,Generic,19.0,80.0,2.0,0.0,0.0,0.0,,0.0,0.0,0.9294,0.0,0.1394,Control,Cheapest,Low-cost way to reduce standby and schedule usage.,low,Consider Smart Plug With Timer from Kmart for Hi-Fi. Estimated saving: $0.00/month with about 0.0 kWh/year reduction.,computer,0.41818333333333335,0.179285,3.763888888888889,38.9,-75.2,Average,peak-hour usage,"Hi-Fi is classified as Average. It is 75.2% below the REFIT similar-appliance average, with 1746 detected events and 31.6% peak-hour activity.",0.2676,0.4896,0.0869,0.2823,"Matched because this appliance is average, peak-hour usage, and the option balances price, energy reduction, savings and payback."
11,Hi-Fi,Hi-Fi,computer,Appliance9,0.10364,37.83,0.93,11.35,Bunnings,Timer Plug / Standby Saver,Arlec,24.0,75.0,1.88,0.0,0.0,0.0,,0.0,0.0,0.9124,0.0,0.1369,Control,Best Value,Useful for appliance groups and plug loads.,low,Consider Timer Plug / Standby Saver from Bunnings for Hi-Fi. Estimated saving: $0.00/month with about 0.0 kWh/year reduction.,computer,0.41818333333333335,0.179285,3.763888888888889,38.9,-75.2,Average,peak-hour usage,"Hi-Fi is classified as Average. It is 75.2% below the REFIT similar-appliance average, with 1746 detected events and 31.6% peak-hour activity.",0.2642,0.482,0.0869,0.2797,"Matched because this appliance is average, peak-hour usage, and the option balances price, energy reduction, savings and payback."
11,Hi-Fi,Hi-Fi,computer,Appliance9,0.10364,37.83,0.93,11.35,JB Hi-Fi,Energy Monitoring Smart Plug,TP-Link Tapo,29.0,70.0,1.75,0.0,0.0,0.0,,0.0,0.0,0.8961,0.0,0.1344,Monitoring,Overall,Adds monitoring so recommendations can be updated later.,low,Consider Energy Monitoring Smart Plug from JB Hi-Fi for Hi-Fi. Estimated saving: $0.00/month with about 0.0 kWh/year reduction.,computer,0.41818333333333335,0.179285,3.763888888888889,38.9,-75.2,Average,peak-hour usage,"Hi-Fi is classified as Average. It is 75.2% below the REFIT similar-appliance average, with 1746 detected events and 31.6% peak-hour activity.",0.261,0.4747,0.0869,0.2773,"Matched because this appliance is average, peak-hour usage, and the option balances price, energy reduction, savings and payback."
11,Hi-Fi,Hi-Fi,computer,Appliance9,0.10364,37.83,0.93,11.35,Officeworks,Smart Standby Powerboard,Jackson,39.0,135.0,3.38,0.0,0.0,0.0,,0.0,0.0,0.8651,0.0,0.1298,Control,Best Value,"Reduces standby waste from monitors, printers and routers.",low,Consider Smart Standby Powerboard from Officeworks for Hi-Fi. Estimated saving: $0.00/month with about 0.0 kWh/year reduction.,computer,0.41818333333333335,0.179285,3.763888888888889,38.9,-75.2,Average,peak-hour usage,"Hi-Fi is classified as Average. It is 75.2% below the REFIT similar-appliance average, with 1746 detected events and 31.6% peak-hour activity.",0.2548,0.4607,0.0869,0.2726,"Matched because this appliance is average, peak-hour usage, and the option balances price, energy reduction, savings and payback."
11,Hi-Fi,Hi-Fi,computer,Appliance9,0.10364,37.83,0.93,11.35,JB Hi-Fi,Energy Efficient Mini PC Setup,Generic,699.0,105.0,2.62,0.0,0.0,0.0,,0.0,0.0,0.2634,0.0,0.0395,High,Energy Wise,Lower-power option for desktop computer sites.,low,Consider Energy Efficient Mini PC Setup from JB Hi-Fi for Hi-Fi. Estimated saving: $0.00/month with about 0.0 kWh/year reduction.,computer,0.41818333333333335,0.179285,3.763888888888889,38.9,-75.2,Average,peak-hour usage,"Hi-Fi is classified as Average. It is 75.2% below the REFIT similar-appliance average, with 1746 detected events and 31.6% peak-hour activity.",0.1344,0.19,0.0869,0.1824,"Matched because this appliance is average, peak-hour usage, and the option balances price, energy reduction, savings and payback."
11,Kettle,Kettle,kettle,Appliance7,5.86469,2140.61,52.78,642.18,Kmart,Smart Plug With Timer,Generic,19.0,80.0,2.0,2060.61,50.78,609.39,0.37,0.9621,0.9626,0.9294,0.9846,0.9607,Control,Cheapest,Low-cost way to reduce standby and schedule usage.,high,Consider Smart Plug With Timer from Kmart for Kettle. Estimated saving: $50.78/month with about 2060.6 kWh/year reduction.,kettle,16.07417125,13.334344999999999,144.66750000000002,25.0,-63.5,Average,peak-hour usage,"Kettle is classified as Average. It is 63.5% below the REFIT similar-appliance average, with 573 detected events and 25.9% peak-hour activity.",0.4508,0.7147,0.2617,0.6905,"Matched because this appliance is average, peak-hour usage, and the option balances price, energy reduction, savings and payback."
11,Kettle,Kettle,kettle,Appliance7,5.86469,2140.61,52.78,642.18,Kmart,1.7L Auto-Off Kettle,Anko,25.0,32.0,0.8,2108.61,51.98,623.79,0.48,0.9848,0.9851,0.9091,0.9804,0.9729,Efficient,Cheapest,Low-cost replacement with auto shut-off.,high,Consider 1.7L Auto-Off Kettle from Kmart for Kettle. Estimated saving: $51.98/month with about 2108.6 kWh/year reduction.,kettle,16.07417125,13.334344999999999,144.66750000000002,25.0,-63.5,Average,peak-hour usage,"Kettle is classified as Average. It is 63.5% below the REFIT similar-appliance average, with 573 detected events and 25.9% peak-hour activity.",0.4482,0.7056,0.2642,0.6866,"Matched because this appliance is average, peak-hour usage, and the option balances price, energy reduction, savings and payback."
11,Kettle,Kettle,kettle,Appliance7,5.86469,2140.61,52.78,642.18,Bunnings,Timer Plug / Standby Saver,Arlec,24.0,75.0,1.88,2065.61,50.91,610.89,0.47,0.9645,0.965,0.9124,0.9807,0.9593,Control,Best Value,Useful for appliance groups and plug loads.,high,Consider Timer Plug / Standby Saver from Bunnings for Kettle. Estimated saving: $50.91/month with about 2065.6 kWh/year reduction.,kettle,16.07417125,13.334344999999999,144.66750000000002,25.0,-63.5,Average,peak-hour usage,"Kettle is classified as Average. It is 63.5% below the REFIT similar-appliance average, with 573 detected events and 25.9% peak-hour activity.",0.447,0.7062,0.2616,0.6861,"Matched because this appliance is average, peak-hour usage, and the option balances price, energy reduction, savings and payback."
11,Kettle,Kettle,kettle,Appliance7,5.86469,2140.61,52.78,642.18,JB Hi-Fi,Energy Monitoring Smart Plug,TP-Link Tapo,29.0,70.0,1.75,2070.61,51.03,612.39,0.57,0.9668,0.9673,0.8961,0.9769,0.9579,Monitoring,Overall,Adds monitoring so recommendations can be updated later.,high,Consider Energy Monitoring Smart Plug from JB Hi-Fi for Kettle. Estimated saving: $51.03/month with about 2070.6 kWh/year reduction.,kettle,16.07417125,13.334344999999999,144.66750000000002,25.0,-63.5,Average,peak-hour usage,"Kettle is classified as Average. It is 63.5% below the REFIT similar-appliance average, with 573 detected events and 25.9% peak-hour activity.",0.4434,0.6979,0.2615,0.6818,"Matched because this appliance is average, peak-hour usage, and the option balances price, energy reduction, savings and payback."
11,Kettle,Kettle,kettle,Appliance7,5.86469,2140.61,52.78,642.18,Big W,Energy Efficient Kettle,Russell Hobbs,49.0,28.0,0.7,2112.61,52.08,624.99,0.94,0.9867,0.9869,0.8361,0.9623,0.9605,High,Best Value,Balanced price and energy use.,high,Consider Energy Efficient Kettle from Big W for Kettle. Estimated saving: $52.08/month with about 2112.6 kWh/year reduction.,kettle,16.07417125,13.334344999999999,144.66750000000002,25.0,-63.5,Average,peak-hour usage,"Kettle is classified as Average. It is 63.5% below the REFIT similar-appliance average, with 573 detected events and 25.9% peak-hour activity.",0.4311,0.6684,0.2626,0.6667,"Matched because this appliance is average, peak-hour usage, and the option balances price, energy reduction, savings and payback."
11,Kettle,Kettle,kettle,Appliance7,5.86469,2140.61,52.78,642.18,JB Hi-Fi,Smart Temperature Control Kettle,Breville,109.0,24.0,0.6,2116.61,52.18,626.19,2.09,0.9886,0.9888,0.6964,0.9199,0.9345,Premium,Energy Wise,Temperature control helps reduce repeated boiling.,high,Consider Smart Temperature Control Kettle from JB Hi-Fi for Kettle. Estimated saving: $52.18/month with about 2116.6 kWh/year reduction.,kettle,16.07417125,13.334344999999999,144.66750000000002,25.0,-63.5,Average,peak-hour usage,"Kettle is classified as Average. It is 63.5% below the REFIT similar-appliance average, with 573 detected events and 25.9% peak-hour activity.",0.397,0.595,0.2586,0.6247,"Matched because this appliance is average, peak-hour usage, and the option balances price, energy reduction, savings and payback."
11,Microwave,Microwave,microwave,Appliance6,0.01816,6.63,0.16,1.99,Kmart,Smart Plug With Timer,Generic,19.0,80.0,2.0,0.0,0.0,0.0,,0.0,0.0,0.9294,0.0,0.1394,Control,Cheapest,Low-cost way to reduce standby and schedule usage.,low,Consider Smart Plug With Timer from Kmart for Microwave. Estimated saving: $0.00/month with about 0.0 kWh/year reduction.,microwave,1.693406875,0.12358,15.23875,6.2,-98.9,Average,peak-hour usage,"Microwave is classified as Average. It is 98.9% below the REFIT similar-appliance average, with 147 detected events and 38.9% peak-hour activity.",0.2349,0.4896,0.0379,0.2823,"Matched because this appliance is average, peak-hour usage, and the option balances price, energy reduction, savings and payback."
11,Microwave,Microwave,microwave,Appliance6,0.01816,6.63,0.16,1.99,Bunnings,Timer Plug / Standby Saver,Arlec,24.0,75.0,1.88,0.0,0.0,0.0,,0.0,0.0,0.9124,0.0,0.1369,Control,Best Value,Useful for appliance groups and plug loads.,low,Consider Timer Plug / Standby Saver from Bunnings for Microwave. Estimated saving: $0.00/month with about 0.0 kWh/year reduction.,microwave,1.693406875,0.12358,15.23875,6.2,-98.9,Average,peak-hour usage,"Microwave is classified as Average. It is 98.9% below the REFIT similar-appliance average, with 147 detected events and 38.9% peak-hour activity.",0.2315,0.482,0.0379,0.2797,"Matched because this appliance is average, peak-hour usage, and the option balances price, energy reduction, savings and payback."
11,Microwave,Microwave,microwave,Appliance6,0.01816,6.63,0.16,1.99,JB Hi-Fi,Energy Monitoring Smart Plug,TP-Link Tapo,29.0,70.0,1.75,0.0,0.0,0.0,,0.0,0.0,0.8961,0.0,0.1344,Monitoring,Overall,Adds monitoring so recommendations can be updated later.,low,Consider Energy Monitoring Smart Plug from JB Hi-Fi for Microwave. Estimated saving: $0.00/month with about 0.0 kWh/year reduction.,microwave,1.693406875,0.12358,15.23875,6.2,-98.9,Average,peak-hour usage,"Microwave is classified as Average. It is 98.9% below the REFIT similar-appliance average, with 147 detected events and 38.9% peak-hour activity.",0.2283,0.4747,0.0379,0.2773,"Matched because this appliance is average, peak-hour usage, and the option balances price, energy reduction, savings and payback."
11,Microwave,Microwave,microwave,Appliance6,0.01816,6.63,0.16,1.99,Kmart,Compact Microwave,Anko,99.0,96.0,2.4,0.0,0.0,0.0,,0.0,0.0,0.7163,0.0,0.1074,Standard,Cheapest,Lowest upfront price.,low,Consider Compact Microwave from Kmart for Microwave. Estimated saving: $0.00/month with about 0.0 kWh/year reduction.,microwave,1.693406875,0.12358,15.23875,6.2,-98.9,Average,peak-hour usage,"Microwave is classified as Average. It is 98.9% below the REFIT similar-appliance average, with 147 detected events and 38.9% peak-hour activity.",0.1923,0.3938,0.0379,0.2503,"Matched because this appliance is average, peak-hour usage, and the option balances price, energy reduction, savings and payback."
11,Microwave,Microwave,microwave,Appliance6,0.01816,6.63,0.16,1.99,The Good Guys,900W Efficient Microwave,LG,179.0,82.0,2.05,0.0,0.0,0.0,,0.0,0.0,0.5828,0.0,0.0874,High,Best Value,Good balance of price and energy use.,low,Consider 900W Efficient Microwave from The Good Guys for Microwave. Estimated saving: $0.00/month with about 0.0 kWh/year reduction.,microwave,1.693406875,0.12358,15.23875,6.2,-98.9,Average,peak-hour usage,"Microwave is classified as Average. It is 98.9% below the REFIT similar-appliance average, with 147 detected events and 38.9% peak-hour activity.",0.1656,0.3337,0.0379,0.2303,"Matched because this appliance is average, peak-hour usage, and the option balances price, energy reduction, savings and payback."
11,Microwave,Microwave,microwave,Appliance6,0.01816,6.63,0.16,1.99,JB Hi-Fi,Compact Inverter Microwave,Panasonic,219.0,76.0,1.9,0.0,0.0,0.0,,0.0,0.0,0.533,0.0,0.08,Premium,Energy Wise,Inverter control is suitable for repeated cooking events.,low,Consider Compact Inverter Microwave from JB Hi-Fi for Microwave. Estimated saving: $0.00/month with about 0.0 kWh/year reduction.,microwave,1.693406875,0.12358,15.23875,6.2,-98.9,Average,peak-hour usage,"Microwave is classified as Average. It is 98.9% below the REFIT similar-appliance average, with 147 detected events and 38.9% peak-hour activity.",0.1557,0.3113,0.0379,0.2228,"Matched because this appliance is average, peak-hour usage, and the option balances price, energy reduction, savings and payback."
11,Router,Router,computer,Appliance8,0.05897,21.52,0.53,6.46,Kmart,Smart Plug With Timer,Generic,19.0,80.0,2.0,0.0,0.0,0.0,,0.0,0.0,0.9294,0.0,0.1394,Control,Cheapest,Low-cost way to reduce standby and schedule usage.,low,Consider Smart Plug With Timer from Kmart for Router. Estimated saving: $0.00/month with about 0.0 kWh/year reduction.,computer,0.41818333333333335,0.179285,3.763888888888889,27.8,-85.9,Efficient,normal usage pattern,"Router is classified as Efficient. It is 85.9% below the REFIT similar-appliance average, with 447 detected events and 17.9% peak-hour activity.",0.2565,0.4896,0.0703,0.2823,"Matched because this appliance is efficient, normal usage pattern, and the option balances price, energy reduction, savings and payback."
11,Router,Router,computer,Appliance8,0.05897,21.52,0.53,6.46,Bunnings,Timer Plug / Standby Saver,Arlec,24.0,75.0,1.88,0.0,0.0,0.0,,0.0,0.0,0.9124,0.0,0.1369,Control,Best Value,Useful for appliance groups and plug loads.,low,Consider Timer Plug / Standby Saver from Bunnings for Router. Estimated saving: $0.00/month with about 0.0 kWh/year reduction.,computer,0.41818333333333335,0.179285,3.763888888888889,27.8,-85.9,Efficient,normal usage pattern,"Router is classified as Efficient. It is 85.9% below the REFIT similar-appliance average, with 447 detected events and 17.9% peak-hour activity.",0.2531,0.482,0.0703,0.2797,"Matched because this appliance is efficient, normal usage pattern, and the option balances price, energy reduction, savings and payback."
11,Router,Router,computer,Appliance8,0.05897,21.52,0.53,6.46,JB Hi-Fi,Energy Monitoring Smart Plug,TP-Link Tapo,29.0,70.0,1.75,0.0,0.0,0.0,,0.0,0.0,0.8961,0.0,0.1344,Monitoring,Overall,Adds monitoring so recommendations can be updated later.,low,Consider Energy Monitoring Smart Plug from JB Hi-Fi for Router. Estimated saving: $0.00/month with about 0.0 kWh/year reduction.,computer,0.41818333333333335,0.179285,3.763888888888889,27.8,-85.9,Efficient,normal usage pattern,"Router is classified as Efficient. It is 85.9% below the REFIT similar-appliance average, with 447 detected events and 17.9% peak-hour activity.",0.2499,0.4747,0.0703,0.2773,"Matched because this appliance is efficient, normal usage pattern, and the option balances price, energy reduction, savings and payback."
11,Router,Router,computer,Appliance8,0.05897,21.52,0.53,6.46,Officeworks,Smart Standby Powerboard,Jackson,39.0,135.0,3.38,0.0,0.0,0.0,,0.0,0.0,0.8651,0.0,0.1298,Control,Best Value,"Reduces standby waste from monitors, printers and routers.",low,Consider Smart Standby Powerboard from Officeworks for Router. Estimated saving: $0.00/month with about 0.0 kWh/year reduction.,computer,0.41818333333333335,0.179285,3.763888888888889,27.8,-85.9,Efficient,normal usage pattern,"Router is classified as Efficient. It is 85.9% below the REFIT similar-appliance average, with 447 detected events and 17.9% peak-hour activity.",0.2437,0.4607,0.0703,0.2726,"Matched because this appliance is efficient, normal usage pattern, and the option balances price, energy reduction, savings and payback."
11,Router,Router,computer,Appliance8,0.05897,21.52,0.53,6.46,JB Hi-Fi,Energy Efficient Mini PC Setup,Generic,699.0,105.0,2.62,0.0,0.0,0.0,,0.0,0.0,0.2634,0.0,0.0395,High,Energy Wise,Lower-power option for desktop computer sites.,low,Consider Energy Efficient Mini PC Setup from JB Hi-Fi for Router. Estimated saving: $0.00/month with about 0.0 kWh/year reduction.,computer,0.41818333333333335,0.179285,3.763888888888889,27.8,-85.9,Efficient,normal usage pattern,"Router is classified as Efficient. It is 85.9% below the REFIT similar-appliance average, with 447 detected events and 17.9% peak-hour activity.",0.1233,0.19,0.0703,0.1824,"Matched because this appliance is efficient, normal usage pattern, and the option balances price, energy reduction, savings and payback."
11,Washing Machine,Washing Machine,washing machine,Appliance3,0.25959,94.75,2.34,28.42,Kmart,Smart Plug With Timer,Generic,19.0,80.0,2.0,14.75,0.34,4.04,56.5,0.1439,0.1557,0.9294,0.2981,0.2884,Control,Cheapest,Low-cost way to reduce standby and schedule usage.,medium,Consider Smart Plug With Timer from Kmart for Washing Machine. Estimated saving: $0.34/month with about 14.7 kWh/year reduction.,washing machine,1.958721081081081,1.22083,17.62810810810811,16.2,-86.7,Average,peak-hour usage,"Washing Machine is classified as Average. It is 86.7% below the REFIT similar-appliance average, with 1614 detected events and 26.5% peak-hour activity.",0.2474,0.4931,0.055,0.2889,"Matched because this appliance is average, peak-hour usage, and the option balances price, energy reduction, savings and payback."
11,Washing Machine,Washing Machine,washing machine,Appliance3,0.25959,94.75,2.34,28.42,Bunnings,Timer Plug / Standby Saver,Arlec,24.0,75.0,1.88,19.75,0.46,5.54,52.03,0.1974,0.2084,0.9124,0.3157,0.3257,Control,Best Value,Useful for appliance groups and plug loads.,medium,Consider Timer Plug / Standby Saver from Bunnings for Washing Machine. Estimated saving: $0.46/month with about 19.7 kWh/year reduction.,washing machine,1.958721081081081,1.22083,17.62810810810811,16.2,-86.7,Average,peak-hour usage,"Washing Machine is classified as Average. It is 86.7% below the REFIT similar-appliance average, with 1614 detected events and 26.5% peak-hour activity.",0.2469,0.49,0.057,0.2952,"Matched because this appliance is average, peak-hour usage, and the option balances price, energy reduction, savings and payback."
11,Washing Machine,Washing Machine,washing machine,Appliance3,0.25959,94.75,2.34,28.42,JB Hi-Fi,Energy Monitoring Smart Plug,TP-Link Tapo,29.0,70.0,1.75,24.75,0.59,7.04,49.46,0.2509,0.2612,0.8961,0.3267,0.3622,Monitoring,Overall,Adds monitoring so recommendations can be updated later.,medium,Consider Energy Monitoring Smart Plug from JB Hi-Fi for Washing Machine. Estimated saving: $0.59/month with about 24.7 kWh/year reduction.,washing machine,1.958721081081081,1.22083,17.62810810810811,16.2,-86.7,Average,peak-hour usage,"Washing Machine is classified as Average. It is 86.7% below the REFIT similar-appliance average, with 1614 detected events and 26.5% peak-hour activity.",0.2455,0.4855,0.0585,0.2985,"Matched because this appliance is average, peak-hour usage, and the option balances price, energy reduction, savings and payback."
11,Washing Machine,Washing Machine,washing machine,Appliance3,0.25959,94.75,2.34,28.42,Big W,Laundry Smart Timer Plug,Generic,29.0,180.0,4.5,0.0,0.0,0.0,,0.0,0.0,0.8961,0.0,0.1344,Control,Cheapest,Low-cost option to shift laundry away from peak hours.,low,Consider Laundry Smart Timer Plug from Big W for Washing Machine. Estimated saving: $0.00/month with about 0.0 kWh/year reduction.,washing machine,1.958721081081081,1.22083,17.62810810810811,16.2,-86.7,Average,peak-hour usage,"Washing Machine is classified as Average. It is 86.7% below the REFIT similar-appliance average, with 1614 detected events and 26.5% peak-hour activity.",0.2383,0.4747,0.0529,0.2773,"Matched because this appliance is average, peak-hour usage, and the option balances price, energy reduction, savings and payback."
11,Washing Machine,Washing Machine,washing machine,Appliance3,0.25959,94.75,2.34,28.42,JB Hi-Fi,Inverter Front Loader,LG,799.0,145.0,3.62,0.0,0.0,0.0,,0.0,0.0,0.2383,0.0,0.0357,High,Best Value,Good value inverter option for repeated laundry use.,low,Consider Inverter Front Loader from JB Hi-Fi for Washing Machine. Estimated saving: $0.00/month with about 0.0 kWh/year reduction.,washing machine,1.958721081081081,1.22083,17.62810810810811,16.2,-86.7,Average,peak-hour usage,"Washing Machine is classified as Average. It is 86.7% below the REFIT similar-appliance average, with 1614 detected events and 26.5% peak-hour activity.",0.1067,0.1787,0.0529,0.1786,"Matched because this appliance is average, peak-hour usage, and the option balances price, energy reduction, savings and payback."
11,Washing Machine,Washing Machine,washing machine,Appliance3,0.25959,94.75,2.34,28.42,The Good Guys,Front Load Washing Machine,Bosch,849.0,135.0,3.38,0.0,0.0,0.0,,0.0,0.0,0.2275,0.0,0.0341,Premium,Energy Wise,Front loaders are suited to lower water and energy use.,low,Consider Front Load Washing Machine from The Good Guys for Washing Machine. Estimated saving: $0.00/month with about 0.0 kWh/year reduction.,washing machine,1.958721081081081,1.22083,17.62810810810811,16.2,-86.7,Average,peak-hour usage,"Washing Machine is classified as Average. It is 86.7% below the REFIT similar-appliance average, with 1614 detected events and 26.5% peak-hour activity.",0.1046,0.1738,0.0529,0.177,"Matched because this appliance is average, peak-hour usage, and the option balances price, energy reduction, savings and payback."
12,Fridge-Freezer,Fridge-Freezer,fridge,Appliance1,0.74727,272.75,6.73,81.83,Kmart,Smart Plug With Timer,Generic,19.0,80.0,2.0,192.75,4.73,56.7,4.02,0.7026,0.7067,0.9294,0.8565,0.7609,Control,Cheapest,Low-cost way to reduce standby and schedule usage.,high,Consider Smart Plug With Timer from Kmart for Fridge-Freezer. Estimated saving: $4.73/month with about 192.8 kWh/year reduction.,fridge,0.8247209090909091,0.62875,7.422727272727273,59.1,-9.4,Average,normal usage pattern,"Fridge-Freezer is classified as Average. It is 9.4% below the REFIT similar-appliance average, with 416 detected events and 17.3% peak-hour activity.",0.3821,0.637,0.186,0.5731,"Matched because this appliance is average, normal usage pattern, and the option balances price, energy reduction, savings and payback."
12,Fridge-Freezer,Fridge-Freezer,fridge,Appliance1,0.74727,272.75,6.73,81.83,Bunnings,Timer Plug / Standby Saver,Arlec,24.0,75.0,1.88,197.75,4.85,58.2,4.95,0.7212,0.725,0.9124,0.8291,0.7672,Control,Best Value,Useful for appliance groups and plug loads.,high,Consider Timer Plug / Standby Saver from Bunnings for Fridge-Freezer. Estimated saving: $4.85/month with about 197.8 kWh/year reduction.,fridge,0.8247209090909091,0.62875,7.422727272727273,59.1,-9.4,Average,normal usage pattern,"Fridge-Freezer is classified as Average. It is 9.4% below the REFIT similar-appliance average, with 416 detected events and 17.3% peak-hour activity.",0.3748,0.6226,0.1836,0.557,"Matched because this appliance is average, normal usage pattern, and the option balances price, energy reduction, savings and payback."
12,Fridge-Freezer,Fridge-Freezer,fridge,Appliance1,0.74727,272.75,6.73,81.83,JB Hi-Fi,Energy Monitoring Smart Plug,TP-Link Tapo,29.0,70.0,1.75,202.75,4.98,59.7,5.83,0.7398,0.7434,0.8961,0.8046,0.774,Monitoring,Overall,Adds monitoring so recommendations can be updated later.,high,Consider Energy Monitoring Smart Plug from JB Hi-Fi for Fridge-Freezer. Estimated saving: $4.98/month with about 202.8 kWh/year reduction.,fridge,0.8247209090909091,0.62875,7.422727272727273,59.1,-9.4,Average,normal usage pattern,"Fridge-Freezer is classified as Average. It is 9.4% below the REFIT similar-appliance average, with 416 detected events and 17.3% peak-hour activity.",0.368,0.6093,0.1815,0.5424,"Matched because this appliance is average, normal usage pattern, and the option balances price, energy reduction, savings and payback."
12,Fridge-Freezer,Fridge-Freezer,fridge,Appliance1,0.74727,272.75,6.73,81.83,JB Hi-Fi,Compact Efficient Fridge,CHiQ,449.0,285.0,7.12,0.0,0.0,0.0,,0.0,0.0,0.3577,0.0,0.0536,Standard,Cheapest,Lower upfront price for smaller households.,low,Consider Compact Efficient Fridge from JB Hi-Fi for Fridge-Freezer. Estimated saving: $0.00/month with about 0.0 kWh/year reduction.,fridge,0.8247209090909091,0.62875,7.422727272727273,59.1,-9.4,Average,normal usage pattern,"Fridge-Freezer is classified as Average. It is 9.4% below the REFIT similar-appliance average, with 416 detected events and 17.3% peak-hour activity.",0.1735,0.2324,0.1172,0.1965,"Matched because this appliance is average, normal usage pattern, and the option balances price, energy reduction, savings and payback."
12,Fridge-Freezer,Fridge-Freezer,fridge,Appliance1,0.74727,272.75,6.73,81.83,The Good Guys,Energy Efficient Fridge-Freezer,Hisense,699.0,260.0,6.5,12.75,0.23,2.7,3100.98,0.0335,0.0468,0.2634,0.0077,0.0681,High,Best Value,Balanced replacement for continuous loads.,low,Consider Energy Efficient Fridge-Freezer from The Good Guys for Fridge-Freezer. Estimated saving: $0.23/month with about 12.8 kWh/year reduction.,fridge,0.8247209090909091,0.62875,7.422727272727273,59.1,-9.4,Average,normal usage pattern,"Fridge-Freezer is classified as Average. It is 9.4% below the REFIT similar-appliance average, with 416 detected events and 17.3% peak-hour activity.",0.1134,0.1207,0.0901,0.0436,"Matched because this appliance is average, normal usage pattern, and the option balances price, energy reduction, savings and payback."
12,Fridge-Freezer,Fridge-Freezer,fridge,Appliance1,0.74727,272.75,6.73,81.83,Harvey Norman,Inverter Fridge-Freezer,Samsung,999.0,220.0,5.5,52.75,1.23,14.7,815.24,0.1822,0.1934,0.2002,0.0286,0.1652,Premium,Energy Wise,Inverter compressor suited to always-on refrigeration.,medium,Consider Inverter Fridge-Freezer from Harvey Norman for Fridge-Freezer. Estimated saving: $1.23/month with about 52.8 kWh/year reduction.,fridge,0.8247209090909091,0.62875,7.422727272727273,59.1,-9.4,Average,normal usage pattern,"Fridge-Freezer is classified as Average. It is 9.4% below the REFIT similar-appliance average, with 416 detected events and 17.3% peak-hour activity.",0.1057,0.0985,0.0947,0.0458,"Matched because this appliance is average, normal usage pattern, and the option balances price, energy reduction, savings and payback."
12,Kettle,Kettle,kettle,Appliance4,11.07299,4041.64,99.66,1212.49,Kmart,Smart Plug With Timer,Generic,19.0,80.0,2.0,3961.64,97.66,1171.88,0.19,0.9799,0.9802,0.9294,0.992,0.9742,Control,Cheapest,Low-cost way to reduce standby and schedule usage.,high,Consider Smart Plug With Timer from Kmart for Kettle. Estimated saving: $97.66/month with about 3961.6 kWh/year reduction.,kettle,16.07417125,13.334344999999999,144.66750000000002,43.8,-31.1,Efficient,normal usage pattern,"Kettle is classified as Efficient. It is 31.1% below the REFIT similar-appliance average, with 636 detected events and 24.0% peak-hour activity.",0.5557,0.7629,0.4066,0.7483,"Matched because this appliance is efficient, normal usage pattern, and the option balances price, energy reduction, savings and payback."
12,Kettle,Kettle,kettle,Appliance4,11.07299,4041.64,99.66,1212.49,Kmart,1.7L Auto-Off Kettle,Anko,25.0,32.0,0.8,4009.64,98.86,1186.28,0.25,0.992,0.9921,0.9091,0.9896,0.9792,Efficient,Cheapest,Low-cost replacement with auto shut-off.,high,Consider 1.7L Auto-Off Kettle from Kmart for Kettle. Estimated saving: $98.86/month with about 4009.6 kWh/year reduction.,kettle,16.07417125,13.334344999999999,144.66750000000002,43.8,-31.1,Efficient,normal usage pattern,"Kettle is classified as Efficient. It is 31.1% below the REFIT similar-appliance average, with 636 detected events and 24.0% peak-hour activity.",0.5535,0.7544,0.4093,0.7454,"Matched because this appliance is efficient, normal usage pattern, and the option balances price, energy reduction, savings and payback."
12,Kettle,Kettle,kettle,Appliance4,11.07299,4041.64,99.66,1212.49,Bunnings,Timer Plug / Standby Saver,Arlec,24.0,75.0,1.88,3966.64,97.78,1173.38,0.25,0.9812,0.9814,0.9124,0.9899,0.9722,Control,Best Value,Useful for appliance groups and plug loads.,high,Consider Timer Plug / Standby Saver from Bunnings for Kettle. Estimated saving: $97.78/month with about 3966.6 kWh/year reduction.,kettle,16.07417125,13.334344999999999,144.66750000000002,43.8,-31.1,Efficient,normal usage pattern,"Kettle is classified as Efficient. It is 31.1% below the REFIT similar-appliance average, with 636 detected events and 24.0% peak-hour activity.",0.5522,0.7548,0.4067,0.7446,"Matched because this appliance is efficient, normal usage pattern, and the option balances price, energy reduction, savings and payback."
12,Kettle,Kettle,kettle,Appliance4,11.07299,4041.64,99.66,1212.49,JB Hi-Fi,Energy Monitoring Smart Plug,TP-Link Tapo,29.0,70.0,1.75,3971.64,97.91,1174.88,0.3,0.9824,0.9827,0.8961,0.9878,0.9704,Monitoring,Overall,Adds monitoring so recommendations can be updated later.,high,Consider Energy Monitoring Smart Plug from JB Hi-Fi for Kettle. Estimated saving: $97.91/month with about 3971.6 kWh/year reduction.,kettle,16.07417125,13.334344999999999,144.66750000000002,43.8,-31.1,Efficient,normal usage pattern,"Kettle is classified as Efficient. It is 31.1% below the REFIT similar-appliance average, with 636 detected events and 24.0% peak-hour activity.",0.5489,0.7471,0.4068,0.7413,"Matched because this appliance is efficient, normal usage pattern, and the option balances price, energy reduction, savings and payback."
12,Kettle,Kettle,kettle,Appliance4,11.07299,4041.64,99.66,1212.49,Big W,Energy Efficient Kettle,Russell Hobbs,49.0,28.0,0.7,4013.64,98.96,1187.48,0.5,0.993,0.9931,0.8361,0.9798,0.9675,High,Best Value,Balanced price and energy use.,high,Consider Energy Efficient Kettle from Big W for Kettle. Estimated saving: $98.96/month with about 4013.6 kWh/year reduction.,kettle,16.07417125,13.334344999999999,144.66750000000002,43.8,-31.1,Efficient,normal usage pattern,"Kettle is classified as Efficient. It is 31.1% below the REFIT similar-appliance average, with 636 detected events and 24.0% peak-hour activity.",0.5376,0.7191,0.4086,0.7295,"Matched because this appliance is efficient, normal usage pattern, and the option balances price, energy reduction, savings and payback."
12,Kettle,Kettle,kettle,Appliance4,11.07299,4041.64,99.66,1212.49,JB Hi-Fi,Smart Temperature Control Kettle,Breville,109.0,24.0,0.6,4017.64,99.06,1188.68,1.1,0.994,0.9941,0.6964,0.9562,0.9437,Premium,Energy Wise,Temperature control helps reduce repeated boiling.,high,Consider Smart Temperature Control Kettle from JB Hi-Fi for Kettle. Estimated saving: $99.06/month with about 4017.6 kWh/year reduction.,kettle,16.07417125,13.334344999999999,144.66750000000002,43.8,-31.1,Efficient,normal usage pattern,"Kettle is classified as Efficient. It is 31.1% below the REFIT similar-appliance average, with 636 detected events and 24.0% peak-hour activity.",0.5063,0.6505,0.4065,0.6969,"Matched because this appliance is efficient, normal usage pattern, and the option balances price, energy reduction, savings and payback."
12,Microwave,Microwave,microwave,Appliance3,0.04461,16.28,0.4,4.88,Kmart,Smart Plug With Timer,Generic,19.0,80.0,2.0,0.0,0.0,0.0,,0.0,0.0,0.9294,0.0,0.1394,Control,Cheapest,Low-cost way to reduce standby and schedule usage.,low,Consider Smart Plug With Timer from Kmart for Microwave. Estimated saving: $0.00/month with about 0.0 kWh/year reduction.,microwave,1.693406875,0.12358,15.23875,31.2,-97.4,Average,peak-hour usage,"Microwave is classified as Average. It is 97.4% below the REFIT similar-appliance average, with 441 detected events and 28.8% peak-hour activity.",0.2599,0.4896,0.0754,0.2823,"Matched because this appliance is average, peak-hour usage, and the option balances price, energy reduction, savings and payback."
12,Microwave,Microwave,microwave,Appliance3,0.04461,16.28,0.4,4.88,Bunnings,Timer Plug / Standby Saver,Arlec,24.0,75.0,1.88,0.0,0.0,0.0,,0.0,0.0,0.9124,0.0,0.1369,Control,Best Value,Useful for appliance groups and plug loads.,low,Consider Timer Plug / Standby Saver from Bunnings for Microwave. Estimated saving: $0.00/month with about 0.0 kWh/year reduction.,microwave,1.693406875,0.12358,15.23875,31.2,-97.4,Average,peak-hour usage,"Microwave is classified as Average. It is 97.4% below the REFIT similar-appliance average, with 441 detected events and 28.8% peak-hour activity.",0.2565,0.482,0.0754,0.2797,"Matched because this appliance is average, peak-hour usage, and the option balances price, energy reduction, savings and payback."
12,Microwave,Microwave,microwave,Appliance3,0.04461,16.28,0.4,4.88,JB Hi-Fi,Energy Monitoring Smart Plug,TP-Link Tapo,29.0,70.0,1.75,0.0,0.0,0.0,,0.0,0.0,0.8961,0.0,0.1344,Monitoring,Overall,Adds monitoring so recommendations can be updated later.,low,Consider Energy Monitoring Smart Plug from JB Hi-Fi for Microwave. Estimated saving: $0.00/month with about 0.0 kWh/year reduction.,microwave,1.693406875,0.12358,15.23875,31.2,-97.4,Average,peak-hour usage,"Microwave is classified as Average. It is 97.4% below the REFIT similar-appliance average, with 441 detected events and 28.8% peak-hour activity.",0.2533,0.4747,0.0754,0.2773,"Matched because this appliance is average, peak-hour usage, and the option balances price, energy reduction, savings and payback."
12,Microwave,Microwave,microwave,Appliance3,0.04461,16.28,0.4,4.88,Kmart,Compact Microwave,Anko,99.0,96.0,2.4,0.0,0.0,0.0,,0.0,0.0,0.7163,0.0,0.1074,Standard,Cheapest,Lowest upfront price.,low,Consider Compact Microwave from Kmart for Microwave. Estimated saving: $0.00/month with about 0.0 kWh/year reduction.,microwave,1.693406875,0.12358,15.23875,31.2,-97.4,Average,peak-hour usage,"Microwave is classified as Average. It is 97.4% below the REFIT similar-appliance average, with 441 detected events and 28.8% peak-hour activity.",0.2173,0.3938,0.0754,0.2503,"Matched because this appliance is average, peak-hour usage, and the option balances price, energy reduction, savings and payback."
12,Microwave,Microwave,microwave,Appliance3,0.04461,16.28,0.4,4.88,The Good Guys,900W Efficient Microwave,LG,179.0,82.0,2.05,0.0,0.0,0.0,,0.0,0.0,0.5828,0.0,0.0874,High,Best Value,Good balance of price and energy use.,low,Consider 900W Efficient Microwave from The Good Guys for Microwave. Estimated saving: $0.00/month with about 0.0 kWh/year reduction.,microwave,1.693406875,0.12358,15.23875,31.2,-97.4,Average,peak-hour usage,"Microwave is classified as Average. It is 97.4% below the REFIT similar-appliance average, with 441 detected events and 28.8% peak-hour activity.",0.1906,0.3337,0.0754,0.2303,"Matched because this appliance is average, peak-hour usage, and the option balances price, energy reduction, savings and payback."
12,Microwave,Microwave,microwave,Appliance3,0.04461,16.28,0.4,4.88,JB Hi-Fi,Compact Inverter Microwave,Panasonic,219.0,76.0,1.9,0.0,0.0,0.0,,0.0,0.0,0.533,0.0,0.08,Premium,Energy Wise,Inverter control is suitable for repeated cooking events.,low,Consider Compact Inverter Microwave from JB Hi-Fi for Microwave. Estimated saving: $0.00/month with about 0.0 kWh/year reduction.,microwave,1.693406875,0.12358,15.23875,31.2,-97.4,Average,peak-hour usage,"Microwave is classified as Average. It is 97.4% below the REFIT similar-appliance average, with 441 detected events and 28.8% peak-hour activity.",0.1807,0.3113,0.0754,0.2228,"Matched because this appliance is average, peak-hour usage, and the option balances price, energy reduction, savings and payback."
12,Television Site Bedroom,Television Site Bedroom,television,Appliance6,0.29649,108.22,2.67,32.47,Kmart,Smart Plug With Timer,Generic,19.0,80.0,2.0,28.22,0.67,8.02,28.42,0.2505,0.2608,0.9294,0.4578,0.3865,Control,Cheapest,Low-cost way to reduce standby and schedule usage.,medium,Consider Smart Plug With Timer from Kmart for Television Site Bedroom. Estimated saving: $0.67/month with about 28.2 kWh/year reduction.,television,0.64669,0.36083,5.819047619047619,42.9,-54.2,Average,peak-hour usage,"Television Site Bedroom is classified as Average. It is 54.2% below the REFIT similar-appliance average, with 194 detected events and 26.6% peak-hour activity.",0.2987,0.5333,0.1118,0.3691,"Matched because this appliance is average, peak-hour usage, and the option balances price, energy reduction, savings and payback."
12,Television Site Bedroom,Television Site Bedroom,television,Appliance6,0.29649,108.22,2.67,32.47,Bunnings,Timer Plug / Standby Saver,Arlec,24.0,75.0,1.88,33.22,0.79,9.52,30.25,0.2973,0.307,0.9124,0.4424,0.4143,Control,Best Value,Useful for appliance groups and plug loads.,medium,Consider Timer Plug / Standby Saver from Bunnings for Television Site Bedroom. Estimated saving: $0.79/month with about 33.2 kWh/year reduction.,television,0.64669,0.36083,5.819047619047619,42.9,-54.2,Average,peak-hour usage,"Television Site Bedroom is classified as Average. It is 54.2% below the REFIT similar-appliance average, with 194 detected events and 26.6% peak-hour activity.",0.2932,0.522,0.1106,0.359,"Matched because this appliance is average, peak-hour usage, and the option balances price, energy reduction, savings and payback."
12,Television Site Bedroom,Television Site Bedroom,television,Appliance6,0.29649,108.22,2.67,32.47,JB Hi-Fi,Energy Monitoring Smart Plug,TP-Link Tapo,29.0,70.0,1.75,38.22,0.92,11.02,31.58,0.3442,0.3532,0.8961,0.4318,0.4428,Monitoring,Overall,Adds monitoring so recommendations can be updated later.,high,Consider Energy Monitoring Smart Plug from JB Hi-Fi for Television Site Bedroom. Estimated saving: $0.92/month with about 38.2 kWh/year reduction.,television,0.64669,0.36083,5.819047619047619,42.9,-54.2,Average,peak-hour usage,"Television Site Bedroom is classified as Average. It is 54.2% below the REFIT similar-appliance average, with 194 detected events and 26.6% peak-hour activity.",0.2886,0.5121,0.1098,0.3514,"Matched because this appliance is average, peak-hour usage, and the option balances price, energy reduction, savings and payback."
12,Television Site Bedroom,Television Site Bedroom,television,Appliance6,0.29649,108.22,2.67,32.47,Kmart,Standby Saver Powerboard,Generic,19.0,120.0,3.0,0.0,0.0,0.0,,0.0,0.0,0.9294,0.0,0.1394,Control,Cheapest,Useful where TV site has multiple standby devices.,low,Consider Standby Saver Powerboard from Kmart for Television Site Bedroom. Estimated saving: $0.00/month with about 0.0 kWh/year reduction.,television,0.64669,0.36083,5.819047619047619,42.9,-54.2,Average,peak-hour usage,"Television Site Bedroom is classified as Average. It is 54.2% below the REFIT similar-appliance average, with 194 detected events and 26.6% peak-hour activity.",0.2716,0.4896,0.0929,0.2823,"Matched because this appliance is average, peak-hour usage, and the option balances price, energy reduction, savings and payback."
12,Television Site Bedroom,Television Site Bedroom,television,Appliance6,0.29649,108.22,2.67,32.47,JB Hi-Fi,Energy Efficient LED TV,TCL,599.0,95.0,2.38,13.22,0.29,3.52,2041.31,0.11,0.1222,0.2945,0.0116,0.1265,High,Best Value,LED replacement for high TV-site consumption.,low,Consider Energy Efficient LED TV from JB Hi-Fi for Television Site Bedroom. Estimated saving: $0.29/month with about 13.2 kWh/year reduction.,television,0.64669,0.36083,5.819047619047619,42.9,-54.2,Average,peak-hour usage,"Television Site Bedroom is classified as Average. It is 54.2% below the REFIT similar-appliance average, with 194 detected events and 26.6% peak-hour activity.",0.1041,0.1357,0.0663,0.0503,"Matched because this appliance is average, peak-hour usage, and the option balances price, energy reduction, savings and payback."
12,Television Site Bedroom,Television Site Bedroom,television,Appliance6,0.29649,108.22,2.67,32.47,The Good Guys,Low Energy QLED TV,Samsung,899.0,80.0,2.0,28.22,0.67,8.02,1344.92,0.2505,0.2608,0.2176,0.0175,0.2137,Premium,Energy Wise,Lower annual kWh for heavy TV use.,medium,Consider Low Energy QLED TV from The Good Guys for Television Site Bedroom. Estimated saving: $0.67/month with about 28.2 kWh/year reduction.,television,0.64669,0.36083,5.819047619047619,42.9,-54.2,Average,peak-hour usage,"Television Site Bedroom is classified as Average. It is 54.2% below the REFIT similar-appliance average, with 194 detected events and 26.6% peak-hour activity.",0.0903,0.103,0.0678,0.0422,"Matched because this appliance is average, peak-hour usage, and the option balances price, energy reduction, savings and payback."
12,Television Site Lounge,Television Site Lounge,television,Appliance2,0.33133,120.94,2.98,36.28,Kmart,Smart Plug With Timer,Generic,19.0,80.0,2.0,40.94,0.98,11.78,19.35,0.3293,0.3385,0.9294,0.5537,0.4557,Control,Cheapest,Low-cost way to reduce standby and schedule usage.,medium,Consider Smart Plug With Timer from Kmart for Television Site Lounge. Estimated saving: $0.98/month with about 40.9 kWh/year reduction.,television,0.64669,0.36083,5.819047619047619,47.6,-48.8,Needs attention,peak-hour usage,"Television Site Lounge is classified as Needs attention. It is 48.8% below the REFIT similar-appliance average, with 702 detected events and 60.9% peak-hour activity.",0.3183,0.5576,0.1292,0.4174,"Matched because this appliance is needs attention, peak-hour usage, and the option balances price, energy reduction, savings and payback."
12,Television Site Lounge,Television Site Lounge,television,Appliance2,0.33133,120.94,2.98,36.28,Bunnings,Timer Plug / Standby Saver,Arlec,24.0,75.0,1.88,45.94,1.11,13.28,21.68,0.3712,0.3798,0.9124,0.5254,0.4781,Control,Best Value,Useful for appliance groups and plug loads.,high,Consider Timer Plug / Standby Saver from Bunnings for Television Site Lounge. Estimated saving: $1.11/month with about 45.9 kWh/year reduction.,television,0.64669,0.36083,5.819047619047619,47.6,-48.8,Needs attention,peak-hour usage,"Television Site Lounge is classified as Needs attention. It is 48.8% below the REFIT similar-appliance average, with 702 detected events and 60.9% peak-hour activity.",0.3109,0.543,0.1267,0.4008,"Matched because this appliance is needs attention, peak-hour usage, and the option balances price, energy reduction, savings and payback."
12,Television Site Lounge,Television Site Lounge,television,Appliance2,0.33133,120.94,2.98,36.28,JB Hi-Fi,Energy Monitoring Smart Plug,TP-Link Tapo,29.0,70.0,1.75,50.94,1.23,14.78,23.54,0.4131,0.4212,0.8961,0.5049,0.5018,Monitoring,Overall,Adds monitoring so recommendations can be updated later.,high,Consider Energy Monitoring Smart Plug from JB Hi-Fi for Television Site Lounge. Estimated saving: $1.23/month with about 50.9 kWh/year reduction.,television,0.64669,0.36083,5.819047619047619,47.6,-48.8,Needs attention,peak-hour usage,"Television Site Lounge is classified as Needs attention. It is 48.8% below the REFIT similar-appliance average, with 702 detected events and 60.9% peak-hour activity.",0.3048,0.5307,0.125,0.3883,"Matched because this appliance is needs attention, peak-hour usage, and the option balances price, energy reduction, savings and payback."
12,Television Site Lounge,Television Site Lounge,television,Appliance2,0.33133,120.94,2.98,36.28,Kmart,Standby Saver Powerboard,Generic,19.0,120.0,3.0,0.94,0.0,0.0,,0.0,0.0077,0.9294,0.0,0.1417,Control,Cheapest,Useful where TV site has multiple standby devices.,low,Consider Standby Saver Powerboard from Kmart for Television Site Lounge. Estimated saving: $0.00/month with about 0.9 kWh/year reduction.,television,0.64669,0.36083,5.819047619047619,47.6,-48.8,Needs attention,peak-hour usage,"Television Site Lounge is classified as Needs attention. It is 48.8% below the REFIT similar-appliance average, with 702 detected events and 60.9% peak-hour activity.",0.2763,0.4897,0.1,0.2823,"Matched because this appliance is needs attention, peak-hour usage, and the option balances price, energy reduction, savings and payback."
12,Television Site Lounge,Television Site Lounge,television,Appliance2,0.33133,120.94,2.98,36.28,JB Hi-Fi,Energy Efficient LED TV,TCL,599.0,95.0,2.38,25.94,0.61,7.28,986.81,0.2036,0.2145,0.2945,0.0237,0.1935,High,Best Value,LED replacement for high TV-site consumption.,medium,Consider Energy Efficient LED TV from JB Hi-Fi for Television Site Lounge. Estimated saving: $0.61/month with about 25.9 kWh/year reduction.,television,0.64669,0.36083,5.819047619047619,47.6,-48.8,Needs attention,peak-hour usage,"Television Site Lounge is classified as Needs attention. It is 48.8% below the REFIT similar-appliance average, with 702 detected events and 60.9% peak-hour activity.",0.1112,0.1391,0.0753,0.0568,"Matched because this appliance is needs attention, peak-hour usage, and the option balances price, energy reduction, savings and payback."
12,Television Site Lounge,Television Site Lounge,television,Appliance2,0.33133,120.94,2.98,36.28,The Good Guys,Low Energy QLED TV,Samsung,899.0,80.0,2.0,40.94,0.98,11.78,915.47,0.3293,0.3385,0.2176,0.0255,0.2697,Premium,Energy Wise,Lower annual kWh for heavy TV use.,medium,Consider Low Energy QLED TV from The Good Guys for Television Site Lounge. Estimated saving: $0.98/month with about 40.9 kWh/year reduction.,television,0.64669,0.36083,5.819047619047619,47.6,-48.8,Needs attention,peak-hour usage,"Television Site Lounge is classified as Needs attention. It is 48.8% below the REFIT similar-appliance average, with 702 detected events and 60.9% peak-hour activity.",0.0968,0.1053,0.0764,0.0466,"Matched because this appliance is needs attention, peak-hour usage, and the option balances price, energy reduction, savings and payback."
12,Toaster,Toaster,toaster,Appliance5,3.75426,1370.31,33.79,411.09,Kmart,Smart Plug With Timer,Generic,19.0,80.0,2.0,1290.31,31.79,381.46,0.6,0.9408,0.9416,0.9294,0.9757,0.9446,Control,Cheapest,Low-cost way to reduce standby and schedule usage.,high,Consider Smart Plug With Timer from Kmart for Toaster. Estimated saving: $31.79/month with about 1290.3 kWh/year reduction.,toaster,6.3147199999999994,4.68782,56.83111111111111,44.4,-40.5,Efficient,normal usage pattern,"Toaster is classified as Efficient. It is 40.5% below the REFIT similar-appliance average, with 91 detected events and 24.1% peak-hour activity.",0.4343,0.6936,0.2429,0.6639,"Matched because this appliance is efficient, normal usage pattern, and the option balances price, energy reduction, savings and payback."
12,Toaster,Toaster,toaster,Appliance5,3.75426,1370.31,33.79,411.09,Bunnings,Timer Plug / Standby Saver,Arlec,24.0,75.0,1.88,1295.31,31.91,382.96,0.75,0.9445,0.9453,0.9124,0.9696,0.9437,Control,Best Value,Useful for appliance groups and plug loads.,high,Consider Timer Plug / Standby Saver from Bunnings for Toaster. Estimated saving: $31.91/month with about 1295.3 kWh/year reduction.,toaster,6.3147199999999994,4.68782,56.83111111111111,44.4,-40.5,Efficient,normal usage pattern,"Toaster is classified as Efficient. It is 40.5% below the REFIT similar-appliance average, with 91 detected events and 24.1% peak-hour activity.",0.4303,0.6846,0.2426,0.6586,"Matched because this appliance is efficient, normal usage pattern, and the option balances price, energy reduction, savings and payback."
12,Toaster,Toaster,toaster,Appliance5,3.75426,1370.31,33.79,411.09,Kmart,Auto-Off 2 Slice Toaster,Anko,29.0,18.0,0.45,1352.31,33.34,400.06,0.87,0.9867,0.9869,0.8961,0.965,0.9699,Efficient,Cheapest,Budget option for low-use cooking loads.,high,Consider Auto-Off 2 Slice Toaster from Kmart for Toaster. Estimated saving: $33.34/month with about 1352.3 kWh/year reduction.,toaster,6.3147199999999994,4.68782,56.83111111111111,44.4,-40.5,Efficient,normal usage pattern,"Toaster is classified as Efficient. It is 40.5% below the REFIT similar-appliance average, with 91 detected events and 24.1% peak-hour activity.",0.4289,0.6775,0.2456,0.6554,"Matched because this appliance is efficient, normal usage pattern, and the option balances price, energy reduction, savings and payback."
12,Toaster,Toaster,toaster,Appliance5,3.75426,1370.31,33.79,411.09,JB Hi-Fi,Energy Monitoring Smart Plug,TP-Link Tapo,29.0,70.0,1.75,1300.31,32.04,384.46,0.91,0.9482,0.9489,0.8961,0.9637,0.9429,Monitoring,Overall,Adds monitoring so recommendations can be updated later.,high,Consider Energy Monitoring Smart Plug from JB Hi-Fi for Toaster. Estimated saving: $32.04/month with about 1300.3 kWh/year reduction.,toaster,6.3147199999999994,4.68782,56.83111111111111,44.4,-40.5,Efficient,normal usage pattern,"Toaster is classified as Efficient. It is 40.5% below the REFIT similar-appliance average, with 91 detected events and 24.1% peak-hour activity.",0.4263,0.6758,0.2423,0.6532,"Matched because this appliance is efficient, normal usage pattern, and the option balances price, energy reduction, savings and payback."
12,Toaster,Toaster,toaster,Appliance5,3.75426,1370.31,33.79,411.09,Big W,Variable Browning Toaster,Sunbeam,59.0,16.0,0.4,1354.31,33.39,400.66,1.77,0.9882,0.9883,0.8091,0.9314,0.9528,High,Best Value,Better controls can reduce repeated use.,high,Consider Variable Browning Toaster from Big W for Toaster. Estimated saving: $33.39/month with about 1354.3 kWh/year reduction.,toaster,6.3147199999999994,4.68782,56.83111111111111,44.4,-40.5,Efficient,normal usage pattern,"Toaster is classified as Efficient. It is 40.5% below the REFIT similar-appliance average, with 91 detected events and 24.1% peak-hour activity.",0.4065,0.63,0.2424,0.6256,"Matched because this appliance is efficient, normal usage pattern, and the option balances price, energy reduction, savings and payback."
13,Computer Site,Computer Site,computer,Appliance7,0.53965,196.97,4.86,59.09,Kmart,Smart Plug With Timer,Generic,19.0,80.0,2.0,116.97,2.86,34.28,6.65,0.5882,0.5939,0.9294,0.783,0.6703,Control,Cheapest,Low-cost way to reduce standby and schedule usage.,high,Consider Smart Plug With Timer from Kmart for Computer Site. Estimated saving: $2.86/month with about 117.0 kWh/year reduction.,computer,0.41818333333333335,0.179285,3.763888888888889,72.2,29.0,Average,"above similar-house benchmark, peak-hour usage, frequent usage, higher monthly cost","Computer Site is classified as Average. It is 29.0% above the REFIT similar-appliance average, with 19580 detected events and 40.7% peak-hour activity.",0.3807,0.6168,0.1937,0.5342,"Matched because this appliance is average, above similar-house benchmark, peak-hour usage, frequent usage, higher monthly cost, and the option balances price, energy reduction, savings and payback."
13,Computer Site,Computer Site,computer,Appliance7,0.53965,196.97,4.86,59.09,Bunnings,Timer Plug / Standby Saver,Arlec,24.0,75.0,1.88,121.97,2.98,35.78,8.05,0.6139,0.6192,0.9124,0.7489,0.6805,Control,Best Value,Useful for appliance groups and plug loads.,high,Consider Timer Plug / Standby Saver from Bunnings for Computer Site. Estimated saving: $2.98/month with about 122.0 kWh/year reduction.,computer,0.41818333333333335,0.179285,3.763888888888889,72.2,29.0,Average,"above similar-house benchmark, peak-hour usage, frequent usage, higher monthly cost","Computer Site is classified as Average. It is 29.0% above the REFIT similar-appliance average, with 19580 detected events and 40.7% peak-hour activity.",0.3724,0.6008,0.1906,0.5147,"Matched because this appliance is average, above similar-house benchmark, peak-hour usage, frequent usage, higher monthly cost, and the option balances price, energy reduction, savings and payback."
13,Computer Site,Computer Site,computer,Appliance7,0.53965,196.97,4.86,59.09,JB Hi-Fi,Energy Monitoring Smart Plug,TP-Link Tapo,29.0,70.0,1.75,126.97,3.11,37.28,9.33,0.6397,0.6446,0.8961,0.72,0.6917,Monitoring,Overall,Adds monitoring so recommendations can be updated later.,high,Consider Energy Monitoring Smart Plug from JB Hi-Fi for Computer Site. Estimated saving: $3.11/month with about 127.0 kWh/year reduction.,computer,0.41818333333333335,0.179285,3.763888888888889,72.2,29.0,Average,"above similar-house benchmark, peak-hour usage, frequent usage, higher monthly cost","Computer Site is classified as Average. It is 29.0% above the REFIT similar-appliance average, with 19580 detected events and 40.7% peak-hour activity.",0.3651,0.5863,0.188,0.498,"Matched because this appliance is average, above similar-house benchmark, peak-hour usage, frequent usage, higher monthly cost, and the option balances price, energy reduction, savings and payback."
13,Computer Site,Computer Site,computer,Appliance7,0.53965,196.97,4.86,59.09,Officeworks,Smart Standby Powerboard,Jackson,39.0,135.0,3.38,61.97,1.48,17.78,26.32,0.3051,0.3146,0.8651,0.477,0.4177,Control,Best Value,"Reduces standby waste from monitors, printers and routers.",medium,Consider Smart Standby Powerboard from Officeworks for Computer Site. Estimated saving: $1.48/month with about 62.0 kWh/year reduction.,computer,0.41818333333333335,0.179285,3.763888888888889,72.2,29.0,Average,"above similar-house benchmark, peak-hour usage, frequent usage, higher monthly cost","Computer Site is classified as Average. It is 29.0% above the REFIT similar-appliance average, with 19580 detected events and 40.7% peak-hour activity.",0.3195,0.51,0.1597,0.37,"Matched because this appliance is average, above similar-house benchmark, peak-hour usage, frequent usage, higher monthly cost, and the option balances price, energy reduction, savings and payback."
13,Computer Site,Computer Site,computer,Appliance7,0.53965,196.97,4.86,59.09,JB Hi-Fi,Energy Efficient Mini PC Setup,Generic,699.0,105.0,2.62,91.97,2.23,26.78,313.19,0.4595,0.4669,0.2634,0.0712,0.3741,High,Energy Wise,Lower-power option for desktop computer sites.,high,Consider Energy Efficient Mini PC Setup from JB Hi-Fi for Computer Site. Estimated saving: $2.23/month with about 92.0 kWh/year reduction.,computer,0.41818333333333335,0.179285,3.763888888888889,72.2,29.0,Average,"above similar-house benchmark, peak-hour usage, frequent usage, higher monthly cost","Computer Site is classified as Average. It is 29.0% above the REFIT similar-appliance average, with 19580 detected events and 40.7% peak-hour activity.",0.1396,0.1386,0.121,0.0777,"Matched because this appliance is average, above similar-house benchmark, peak-hour usage, frequent usage, higher monthly cost, and the option balances price, energy reduction, savings and payback."
13,Dishwasher,Dishwasher,washing machine,Appliance4,1.47989,540.16,13.32,162.05,Kmart,Smart Plug With Timer,Generic,19.0,80.0,2.0,460.16,11.32,135.83,1.68,0.8498,0.8519,0.9294,0.9346,0.8751,Control,Cheapest,Low-cost way to reduce standby and schedule usage.,high,Consider Smart Plug With Timer from Kmart for Dishwasher. Estimated saving: $11.32/month with about 460.2 kWh/year reduction.,washing machine,1.958721081081081,1.22083,17.62810810810811,59.5,-24.4,Average,peak-hour usage,"Dishwasher is classified as Average. It is 24.4% below the REFIT similar-appliance average, with 491 detected events and 27.1% peak-hour activity.",0.4061,0.6631,0.2108,0.6198,"Matched because this appliance is average, peak-hour usage, and the option balances price, energy reduction, savings and payback."
13,Dishwasher,Dishwasher,washing machine,Appliance4,1.47989,540.16,13.32,162.05,Bunnings,Timer Plug / Standby Saver,Arlec,24.0,75.0,1.88,465.16,11.44,137.33,2.1,0.8592,0.8612,0.9124,0.9196,0.8768,Control,Best Value,Useful for appliance groups and plug loads.,high,Consider Timer Plug / Standby Saver from Bunnings for Dishwasher. Estimated saving: $11.44/month with about 465.2 kWh/year reduction.,washing machine,1.958721081081081,1.22083,17.62810810810811,59.5,-24.4,Average,peak-hour usage,"Dishwasher is classified as Average. It is 24.4% below the REFIT similar-appliance average, with 491 detected events and 27.1% peak-hour activity.",0.4007,0.6518,0.2096,0.6099,"Matched because this appliance is average, peak-hour usage, and the option balances price, energy reduction, savings and payback."
13,Dishwasher,Dishwasher,washing machine,Appliance4,1.47989,540.16,13.32,162.05,JB Hi-Fi,Energy Monitoring Smart Plug,TP-Link Tapo,29.0,70.0,1.75,470.16,11.57,138.83,2.51,0.8686,0.8704,0.8961,0.9054,0.8788,Monitoring,Overall,Adds monitoring so recommendations can be updated later.,high,Consider Energy Monitoring Smart Plug from JB Hi-Fi for Dishwasher. Estimated saving: $11.57/month with about 470.2 kWh/year reduction.,washing machine,1.958721081081081,1.22083,17.62810810810811,59.5,-24.4,Average,peak-hour usage,"Dishwasher is classified as Average. It is 24.4% below the REFIT similar-appliance average, with 491 detected events and 27.1% peak-hour activity.",0.3955,0.641,0.2085,0.6004,"Matched because this appliance is average, peak-hour usage, and the option balances price, energy reduction, savings and payback."
13,Dishwasher,Dishwasher,washing machine,Appliance4,1.47989,540.16,13.32,162.05,Big W,Laundry Smart Timer Plug,Generic,29.0,180.0,4.5,360.16,8.82,105.83,3.29,0.6621,0.6668,0.8961,0.8795,0.7312,Control,Cheapest,Low-cost option to shift laundry away from peak hours.,high,Consider Laundry Smart Timer Plug from Big W for Dishwasher. Estimated saving: $8.82/month with about 360.2 kWh/year reduction.,washing machine,1.958721081081081,1.22083,17.62810810810811,59.5,-24.4,Average,peak-hour usage,"Dishwasher is classified as Average. It is 24.4% below the REFIT similar-appliance average, with 491 detected events and 27.1% peak-hour activity.",0.3867,0.6318,0.1991,0.5843,"Matched because this appliance is average, peak-hour usage, and the option balances price, energy reduction, savings and payback."
13,Dishwasher,Dishwasher,washing machine,Appliance4,1.47989,540.16,13.32,162.05,JB Hi-Fi,Inverter Front Loader,LG,799.0,145.0,3.62,395.16,9.69,116.33,82.42,0.7278,0.7316,0.2383,0.2255,0.5802,High,Best Value,Good value inverter option for repeated laundry use.,high,Consider Inverter Front Loader from JB Hi-Fi for Dishwasher. Estimated saving: $9.69/month with about 395.2 kWh/year reduction.,washing machine,1.958721081081081,1.22083,17.62810810810811,59.5,-24.4,Average,peak-hour usage,"Dishwasher is classified as Average. It is 24.4% below the REFIT similar-appliance average, with 491 detected events and 27.1% peak-hour activity.",0.1586,0.1732,0.1359,0.1597,"Matched because this appliance is average, peak-hour usage, and the option balances price, energy reduction, savings and payback."
13,Dishwasher,Dishwasher,washing machine,Appliance4,1.47989,540.16,13.32,162.05,The Good Guys,Front Load Washing Machine,Bosch,849.0,135.0,3.38,405.16,9.94,119.33,85.38,0.7466,0.7501,0.2275,0.2194,0.5907,Premium,Energy Wise,Front loaders are suited to lower water and energy use.,high,Consider Front Load Washing Machine from The Good Guys for Dishwasher. Estimated saving: $9.94/month with about 405.2 kWh/year reduction.,washing machine,1.958721081081081,1.22083,17.62810810810811,59.5,-24.4,Average,peak-hour usage,"Dishwasher is classified as Average. It is 24.4% below the REFIT similar-appliance average, with 491 detected events and 27.1% peak-hour activity.",0.156,0.1671,0.1359,0.1553,"Matched because this appliance is average, peak-hour usage, and the option balances price, energy reduction, savings and payback."
13,Kettle,Kettle,kettle,Appliance9,24.6727,9005.54,222.05,2701.66,Kmart,Smart Plug With Timer,Generic,19.0,80.0,2.0,8925.54,220.05,2640.65,0.09,0.991,0.9911,0.9294,0.9964,0.9826,Control,Cheapest,Low-cost way to reduce standby and schedule usage.,high,Consider Smart Plug With Timer from Kmart for Kettle. Estimated saving: $220.05/month with about 8925.5 kWh/year reduction.,kettle,16.07417125,13.334344999999999,144.66750000000002,75.0,53.5,Average,"above similar-house benchmark, higher monthly cost","Kettle is classified as Average. It is 53.5% above the REFIT similar-appliance average, with 764 detected events and 23.9% peak-hour activity.",0.8097,0.8851,0.7567,0.8917,"Matched because this appliance is average, above similar-house benchmark, higher monthly cost, and the option balances price, energy reduction, savings and payback."
13,Kettle,Kettle,kettle,Appliance9,24.6727,9005.54,222.05,2701.66,Kmart,1.7L Auto-Off Kettle,Anko,25.0,32.0,0.8,8973.54,221.25,2655.05,0.11,0.9964,0.9964,0.9091,0.9953,0.9832,Efficient,Cheapest,Low-cost replacement with auto shut-off.,high,Consider 1.7L Auto-Off Kettle from Kmart for Kettle. Estimated saving: $221.25/month with about 8973.5 kWh/year reduction.,kettle,16.07417125,13.334344999999999,144.66750000000002,75.0,53.5,Average,"above similar-house benchmark, higher monthly cost","Kettle is classified as Average. It is 53.5% above the REFIT similar-appliance average, with 764 detected events and 23.9% peak-hour activity.",0.8077,0.877,0.7596,0.8896,"Matched because this appliance is average, above similar-house benchmark, higher monthly cost, and the option balances price, energy reduction, savings and payback."
13,Kettle,Kettle,kettle,Appliance9,24.6727,9005.54,222.05,2701.66,Bunnings,Timer Plug / Standby Saver,Arlec,24.0,75.0,1.88,8930.54,220.18,2642.15,0.11,0.9916,0.9917,0.9124,0.9955,0.9803,Control,Best Value,Useful for appliance groups and plug loads.,high,Consider Timer Plug / Standby Saver from Bunnings for Kettle. Estimated saving: $220.18/month with about 8930.5 kWh/year reduction.,kettle,16.07417125,13.334344999999999,144.66750000000002,75.0,53.5,Average,"above similar-house benchmark, higher monthly cost","Kettle is classified as Average. It is 53.5% above the REFIT similar-appliance average, with 764 detected events and 23.9% peak-hour activity.",0.8064,0.8774,0.757,0.8889,"Matched because this appliance is average, above similar-house benchmark, higher monthly cost, and the option balances price, energy reduction, savings and payback."
13,Kettle,Kettle,kettle,Appliance9,24.6727,9005.54,222.05,2701.66,JB Hi-Fi,Energy Monitoring Smart Plug,TP-Link Tapo,29.0,70.0,1.75,8935.54,220.3,2643.65,0.13,0.9921,0.9922,0.8961,0.9945,0.9781,Monitoring,Overall,Adds monitoring so recommendations can be updated later.,high,Consider Energy Monitoring Smart Plug from JB Hi-Fi for Kettle. Estimated saving: $220.30/month with about 8935.5 kWh/year reduction.,kettle,16.07417125,13.334344999999999,144.66750000000002,75.0,53.5,Average,"above similar-house benchmark, higher monthly cost","Kettle is classified as Average. It is 53.5% above the REFIT similar-appliance average, with 764 detected events and 23.9% peak-hour activity.",0.8032,0.87,0.7572,0.8861,"Matched because this appliance is average, above similar-house benchmark, higher monthly cost, and the option balances price, energy reduction, savings and payback."
13,Kettle,Kettle,kettle,Appliance9,24.6727,9005.54,222.05,2701.66,Big W,Energy Efficient Kettle,Russell Hobbs,49.0,28.0,0.7,8977.54,221.35,2656.25,0.22,0.9968,0.9969,0.8361,0.9909,0.9719,High,Best Value,Balanced price and energy use.,high,Consider Energy Efficient Kettle from Big W for Kettle. Estimated saving: $221.35/month with about 8977.5 kWh/year reduction.,kettle,16.07417125,13.334344999999999,144.66750000000002,75.0,53.5,Average,"above similar-house benchmark, higher monthly cost","Kettle is classified as Average. It is 53.5% above the REFIT similar-appliance average, with 764 detected events and 23.9% peak-hour activity.",0.7926,0.8431,0.7594,0.8765,"Matched because this appliance is average, above similar-house benchmark, higher monthly cost, and the option balances price, energy reduction, savings and payback."
13,Kettle,Kettle,kettle,Appliance9,24.6727,9005.54,222.05,2701.66,JB Hi-Fi,Smart Temperature Control Kettle,Breville,109.0,24.0,0.6,8981.54,221.45,2657.45,0.49,0.9973,0.9973,0.6964,0.9799,0.9496,Premium,Energy Wise,Temperature control helps reduce repeated boiling.,high,Consider Smart Temperature Control Kettle from JB Hi-Fi for Kettle. Estimated saving: $221.45/month with about 8981.5 kWh/year reduction.,kettle,16.07417125,13.334344999999999,144.66750000000002,75.0,53.5,Average,"above similar-house benchmark, higher monthly cost","Kettle is classified as Average. It is 53.5% above the REFIT similar-appliance average, with 764 detected events and 23.9% peak-hour activity.",0.7632,0.7776,0.7586,0.8502,"Matched because this appliance is average, above similar-house benchmark, higher monthly cost, and the option balances price, energy reduction, savings and payback."
13,Microwave,Microwave,microwave,Appliance8,0.0815,29.75,0.73,8.92,Kmart,Smart Plug With Timer,Generic,19.0,80.0,2.0,0.0,0.0,0.0,,0.0,0.0,0.9294,0.0,0.1394,Control,Cheapest,Low-cost way to reduce standby and schedule usage.,low,Consider Smart Plug With Timer from Kmart for Microwave. Estimated saving: $0.00/month with about 0.0 kWh/year reduction.,microwave,1.693406875,0.12358,15.23875,50.0,-95.2,Needs attention,peak-hour usage,"Microwave is classified as Needs attention. It is 95.2% below the REFIT similar-appliance average, with 634 detected events and 75.3% peak-hour activity.",0.2787,0.4896,0.1036,0.2823,"Matched because this appliance is needs attention, peak-hour usage, and the option balances price, energy reduction, savings and payback."
13,Microwave,Microwave,microwave,Appliance8,0.0815,29.75,0.73,8.92,Bunnings,Timer Plug / Standby Saver,Arlec,24.0,75.0,1.88,0.0,0.0,0.0,,0.0,0.0,0.9124,0.0,0.1369,Control,Best Value,Useful for appliance groups and plug loads.,low,Consider Timer Plug / Standby Saver from Bunnings for Microwave. Estimated saving: $0.00/month with about 0.0 kWh/year reduction.,microwave,1.693406875,0.12358,15.23875,50.0,-95.2,Needs attention,peak-hour usage,"Microwave is classified as Needs attention. It is 95.2% below the REFIT similar-appliance average, with 634 detected events and 75.3% peak-hour activity.",0.2753,0.482,0.1036,0.2797,"Matched because this appliance is needs attention, peak-hour usage, and the option balances price, energy reduction, savings and payback."
13,Microwave,Microwave,microwave,Appliance8,0.0815,29.75,0.73,8.92,JB Hi-Fi,Energy Monitoring Smart Plug,TP-Link Tapo,29.0,70.0,1.75,0.0,0.0,0.0,,0.0,0.0,0.8961,0.0,0.1344,Monitoring,Overall,Adds monitoring so recommendations can be updated later.,low,Consider Energy Monitoring Smart Plug from JB Hi-Fi for Microwave. Estimated saving: $0.00/month with about 0.0 kWh/year reduction.,microwave,1.693406875,0.12358,15.23875,50.0,-95.2,Needs attention,peak-hour usage,"Microwave is classified as Needs attention. It is 95.2% below the REFIT similar-appliance average, with 634 detected events and 75.3% peak-hour activity.",0.2721,0.4747,0.1036,0.2773,"Matched because this appliance is needs attention, peak-hour usage, and the option balances price, energy reduction, savings and payback."
13,Microwave,Microwave,microwave,Appliance8,0.0815,29.75,0.73,8.92,Kmart,Compact Microwave,Anko,99.0,96.0,2.4,0.0,0.0,0.0,,0.0,0.0,0.7163,0.0,0.1074,Standard,Cheapest,Lowest upfront price.,low,Consider Compact Microwave from Kmart for Microwave. Estimated saving: $0.00/month with about 0.0 kWh/year reduction.,microwave,1.693406875,0.12358,15.23875,50.0,-95.2,Needs attention,peak-hour usage,"Microwave is classified as Needs attention. It is 95.2% below the REFIT similar-appliance average, with 634 detected events and 75.3% peak-hour activity.",0.2361,0.3938,0.1036,0.2503,"Matched because this appliance is needs attention, peak-hour usage, and the option balances price, energy reduction, savings and payback."
13,Microwave,Microwave,microwave,Appliance8,0.0815,29.75,0.73,8.92,The Good Guys,900W Efficient Microwave,LG,179.0,82.0,2.05,0.0,0.0,0.0,,0.0,0.0,0.5828,0.0,0.0874,High,Best Value,Good balance of price and energy use.,low,Consider 900W Efficient Microwave from The Good Guys for Microwave. Estimated saving: $0.00/month with about 0.0 kWh/year reduction.,microwave,1.693406875,0.12358,15.23875,50.0,-95.2,Needs attention,peak-hour usage,"Microwave is classified as Needs attention. It is 95.2% below the REFIT similar-appliance average, with 634 detected events and 75.3% peak-hour activity.",0.2094,0.3337,0.1036,0.2303,"Matched because this appliance is needs attention, peak-hour usage, and the option balances price, energy reduction, savings and payback."
13,Microwave,Microwave,microwave,Appliance8,0.0815,29.75,0.73,8.92,JB Hi-Fi,Compact Inverter Microwave,Panasonic,219.0,76.0,1.9,0.0,0.0,0.0,,0.0,0.0,0.533,0.0,0.08,Premium,Energy Wise,Inverter control is suitable for repeated cooking events.,low,Consider Compact Inverter Microwave from JB Hi-Fi for Microwave. Estimated saving: $0.00/month with about 0.0 kWh/year reduction.,microwave,1.693406875,0.12358,15.23875,50.0,-95.2,Needs attention,peak-hour usage,"Microwave is classified as Needs attention. It is 95.2% below the REFIT similar-appliance average, with 634 detected events and 75.3% peak-hour activity.",0.1995,0.3113,0.1036,0.2228,"Matched because this appliance is needs attention, peak-hour usage, and the option balances price, energy reduction, savings and payback."
13,Television Site,Television Site,television,Appliance6,2.4882,908.19,22.39,272.46,Kmart,Smart Plug With Timer,Generic,19.0,80.0,2.0,828.19,20.39,244.73,0.93,0.9107,0.9119,0.9294,0.9626,0.9216,Control,Cheapest,Low-cost way to reduce standby and schedule usage.,high,Consider Smart Plug With Timer from Kmart for Television Site. Estimated saving: $20.39/month with about 828.2 kWh/year reduction.,television,0.64669,0.36083,5.819047619047619,100.0,284.8,Needs attention,"above similar-house benchmark, peak-hour usage, frequent usage, higher monthly cost","Television Site is classified as Needs attention. It is 284.8% above the REFIT similar-appliance average, with 42136 detected events and 46.5% peak-hour activity.",0.4673,0.6791,0.2968,0.6443,"Matched because this appliance is needs attention, above similar-house benchmark, peak-hour usage, frequent usage, higher monthly cost, and the option balances price, energy reduction, savings and payback."
13,Television Site,Television Site,television,Appliance6,2.4882,908.19,22.39,272.46,Kmart,Standby Saver Powerboard,Generic,19.0,120.0,3.0,788.19,19.39,232.73,0.98,0.866,0.8679,0.9294,0.9608,0.8903,Control,Cheapest,Useful where TV site has multiple standby devices.,high,Consider Standby Saver Powerboard from Kmart for Television Site. Estimated saving: $19.39/month with about 788.2 kWh/year reduction.,television,0.64669,0.36083,5.819047619047619,100.0,284.8,Needs attention,"above similar-house benchmark, peak-hour usage, frequent usage, higher monthly cost","Television Site is classified as Needs attention. It is 284.8% above the REFIT similar-appliance average, with 42136 detected events and 46.5% peak-hour activity.",0.4652,0.6776,0.2941,0.6422,"Matched because this appliance is needs attention, above similar-house benchmark, peak-hour usage, frequent usage, higher monthly cost, and the option balances price, energy reduction, savings and payback."
13,Television Site,Television Site,television,Appliance6,2.4882,908.19,22.39,272.46,Bunnings,Timer Plug / Standby Saver,Arlec,24.0,75.0,1.88,833.19,20.52,246.23,1.17,0.9163,0.9174,0.9124,0.9535,0.9216,Control,Best Value,Useful for appliance groups and plug loads.,high,Consider Timer Plug / Standby Saver from Bunnings for Television Site. Estimated saving: $20.52/month with about 833.2 kWh/year reduction.,television,0.64669,0.36083,5.819047619047619,100.0,284.8,Needs attention,"above similar-house benchmark, peak-hour usage, frequent usage, higher monthly cost","Television Site is classified as Needs attention. It is 284.8% above the REFIT similar-appliance average, with 42136 detected events and 46.5% peak-hour activity.",0.4628,0.6693,0.2962,0.6373,"Matched because this appliance is needs attention, above similar-house benchmark, peak-hour usage, frequent usage, higher monthly cost, and the option balances price, energy reduction, savings and payback."
13,Television Site,Television Site,television,Appliance6,2.4882,908.19,22.39,272.46,JB Hi-Fi,Energy Monitoring Smart Plug,TP-Link Tapo,29.0,70.0,1.75,838.19,20.64,247.73,1.4,0.9219,0.9229,0.8961,0.9447,0.9217,Monitoring,Overall,Adds monitoring so recommendations can be updated later.,high,Consider Energy Monitoring Smart Plug from JB Hi-Fi for Television Site. Estimated saving: $20.64/month with about 838.2 kWh/year reduction.,television,0.64669,0.36083,5.819047619047619,100.0,284.8,Needs attention,"above similar-house benchmark, peak-hour usage, frequent usage, higher monthly cost","Television Site is classified as Needs attention. It is 284.8% above the REFIT similar-appliance average, with 42136 detected events and 46.5% peak-hour activity.",0.4584,0.6599,0.2956,0.6307,"Matched because this appliance is needs attention, above similar-house benchmark, peak-hour usage, frequent usage, higher monthly cost, and the option balances price, energy reduction, savings and payback."
13,Television Site,Television Site,television,Appliance1,1.91898,700.43,17.27,210.13,Kmart,Smart Plug With Timer,Generic,19.0,80.0,2.0,620.43,15.27,183.25,1.24,0.8842,0.8858,0.9294,0.9507,0.9014,Control,Cheapest,Low-cost way to reduce standby and schedule usage.,high,Consider Smart Plug With Timer from Kmart for Television Site. Estimated saving: $15.27/month with about 620.4 kWh/year reduction.,television,0.64669,0.36083,5.819047619047619,95.2,196.7,Needs attention,"above similar-house benchmark, peak-hour usage, higher monthly cost","Television Site is classified as Needs attention. It is 196.7% above the REFIT similar-appliance average, with 131 detected events and 29.9% peak-hour activity.",0.4514,0.6711,0.2757,0.6325,"Matched because this appliance is needs attention, above similar-house benchmark, peak-hour usage, higher monthly cost, and the option balances price, energy reduction, savings and payback."
13,Television Site,Television Site,television,Appliance1,1.91898,700.43,17.27,210.13,Kmart,Standby Saver Powerboard,Generic,19.0,120.0,3.0,580.43,14.27,171.25,1.33,0.8263,0.8287,0.9294,0.9474,0.8606,Control,Cheapest,Useful where TV site has multiple standby devices.,high,Consider Standby Saver Powerboard from Kmart for Television Site. Estimated saving: $14.27/month with about 580.4 kWh/year reduction.,television,0.64669,0.36083,5.819047619047619,95.2,196.7,Needs attention,"above similar-house benchmark, peak-hour usage, higher monthly cost","Television Site is classified as Needs attention. It is 196.7% above the REFIT similar-appliance average, with 131 detected events and 29.9% peak-hour activity.",0.4491,0.6692,0.2729,0.6296,"Matched because this appliance is needs attention, above similar-house benchmark, peak-hour usage, higher monthly cost, and the option balances price, energy reduction, savings and payback."
13,Television Site,Television Site,television,Appliance1,1.91898,700.43,17.27,210.13,Bunnings,Timer Plug / Standby Saver,Arlec,24.0,75.0,1.88,625.43,15.4,184.75,1.56,0.8914,0.8929,0.9124,0.939,0.9022,Control,Best Value,Useful for appliance groups and plug loads.,high,Consider Timer Plug / Standby Saver from Bunnings for Television Site. Estimated saving: $15.40/month with about 625.4 kWh/year reduction.,television,0.64669,0.36083,5.819047619047619,95.2,196.7,Needs attention,"above similar-house benchmark, peak-hour usage, higher monthly cost","Television Site is classified as Needs attention. It is 196.7% above the REFIT similar-appliance average, with 131 detected events and 29.9% peak-hour activity.",0.4465,0.6606,0.2748,0.6241,"Matched because this appliance is needs attention, above similar-house benchmark, peak-hour usage, higher monthly cost, and the option balances price, energy reduction, savings and payback."
13,Television Site,Television Site,television,Appliance1,1.91898,700.43,17.27,210.13,JB Hi-Fi,Energy Monitoring Smart Plug,TP-Link Tapo,29.0,70.0,1.75,630.43,15.52,186.25,1.87,0.8987,0.9001,0.8961,0.9278,0.9031,Monitoring,Overall,Adds monitoring so recommendations can be updated later.,high,Consider Energy Monitoring Smart Plug from JB Hi-Fi for Television Site. Estimated saving: $15.52/month with about 630.4 kWh/year reduction.,television,0.64669,0.36083,5.819047619047619,95.2,196.7,Needs attention,"above similar-house benchmark, peak-hour usage, higher monthly cost","Television Site is classified as Needs attention. It is 196.7% above the REFIT similar-appliance average, with 131 detected events and 29.9% peak-hour activity.",0.4418,0.6505,0.274,0.6162,"Matched because this appliance is needs attention, above similar-house benchmark, peak-hour usage, higher monthly cost, and the option balances price, energy reduction, savings and payback."
13,Television Site,Television Site,television,Appliance6,2.4882,908.19,22.39,272.46,JB Hi-Fi,Energy Efficient LED TV,TCL,599.0,95.0,2.38,813.19,20.02,240.23,29.92,0.8939,0.8954,0.2945,0.4451,0.7371,High,Best Value,LED replacement for high TV-site consumption.,high,Consider Energy Efficient LED TV from JB Hi-Fi for Television Site. Estimated saving: $20.02/month with about 813.2 kWh/year reduction.,television,0.64669,0.36083,5.819047619047619,100.0,284.8,Needs attention,"above similar-house benchmark, peak-hour usage, frequent usage, higher monthly cost","Television Site is classified as Needs attention. It is 284.8% above the REFIT similar-appliance average, with 42136 detected events and 46.5% peak-hour activity.",0.262,0.2636,0.2441,0.2899,"Matched because this appliance is needs attention, above similar-house benchmark, peak-hour usage, frequent usage, higher monthly cost, and the option balances price, energy reduction, savings and payback."
13,Television Site,Television Site,television,Appliance1,1.91898,700.43,17.27,210.13,JB Hi-Fi,Energy Efficient LED TV,TCL,599.0,95.0,2.38,605.43,14.9,178.75,40.21,0.8625,0.8644,0.2945,0.3738,0.7045,High,Best Value,LED replacement for high TV-site consumption.,high,Consider Energy Efficient LED TV from JB Hi-Fi for Television Site. Estimated saving: $14.90/month with about 605.4 kWh/year reduction.,television,0.64669,0.36083,5.819047619047619,95.2,196.7,Needs attention,"above similar-house benchmark, peak-hour usage, higher monthly cost","Television Site is classified as Needs attention. It is 196.7% above the REFIT similar-appliance average, with 131 detected events and 29.9% peak-hour activity.",0.2372,0.2407,0.2171,0.2483,"Matched because this appliance is needs attention, above similar-house benchmark, peak-hour usage, higher monthly cost, and the option balances price, energy reduction, savings and payback."
13,Television Site,Television Site,television,Appliance6,2.4882,908.19,22.39,272.46,The Good Guys,Low Energy QLED TV,Samsung,899.0,80.0,2.0,828.19,20.39,244.73,44.08,0.9107,0.9119,0.2176,0.3525,0.7234,Premium,Energy Wise,Lower annual kWh for heavy TV use.,high,Consider Low Energy QLED TV from The Good Guys for Television Site. Estimated saving: $20.39/month with about 828.2 kWh/year reduction.,television,0.64669,0.36083,5.819047619047619,100.0,284.8,Needs attention,"above similar-house benchmark, peak-hour usage, frequent usage, higher monthly cost","Television Site is classified as Needs attention. It is 284.8% above the REFIT similar-appliance average, with 42136 detected events and 46.5% peak-hour activity.",0.2334,0.2062,0.2358,0.2325,"Matched because this appliance is needs attention, above similar-house benchmark, peak-hour usage, frequent usage, higher monthly cost, and the option balances price, energy reduction, savings and payback."
13,Television Site,Television Site,television,Appliance1,1.91898,700.43,17.27,210.13,The Good Guys,Low Energy QLED TV,Samsung,899.0,80.0,2.0,620.43,15.27,183.25,58.87,0.8842,0.8858,0.2176,0.2896,0.6955,Premium,Energy Wise,Lower annual kWh for heavy TV use.,high,Consider Low Energy QLED TV from The Good Guys for Television Site. Estimated saving: $15.27/month with about 620.4 kWh/year reduction.,television,0.64669,0.36083,5.819047619047619,95.2,196.7,Needs attention,"above similar-house benchmark, peak-hour usage, higher monthly cost","Television Site is classified as Needs attention. It is 196.7% above the REFIT similar-appliance average, with 131 detected events and 29.9% peak-hour activity.",0.2099,0.1854,0.2096,0.1951,"Matched because this appliance is needs attention, above similar-house benchmark, peak-hour usage, higher monthly cost, and the option balances price, energy reduction, savings and payback."
13,Tumble Dryer,Tumble Dryer,generic,Appliance5,2.48344,906.46,22.35,271.94,Kmart,Smart Plug With Timer,Generic,19.0,80.0,2.0,826.46,20.35,244.21,0.93,0.9105,0.9117,0.9294,0.9626,0.9215,Control,Cheapest,Low-cost way to reduce standby and schedule usage.,high,Consider Smart Plug With Timer from Kmart for Tumble Dryer. Estimated saving: $20.35/month with about 826.5 kWh/year reduction.,generic,3.5444526086956527,1.83936,31.899565217391302,60.9,-29.9,Average,normal usage pattern,"Tumble Dryer is classified as Average. It is 29.9% below the REFIT similar-appliance average, with 1266 detected events and 24.3% peak-hour activity.",0.4281,0.679,0.238,0.6443,"Matched because this appliance is average, normal usage pattern, and the option balances price, energy reduction, savings and payback."
13,Tumble Dryer,Tumble Dryer,generic,Appliance5,2.48344,906.46,22.35,271.94,Bunnings,Timer Plug / Standby Saver,Arlec,24.0,75.0,1.88,831.46,20.48,245.71,1.17,0.9161,0.9173,0.9124,0.9534,0.9215,Control,Best Value,Useful for appliance groups and plug loads.,high,Consider Timer Plug / Standby Saver from Bunnings for Tumble Dryer. Estimated saving: $20.48/month with about 831.5 kWh/year reduction.,generic,3.5444526086956527,1.83936,31.899565217391302,60.9,-29.9,Average,normal usage pattern,"Tumble Dryer is classified as Average. It is 29.9% below the REFIT similar-appliance average, with 1266 detected events and 24.3% peak-hour activity.",0.4236,0.6692,0.2374,0.6373,"Matched because this appliance is average, normal usage pattern, and the option balances price, energy reduction, savings and payback."
13,Tumble Dryer,Tumble Dryer,generic,Appliance5,2.48344,906.46,22.35,271.94,JB Hi-Fi,Energy Monitoring Smart Plug,TP-Link Tapo,29.0,70.0,1.75,836.46,20.6,247.21,1.41,0.9217,0.9228,0.8961,0.9446,0.9216,Monitoring,Overall,Adds monitoring so recommendations can be updated later.,high,Consider Energy Monitoring Smart Plug from JB Hi-Fi for Tumble Dryer. Estimated saving: $20.60/month with about 836.5 kWh/year reduction.,generic,3.5444526086956527,1.83936,31.899565217391302,60.9,-29.9,Average,normal usage pattern,"Tumble Dryer is classified as Average. It is 29.9% below the REFIT similar-appliance average, with 1266 detected events and 24.3% peak-hour activity.",0.4192,0.6598,0.2368,0.6305,"Matched because this appliance is average, normal usage pattern, and the option balances price, energy reduction, savings and payback."
13,Unknown,Unknown,generic,Appliance2,5.91464,2158.84,53.23,647.65,Kmart,Smart Plug With Timer,Generic,19.0,80.0,2.0,2078.84,51.23,614.78,0.37,0.9624,0.9629,0.9294,0.9848,0.961,Control,Cheapest,Low-cost way to reduce standby and schedule usage.,high,Consider Smart Plug With Timer from Kmart for Unknown. Estimated saving: $51.23/month with about 2078.8 kWh/year reduction.,generic,3.5444526086956527,1.83936,31.899565217391302,82.6,66.9,Needs attention,"above similar-house benchmark, higher monthly cost","Unknown is classified as Needs attention. It is 66.9% above the REFIT similar-appliance average, with 1845 detected events and 22.8% peak-hour activity.",0.5092,0.7151,0.3492,0.691,"Matched because this appliance is needs attention, above similar-house benchmark, higher monthly cost, and the option balances price, energy reduction, savings and payback."
13,Unknown,Unknown,generic,Appliance2,5.91464,2158.84,53.23,647.65,Bunnings,Timer Plug / Standby Saver,Arlec,24.0,75.0,1.88,2083.84,51.36,616.28,0.47,0.9648,0.9653,0.9124,0.9809,0.9595,Control,Best Value,Useful for appliance groups and plug loads.,high,Consider Timer Plug / Standby Saver from Bunnings for Unknown. Estimated saving: $51.36/month with about 2083.8 kWh/year reduction.,generic,3.5444526086956527,1.83936,31.899565217391302,82.6,66.9,Needs attention,"above similar-house benchmark, higher monthly cost","Unknown is classified as Needs attention. It is 66.9% above the REFIT similar-appliance average, with 1845 detected events and 22.8% peak-hour activity.",0.5054,0.7066,0.3491,0.6866,"Matched because this appliance is needs attention, above similar-house benchmark, higher monthly cost, and the option balances price, energy reduction, savings and payback."
13,Unknown,Unknown,generic,Appliance2,5.91464,2158.84,53.23,647.65,JB Hi-Fi,Energy Monitoring Smart Plug,TP-Link Tapo,29.0,70.0,1.75,2088.84,51.48,617.78,0.56,0.9671,0.9676,0.8961,0.9771,0.9581,Monitoring,Overall,Adds monitoring so recommendations can be updated later.,high,Consider Energy Monitoring Smart Plug from JB Hi-Fi for Unknown. Estimated saving: $51.48/month with about 2088.8 kWh/year reduction.,generic,3.5444526086956527,1.83936,31.899565217391302,82.6,66.9,Needs attention,"above similar-house benchmark, higher monthly cost","Unknown is classified as Needs attention. It is 66.9% above the REFIT similar-appliance average, with 1845 detected events and 22.8% peak-hour activity.",0.5018,0.6985,0.3491,0.6825,"Matched because this appliance is needs attention, above similar-house benchmark, higher monthly cost, and the option balances price, energy reduction, savings and payback."
13,Washing Machine,Washing Machine,washing machine,Appliance3,1.16822,426.4,10.51,127.92,Kmart,Smart Plug With Timer,Generic,19.0,80.0,2.0,346.4,8.51,102.17,2.23,0.8098,0.8124,0.9294,0.9149,0.8443,Control,Cheapest,Low-cost way to reduce standby and schedule usage.,high,Consider Smart Plug With Timer from Kmart for Washing Machine. Estimated saving: $8.51/month with about 346.4 kWh/year reduction.,washing machine,1.958721081081081,1.22083,17.62810810810811,48.6,-40.4,Efficient,frequent usage,"Washing Machine is classified as Efficient. It is 40.4% below the REFIT similar-appliance average, with 23513 detected events and 22.7% peak-hour activity.",0.3872,0.6554,0.1855,0.6067,"Matched because this appliance is efficient, frequent usage, and the option balances price, energy reduction, savings and payback."
13,Washing Machine,Washing Machine,washing machine,Appliance3,1.16822,426.4,10.51,127.92,Bunnings,Timer Plug / Standby Saver,Arlec,24.0,75.0,1.88,351.4,8.64,103.67,2.78,0.8217,0.8241,0.9124,0.8963,0.8472,Control,Best Value,Useful for appliance groups and plug loads.,high,Consider Timer Plug / Standby Saver from Bunnings for Washing Machine. Estimated saving: $8.64/month with about 351.4 kWh/year reduction.,washing machine,1.958721081081081,1.22083,17.62810810810811,48.6,-40.4,Efficient,frequent usage,"Washing Machine is classified as Efficient. It is 40.4% below the REFIT similar-appliance average, with 23513 detected events and 22.7% peak-hour activity.",0.3812,0.6432,0.1839,0.5949,"Matched because this appliance is efficient, frequent usage, and the option balances price, energy reduction, savings and payback."
13,Washing Machine,Washing Machine,washing machine,Appliance3,1.16822,426.4,10.51,127.92,JB Hi-Fi,Energy Monitoring Smart Plug,TP-Link Tapo,29.0,70.0,1.75,356.4,8.76,105.17,3.31,0.8336,0.8358,0.8961,0.8788,0.8504,Monitoring,Overall,Adds monitoring so recommendations can be updated later.,high,Consider Energy Monitoring Smart Plug from JB Hi-Fi for Washing Machine. Estimated saving: $8.76/month with about 356.4 kWh/year reduction.,washing machine,1.958721081081081,1.22083,17.62810810810811,48.6,-40.4,Efficient,frequent usage,"Washing Machine is classified as Efficient. It is 40.4% below the REFIT similar-appliance average, with 23513 detected events and 22.7% peak-hour activity.",0.3756,0.6316,0.1825,0.5839,"Matched because this appliance is efficient, frequent usage, and the option balances price, energy reduction, savings and payback."
13,Washing Machine,Washing Machine,washing machine,Appliance3,1.16822,426.4,10.51,127.92,Big W,Laundry Smart Timer Plug,Generic,29.0,180.0,4.5,246.4,6.01,72.17,4.82,0.572,0.5779,0.8961,0.8327,0.6615,Control,Cheapest,Low-cost option to shift laundry away from peak hours.,high,Consider Laundry Smart Timer Plug from Big W for Washing Machine. Estimated saving: $6.01/month with about 246.4 kWh/year reduction.,washing machine,1.958721081081081,1.22083,17.62810810810811,48.6,-40.4,Efficient,frequent usage,"Washing Machine is classified as Efficient. It is 40.4% below the REFIT similar-appliance average, with 23513 detected events and 22.7% peak-hour activity.",0.3637,0.6174,0.1712,0.5577,"Matched because this appliance is efficient, frequent usage, and the option balances price, energy reduction, savings and payback."
13,Washing Machine,Washing Machine,washing machine,Appliance3,1.16822,426.4,10.51,127.92,JB Hi-Fi,Inverter Front Loader,LG,799.0,145.0,3.62,281.4,6.89,82.67,115.98,0.6552,0.6599,0.2383,0.1715,0.5215,High,Best Value,Good value inverter option for repeated laundry use.,high,Consider Inverter Front Loader from JB Hi-Fi for Washing Machine. Estimated saving: $6.89/month with about 281.4 kWh/year reduction.,washing machine,1.958721081081081,1.22083,17.62810810810811,48.6,-40.4,Efficient,frequent usage,"Washing Machine is classified as Efficient. It is 40.4% below the REFIT similar-appliance average, with 23513 detected events and 22.7% peak-hour activity.",0.1345,0.1569,0.1072,0.1294,"Matched because this appliance is efficient, frequent usage, and the option balances price, energy reduction, savings and payback."
13,Washing Machine,Washing Machine,washing machine,Appliance3,1.16822,426.4,10.51,127.92,The Good Guys,Front Load Washing Machine,Bosch,849.0,135.0,3.38,291.4,7.14,85.67,118.92,0.679,0.6834,0.2275,0.1679,0.5359,Premium,Energy Wise,Front loaders are suited to lower water and energy use.,high,Consider Front Load Washing Machine from The Good Guys for Washing Machine. Estimated saving: $7.14/month with about 291.4 kWh/year reduction.,washing machine,1.958721081081081,1.22083,17.62810810810811,48.6,-40.4,Efficient,frequent usage,"Washing Machine is classified as Efficient. It is 40.4% below the REFIT similar-appliance average, with 23513 detected events and 22.7% peak-hour activity.",0.1323,0.1514,0.1074,0.1263,"Matched because this appliance is efficient, frequent usage, and the option balances price, energy reduction, savings and payback."
15,Computer Site,Computer Site,computer,Appliance5,1.26842,462.97,11.42,138.89,Kmart,Smart Plug With Timer,Generic,19.0,80.0,2.0,382.97,9.42,112.99,2.02,0.8248,0.8272,0.9294,0.9224,0.8559,Control,Cheapest,Low-cost way to reduce standby and schedule usage.,high,Consider Smart Plug With Timer from Kmart for Computer Site. Estimated saving: $9.42/month with about 383.0 kWh/year reduction.,computer,0.41818333333333335,0.179285,3.763888888888889,88.9,203.3,Needs attention,"above similar-house benchmark, higher monthly cost","Computer Site is classified as Needs attention. It is 203.3% above the REFIT similar-appliance average, with 342 detected events and 23.2% peak-hour activity.",0.4302,0.6581,0.2489,0.6115,"Matched because this appliance is needs attention, above similar-house benchmark, higher monthly cost, and the option balances price, energy reduction, savings and payback."
15,Computer Site,Computer Site,computer,Appliance5,1.26842,462.97,11.42,138.89,Bunnings,Timer Plug / Standby Saver,Arlec,24.0,75.0,1.88,387.97,9.54,114.49,2.52,0.8358,0.838,0.9124,0.9051,0.8583,Control,Best Value,Useful for appliance groups and plug loads.,high,Consider Timer Plug / Standby Saver from Bunnings for Computer Site. Estimated saving: $9.54/month with about 388.0 kWh/year reduction.,computer,0.41818333333333335,0.179285,3.763888888888889,88.9,203.3,Needs attention,"above similar-house benchmark, higher monthly cost","Computer Site is classified as Needs attention. It is 203.3% above the REFIT similar-appliance average, with 342 detected events and 23.2% peak-hour activity.",0.4245,0.6463,0.2475,0.6004,"Matched because this appliance is needs attention, above similar-house benchmark, higher monthly cost, and the option balances price, energy reduction, savings and payback."
15,Computer Site,Computer Site,computer,Appliance5,1.26842,462.97,11.42,138.89,JB Hi-Fi,Energy Monitoring Smart Plug,TP-Link Tapo,29.0,70.0,1.75,392.97,9.67,115.99,3.0,0.8467,0.8488,0.8961,0.8889,0.8611,Monitoring,Overall,Adds monitoring so recommendations can be updated later.,high,Consider Energy Monitoring Smart Plug from JB Hi-Fi for Computer Site. Estimated saving: $9.67/month with about 393.0 kWh/year reduction.,computer,0.41818333333333335,0.179285,3.763888888888889,88.9,203.3,Needs attention,"above similar-house benchmark, higher monthly cost","Computer Site is classified as Needs attention. It is 203.3% above the REFIT similar-appliance average, with 342 detected events and 23.2% peak-hour activity.",0.419,0.635,0.2462,0.59,"Matched because this appliance is needs attention, above similar-house benchmark, higher monthly cost, and the option balances price, energy reduction, savings and payback."
15,Computer Site,Computer Site,computer,Appliance5,1.26842,462.97,11.42,138.89,Officeworks,Smart Standby Powerboard,Jackson,39.0,135.0,3.38,327.97,8.04,96.49,4.85,0.7044,0.7084,0.8651,0.8319,0.7488,Control,Best Value,"Reduces standby waste from monitors, printers and routers.",high,Consider Smart Standby Powerboard from Officeworks for Computer Site. Estimated saving: $8.04/month with about 328.0 kWh/year reduction.,computer,0.41818333333333335,0.179285,3.763888888888889,88.9,203.3,Needs attention,"above similar-house benchmark, higher monthly cost","Computer Site is classified as Needs attention. It is 203.3% above the REFIT similar-appliance average, with 342 detected events and 23.2% peak-hour activity.",0.4013,0.6052,0.2365,0.555,"Matched because this appliance is needs attention, above similar-house benchmark, higher monthly cost, and the option balances price, energy reduction, savings and payback."
15,Computer Site,Computer Site,computer,Appliance5,1.26842,462.97,11.42,138.89,JB Hi-Fi,Energy Efficient Mini PC Setup,Generic,699.0,105.0,2.62,357.97,8.79,105.49,79.52,0.7701,0.7732,0.2634,0.2318,0.6143,High,Energy Wise,Lower-power option for desktop computer sites.,high,Consider Energy Efficient Mini PC Setup from JB Hi-Fi for Computer Site. Estimated saving: $8.79/month with about 358.0 kWh/year reduction.,computer,0.41818333333333335,0.179285,3.763888888888889,88.9,203.3,Needs attention,"above similar-house benchmark, higher monthly cost","Computer Site is classified as Needs attention. It is 203.3% above the REFIT similar-appliance average, with 342 detected events and 23.2% peak-hour activity.",0.1923,0.1852,0.1783,0.1656,"Matched because this appliance is needs attention, above similar-house benchmark, higher monthly cost, and the option balances price, energy reduction, savings and payback."
15,Dishwasher,Dishwasher,washing machine,Appliance4,8.28481,3023.95,74.56,907.19,Kmart,Smart Plug With Timer,Generic,19.0,80.0,2.0,2943.95,72.56,870.76,0.26,0.9732,0.9735,0.9294,0.9892,0.9691,Control,Cheapest,Low-cost way to reduce standby and schedule usage.,high,Consider Smart Plug With Timer from Kmart for Dishwasher. Estimated saving: $72.56/month with about 2944.0 kWh/year reduction.,washing machine,1.958721081081081,1.22083,17.62810810810811,97.3,323.0,Needs attention,"above similar-house benchmark, peak-hour usage, higher monthly cost","Dishwasher is classified as Needs attention. It is 323.0% above the REFIT similar-appliance average, with 39 detected events and 25.2% peak-hour activity.",0.5633,0.7374,0.4245,0.7179,"Matched because this appliance is needs attention, above similar-house benchmark, peak-hour usage, higher monthly cost, and the option balances price, energy reduction, savings and payback."
15,Dishwasher,Dishwasher,washing machine,Appliance4,8.28481,3023.95,74.56,907.19,Bunnings,Timer Plug / Standby Saver,Arlec,24.0,75.0,1.88,2948.95,72.69,872.26,0.33,0.9749,0.9752,0.9124,0.9864,0.9673,Control,Best Value,Useful for appliance groups and plug loads.,high,Consider Timer Plug / Standby Saver from Bunnings for Dishwasher. Estimated saving: $72.69/month with about 2949.0 kWh/year reduction.,washing machine,1.958721081081081,1.22083,17.62810810810811,97.3,323.0,Needs attention,"above similar-house benchmark, peak-hour usage, higher monthly cost","Dishwasher is classified as Needs attention. It is 323.0% above the REFIT similar-appliance average, with 39 detected events and 25.2% peak-hour activity.",0.5597,0.7292,0.4245,0.714,"Matched because this appliance is needs attention, above similar-house benchmark, peak-hour usage, higher monthly cost, and the option balances price, energy reduction, savings and payback."
15,Dishwasher,Dishwasher,washing machine,Appliance4,8.28481,3023.95,74.56,907.19,JB Hi-Fi,Energy Monitoring Smart Plug,TP-Link Tapo,29.0,70.0,1.75,2953.95,72.81,873.76,0.4,0.9765,0.9769,0.8961,0.9837,0.9656,Monitoring,Overall,Adds monitoring so recommendations can be updated later.,high,Consider Energy Monitoring Smart Plug from JB Hi-Fi for Dishwasher. Estimated saving: $72.81/month with about 2954.0 kWh/year reduction.,washing machine,1.958721081081081,1.22083,17.62810810810811,97.3,323.0,Needs attention,"above similar-house benchmark, peak-hour usage, higher monthly cost","Dishwasher is classified as Needs attention. It is 323.0% above the REFIT similar-appliance average, with 39 detected events and 25.2% peak-hour activity.",0.5562,0.7212,0.4245,0.7103,"Matched because this appliance is needs attention, above similar-house benchmark, peak-hour usage, higher monthly cost, and the option balances price, energy reduction, savings and payback."
15,Dishwasher,Dishwasher,washing machine,Appliance4,8.28481,3023.95,74.56,907.19,Big W,Laundry Smart Timer Plug,Generic,29.0,180.0,4.5,2843.95,70.06,840.76,0.41,0.9396,0.9405,0.8961,0.983,0.9399,Control,Cheapest,Low-cost option to shift laundry away from peak hours.,high,Consider Laundry Smart Timer Plug from Big W for Dishwasher. Estimated saving: $70.06/month with about 2844.0 kWh/year reduction.,washing machine,1.958721081081081,1.22083,17.62810810810811,97.3,323.0,Needs attention,"above similar-house benchmark, peak-hour usage, higher monthly cost","Dishwasher is classified as Needs attention. It is 323.0% above the REFIT similar-appliance average, with 39 detected events and 25.2% peak-hour activity.",0.5512,0.7184,0.4178,0.7069,"Matched because this appliance is needs attention, above similar-house benchmark, peak-hour usage, higher monthly cost, and the option balances price, energy reduction, savings and payback."
15,Dishwasher,Dishwasher,washing machine,Appliance4,8.28481,3023.95,74.56,907.19,JB Hi-Fi,Inverter Front Loader,LG,799.0,145.0,3.62,2878.95,70.94,851.26,11.26,0.9514,0.952,0.2383,0.6806,0.804,High,Best Value,Good value inverter option for repeated laundry use.,high,Consider Inverter Front Loader from JB Hi-Fi for Dishwasher. Estimated saving: $70.94/month with about 2879.0 kWh/year reduction.,washing machine,1.958721081081081,1.22083,17.62810810810811,97.3,323.0,Needs attention,"above similar-house benchmark, peak-hour usage, higher monthly cost","Dishwasher is classified as Needs attention. It is 323.0% above the REFIT similar-appliance average, with 39 detected events and 25.2% peak-hour activity.",0.3758,0.3476,0.3897,0.458,"Matched because this appliance is needs attention, above similar-house benchmark, peak-hour usage, higher monthly cost, and the option balances price, energy reduction, savings and payback."
15,Dishwasher,Dishwasher,washing machine,Appliance4,8.28481,3023.95,74.56,907.19,The Good Guys,Front Load Washing Machine,Bosch,849.0,135.0,3.38,2888.95,71.19,854.26,11.93,0.9547,0.9554,0.2275,0.668,0.8028,Premium,Energy Wise,Front loaders are suited to lower water and energy use.,high,Consider Front Load Washing Machine from The Good Guys for Dishwasher. Estimated saving: $71.19/month with about 2889.0 kWh/year reduction.,washing machine,1.958721081081081,1.22083,17.62810810810811,97.3,323.0,Needs attention,"above similar-house benchmark, peak-hour usage, higher monthly cost","Dishwasher is classified as Needs attention. It is 323.0% above the REFIT similar-appliance average, with 39 detected events and 25.2% peak-hour activity.",0.3722,0.3398,0.389,0.4503,"Matched because this appliance is needs attention, above similar-house benchmark, peak-hour usage, higher monthly cost, and the option balances price, energy reduction, savings and payback."
15,Fridge-Freezer,Fridge-Freezer,fridge,Appliance1,1.79094,653.69,16.12,196.11,Kmart,Smart Plug With Timer,Generic,19.0,80.0,2.0,573.69,14.12,169.42,1.35,0.8759,0.8776,0.9294,0.9469,0.8951,Control,Cheapest,Low-cost way to reduce standby and schedule usage.,high,Consider Smart Plug With Timer from Kmart for Fridge-Freezer. Estimated saving: $14.12/month with about 573.7 kWh/year reduction.,fridge,0.8247209090909091,0.62875,7.422727272727273,86.4,117.2,Needs attention,"above similar-house benchmark, higher monthly cost","Fridge-Freezer is classified as Needs attention. It is 117.2% above the REFIT similar-appliance average, with 1119 detected events and 21.3% peak-hour activity.",0.4399,0.6689,0.2593,0.6291,"Matched because this appliance is needs attention, above similar-house benchmark, higher monthly cost, and the option balances price, energy reduction, savings and payback."
15,Fridge-Freezer,Fridge-Freezer,fridge,Appliance1,1.79094,653.69,16.12,196.11,Bunnings,Timer Plug / Standby Saver,Arlec,24.0,75.0,1.88,578.69,14.24,170.92,1.68,0.8837,0.8853,0.9124,0.9344,0.8961,Control,Best Value,Useful for appliance groups and plug loads.,high,Consider Timer Plug / Standby Saver from Bunnings for Fridge-Freezer. Estimated saving: $14.24/month with about 578.7 kWh/year reduction.,fridge,0.8247209090909091,0.62875,7.422727272727273,86.4,117.2,Needs attention,"above similar-house benchmark, higher monthly cost","Fridge-Freezer is classified as Needs attention. It is 117.2% above the REFIT similar-appliance average, with 1119 detected events and 21.3% peak-hour activity.",0.4349,0.6583,0.2583,0.6206,"Matched because this appliance is needs attention, above similar-house benchmark, higher monthly cost, and the option balances price, energy reduction, savings and payback."
15,Fridge-Freezer,Fridge-Freezer,fridge,Appliance1,1.79094,653.69,16.12,196.11,JB Hi-Fi,Energy Monitoring Smart Plug,TP-Link Tapo,29.0,70.0,1.75,583.69,14.37,172.42,2.02,0.8914,0.8929,0.8961,0.9224,0.8972,Monitoring,Overall,Adds monitoring so recommendations can be updated later.,high,Consider Energy Monitoring Smart Plug from JB Hi-Fi for Fridge-Freezer. Estimated saving: $14.37/month with about 583.7 kWh/year reduction.,fridge,0.8247209090909091,0.62875,7.422727272727273,86.4,117.2,Needs attention,"above similar-house benchmark, higher monthly cost","Fridge-Freezer is classified as Needs attention. It is 117.2% above the REFIT similar-appliance average, with 1119 detected events and 21.3% peak-hour activity.",0.4301,0.648,0.2574,0.6122,"Matched because this appliance is needs attention, above similar-house benchmark, higher monthly cost, and the option balances price, energy reduction, savings and payback."
15,Fridge-Freezer,Fridge-Freezer,fridge,Appliance1,1.79094,653.69,16.12,196.11,JB Hi-Fi,Compact Efficient Fridge,CHiQ,449.0,285.0,7.12,368.69,8.99,107.92,49.93,0.558,0.564,0.3577,0.3247,0.4947,Standard,Cheapest,Lower upfront price for smaller households.,high,Consider Compact Efficient Fridge from JB Hi-Fi for Fridge-Freezer. Estimated saving: $8.99/month with about 368.7 kWh/year reduction.,fridge,0.8247209090909091,0.62875,7.422727272727273,86.4,117.2,Needs attention,"above similar-house benchmark, higher monthly cost","Fridge-Freezer is classified as Needs attention. It is 117.2% above the REFIT similar-appliance average, with 1119 detected events and 21.3% peak-hour activity.",0.223,0.251,0.1845,0.2264,"Matched because this appliance is needs attention, above similar-house benchmark, higher monthly cost, and the option balances price, energy reduction, savings and payback."
15,Fridge-Freezer,Fridge-Freezer,fridge,Appliance1,1.79094,653.69,16.12,196.11,The Good Guys,Energy Efficient Fridge-Freezer,Hisense,699.0,260.0,6.5,393.69,9.62,115.42,72.67,0.5967,0.6023,0.2634,0.2483,0.4961,High,Best Value,Balanced replacement for continuous loads.,high,Consider Energy Efficient Fridge-Freezer from The Good Guys for Fridge-Freezer. Estimated saving: $9.62/month with about 393.7 kWh/year reduction.,fridge,0.8247209090909091,0.62875,7.422727272727273,86.4,117.2,Needs attention,"above similar-house benchmark, higher monthly cost","Fridge-Freezer is classified as Needs attention. It is 117.2% above the REFIT similar-appliance average, with 1119 detected events and 21.3% peak-hour activity.",0.1939,0.1902,0.1784,0.1748,"Matched because this appliance is needs attention, above similar-house benchmark, higher monthly cost, and the option balances price, energy reduction, savings and payback."
15,Fridge-Freezer,Fridge-Freezer,fridge,Appliance1,1.79094,653.69,16.12,196.11,Harvey Norman,Inverter Fridge-Freezer,Samsung,999.0,220.0,5.5,433.69,10.62,127.42,94.08,0.6588,0.6635,0.2002,0.2032,0.5231,Premium,Energy Wise,Inverter compressor suited to always-on refrigeration.,high,Consider Inverter Fridge-Freezer from Harvey Norman for Fridge-Freezer. Estimated saving: $10.62/month with about 433.7 kWh/year reduction.,fridge,0.8247209090909091,0.62875,7.422727272727273,86.4,117.2,Needs attention,"above similar-house benchmark, higher monthly cost","Fridge-Freezer is classified as Needs attention. It is 117.2% above the REFIT similar-appliance average, with 1119 detected events and 21.3% peak-hour activity.",0.1763,0.1514,0.1763,0.1439,"Matched because this appliance is needs attention, above similar-house benchmark, higher monthly cost, and the option balances price, energy reduction, savings and payback."
15,Kettle,Kettle,kettle,Appliance8,29.81624,10882.93,268.35,3264.88,Kmart,Smart Plug With Timer,Generic,19.0,80.0,2.0,10802.93,266.35,3196.15,0.07,0.9925,0.9926,0.9294,0.997,0.9838,Control,Cheapest,Low-cost way to reduce standby and schedule usage.,high,Consider Smart Plug With Timer from Kmart for Kettle. Estimated saving: $266.35/month with about 10802.9 kWh/year reduction.,kettle,16.07417125,13.334344999999999,144.66750000000002,93.8,85.5,Needs attention,"above similar-house benchmark, higher monthly cost","Kettle is classified as Needs attention. It is 85.5% above the REFIT similar-appliance average, with 962 detected events and 24.7% peak-hour activity.",0.9126,0.9312,0.8996,0.9456,"Matched because this appliance is needs attention, above similar-house benchmark, higher monthly cost, and the option balances price, energy reduction, savings and payback."
15,Kettle,Kettle,kettle,Appliance8,29.81624,10882.93,268.35,3264.88,Kmart,1.7L Auto-Off Kettle,Anko,25.0,32.0,0.8,10850.93,267.55,3210.55,0.09,0.997,0.9971,0.9091,0.9961,0.9837,Efficient,Cheapest,Low-cost replacement with auto shut-off.,high,Consider 1.7L Auto-Off Kettle from Kmart for Kettle. Estimated saving: $267.55/month with about 10850.9 kWh/year reduction.,kettle,16.07417125,13.334344999999999,144.66750000000002,93.8,85.5,Needs attention,"above similar-house benchmark, higher monthly cost","Kettle is classified as Needs attention. It is 85.5% above the REFIT similar-appliance average, with 962 detected events and 24.7% peak-hour activity.",0.9106,0.923,0.9025,0.9435,"Matched because this appliance is needs attention, above similar-house benchmark, higher monthly cost, and the option balances price, energy reduction, savings and payback."
15,Kettle,Kettle,kettle,Appliance8,29.81624,10882.93,268.35,3264.88,Bunnings,Timer Plug / Standby Saver,Arlec,24.0,75.0,1.88,10807.93,266.47,3197.65,0.09,0.993,0.9931,0.9124,0.9963,0.9814,Control,Best Value,Useful for appliance groups and plug loads.,high,Consider Timer Plug / Standby Saver from Bunnings for Kettle. Estimated saving: $266.47/month with about 10807.9 kWh/year reduction.,kettle,16.07417125,13.334344999999999,144.66750000000002,93.8,85.5,Needs attention,"above similar-house benchmark, higher monthly cost","Kettle is classified as Needs attention. It is 85.5% above the REFIT similar-appliance average, with 962 detected events and 24.7% peak-hour activity.",0.9093,0.9234,0.8998,0.9427,"Matched because this appliance is needs attention, above similar-house benchmark, higher monthly cost, and the option balances price, energy reduction, savings and payback."
15,Kettle,Kettle,kettle,Appliance8,29.81624,10882.93,268.35,3264.88,JB Hi-Fi,Energy Monitoring Smart Plug,TP-Link Tapo,29.0,70.0,1.75,10812.93,266.6,3199.15,0.11,0.9935,0.9936,0.8961,0.9955,0.9792,Monitoring,Overall,Adds monitoring so recommendations can be updated later.,high,Consider Energy Monitoring Smart Plug from JB Hi-Fi for Kettle. Estimated saving: $266.60/month with about 10812.9 kWh/year reduction.,kettle,16.07417125,13.334344999999999,144.66750000000002,93.8,85.5,Needs attention,"above similar-house benchmark, higher monthly cost","Kettle is classified as Needs attention. It is 85.5% above the REFIT similar-appliance average, with 962 detected events and 24.7% peak-hour activity.",0.9062,0.916,0.9,0.94,"Matched because this appliance is needs attention, above similar-house benchmark, higher monthly cost, and the option balances price, energy reduction, savings and payback."
15,Kettle,Kettle,kettle,Appliance8,29.81624,10882.93,268.35,3264.88,Big W,Energy Efficient Kettle,Russell Hobbs,49.0,28.0,0.7,10854.93,267.65,3211.75,0.18,0.9974,0.9974,0.8361,0.9924,0.9725,High,Best Value,Balanced price and energy use.,high,Consider Energy Efficient Kettle from Big W for Kettle. Estimated saving: $267.65/month with about 10854.9 kWh/year reduction.,kettle,16.07417125,13.334344999999999,144.66750000000002,93.8,85.5,Needs attention,"above similar-house benchmark, higher monthly cost","Kettle is classified as Needs attention. It is 85.5% above the REFIT similar-appliance average, with 962 detected events and 24.7% peak-hour activity.",0.8956,0.8893,0.9023,0.9308,"Matched because this appliance is needs attention, above similar-house benchmark, higher monthly cost, and the option balances price, energy reduction, savings and payback."
15,Kettle,Kettle,kettle,Appliance8,29.81624,10882.93,268.35,3264.88,JB Hi-Fi,Smart Temperature Control Kettle,Breville,109.0,24.0,0.6,10858.93,267.75,3212.95,0.41,0.9978,0.9978,0.6964,0.9833,0.9504,Premium,Energy Wise,Temperature control helps reduce repeated boiling.,high,Consider Smart Temperature Control Kettle from JB Hi-Fi for Kettle. Estimated saving: $267.75/month with about 10858.9 kWh/year reduction.,kettle,16.07417125,13.334344999999999,144.66750000000002,93.8,85.5,Needs attention,"above similar-house benchmark, higher monthly cost","Kettle is classified as Needs attention. It is 85.5% above the REFIT similar-appliance average, with 962 detected events and 24.7% peak-hour activity.",0.8665,0.8242,0.9016,0.9053,"Matched because this appliance is needs attention, above similar-house benchmark, higher monthly cost, and the option balances price, energy reduction, savings and payback."
15,Microwave,Microwave,microwave,Appliance7,0.07156,26.12,0.64,7.84,Kmart,Smart Plug With Timer,Generic,19.0,80.0,2.0,0.0,0.0,0.0,,0.0,0.0,0.9294,0.0,0.1394,Control,Cheapest,Low-cost way to reduce standby and schedule usage.,low,Consider Smart Plug With Timer from Kmart for Microwave. Estimated saving: $0.00/month with about 0.0 kWh/year reduction.,microwave,1.693406875,0.12358,15.23875,43.8,-95.8,Needs attention,peak-hour usage,"Microwave is classified as Needs attention. It is 95.8% below the REFIT similar-appliance average, with 416 detected events and 73.9% peak-hour activity.",0.2725,0.4896,0.0943,0.2823,"Matched because this appliance is needs attention, peak-hour usage, and the option balances price, energy reduction, savings and payback."
15,Microwave,Microwave,microwave,Appliance7,0.07156,26.12,0.64,7.84,Bunnings,Timer Plug / Standby Saver,Arlec,24.0,75.0,1.88,0.0,0.0,0.0,,0.0,0.0,0.9124,0.0,0.1369,Control,Best Value,Useful for appliance groups and plug loads.,low,Consider Timer Plug / Standby Saver from Bunnings for Microwave. Estimated saving: $0.00/month with about 0.0 kWh/year reduction.,microwave,1.693406875,0.12358,15.23875,43.8,-95.8,Needs attention,peak-hour usage,"Microwave is classified as Needs attention. It is 95.8% below the REFIT similar-appliance average, with 416 detected events and 73.9% peak-hour activity.",0.2691,0.482,0.0943,0.2797,"Matched because this appliance is needs attention, peak-hour usage, and the option balances price, energy reduction, savings and payback."
15,Microwave,Microwave,microwave,Appliance7,0.07156,26.12,0.64,7.84,JB Hi-Fi,Energy Monitoring Smart Plug,TP-Link Tapo,29.0,70.0,1.75,0.0,0.0,0.0,,0.0,0.0,0.8961,0.0,0.1344,Monitoring,Overall,Adds monitoring so recommendations can be updated later.,low,Consider Energy Monitoring Smart Plug from JB Hi-Fi for Microwave. Estimated saving: $0.00/month with about 0.0 kWh/year reduction.,microwave,1.693406875,0.12358,15.23875,43.8,-95.8,Needs attention,peak-hour usage,"Microwave is classified as Needs attention. It is 95.8% below the REFIT similar-appliance average, with 416 detected events and 73.9% peak-hour activity.",0.2659,0.4747,0.0943,0.2773,"Matched because this appliance is needs attention, peak-hour usage, and the option balances price, energy reduction, savings and payback."
15,Microwave,Microwave,microwave,Appliance7,0.07156,26.12,0.64,7.84,Kmart,Compact Microwave,Anko,99.0,96.0,2.4,0.0,0.0,0.0,,0.0,0.0,0.7163,0.0,0.1074,Standard,Cheapest,Lowest upfront price.,low,Consider Compact Microwave from Kmart for Microwave. Estimated saving: $0.00/month with about 0.0 kWh/year reduction.,microwave,1.693406875,0.12358,15.23875,43.8,-95.8,Needs attention,peak-hour usage,"Microwave is classified as Needs attention. It is 95.8% below the REFIT similar-appliance average, with 416 detected events and 73.9% peak-hour activity.",0.2299,0.3938,0.0943,0.2503,"Matched because this appliance is needs attention, peak-hour usage, and the option balances price, energy reduction, savings and payback."
15,Microwave,Microwave,microwave,Appliance7,0.07156,26.12,0.64,7.84,The Good Guys,900W Efficient Microwave,LG,179.0,82.0,2.05,0.0,0.0,0.0,,0.0,0.0,0.5828,0.0,0.0874,High,Best Value,Good balance of price and energy use.,low,Consider 900W Efficient Microwave from The Good Guys for Microwave. Estimated saving: $0.00/month with about 0.0 kWh/year reduction.,microwave,1.693406875,0.12358,15.23875,43.8,-95.8,Needs attention,peak-hour usage,"Microwave is classified as Needs attention. It is 95.8% below the REFIT similar-appliance average, with 416 detected events and 73.9% peak-hour activity.",0.2032,0.3337,0.0943,0.2303,"Matched because this appliance is needs attention, peak-hour usage, and the option balances price, energy reduction, savings and payback."
15,Microwave,Microwave,microwave,Appliance7,0.07156,26.12,0.64,7.84,JB Hi-Fi,Compact Inverter Microwave,Panasonic,219.0,76.0,1.9,0.0,0.0,0.0,,0.0,0.0,0.533,0.0,0.08,Premium,Energy Wise,Inverter control is suitable for repeated cooking events.,low,Consider Compact Inverter Microwave from JB Hi-Fi for Microwave. Estimated saving: $0.00/month with about 0.0 kWh/year reduction.,microwave,1.693406875,0.12358,15.23875,43.8,-95.8,Needs attention,peak-hour usage,"Microwave is classified as Needs attention. It is 95.8% below the REFIT similar-appliance average, with 416 detected events and 73.9% peak-hour activity.",0.1933,0.3113,0.0943,0.2228,"Matched because this appliance is needs attention, peak-hour usage, and the option balances price, energy reduction, savings and payback."
15,Television Site,Television Site,television,Appliance6,0.8256,301.34,7.43,90.4,Kmart,Smart Plug With Timer,Generic,19.0,80.0,2.0,221.34,5.43,65.16,3.5,0.7308,0.7345,0.9294,0.8728,0.783,Control,Cheapest,Low-cost way to reduce standby and schedule usage.,high,Consider Smart Plug With Timer from Kmart for Television Site. Estimated saving: $5.43/month with about 221.3 kWh/year reduction.,television,0.64669,0.36083,5.819047619047619,66.7,27.7,Average,"above similar-house benchmark, higher monthly cost","Television Site is classified as Average. It is 27.7% above the REFIT similar-appliance average, with 14 detected events and 9.4% peak-hour activity.",0.3934,0.6418,0.2008,0.582,"Matched because this appliance is average, above similar-house benchmark, higher monthly cost, and the option balances price, energy reduction, savings and payback."
15,Television Site,Television Site,television,Appliance6,0.8256,301.34,7.43,90.4,Kmart,Standby Saver Powerboard,Generic,19.0,120.0,3.0,181.34,4.43,53.16,4.29,0.5963,0.6018,0.9294,0.8484,0.6857,Control,Cheapest,Useful where TV site has multiple standby devices.,high,Consider Standby Saver Powerboard from Kmart for Television Site. Estimated saving: $4.43/month with about 181.3 kWh/year reduction.,television,0.64669,0.36083,5.819047619047619,66.7,27.7,Average,"above similar-house benchmark, higher monthly cost","Television Site is classified as Average. It is 27.7% above the REFIT similar-appliance average, with 14 detected events and 9.4% peak-hour activity.",0.3879,0.6347,0.1959,0.5687,"Matched because this appliance is average, above similar-house benchmark, higher monthly cost, and the option balances price, energy reduction, savings and payback."
15,Television Site,Television Site,television,Appliance6,0.8256,301.34,7.43,90.4,Bunnings,Timer Plug / Standby Saver,Arlec,24.0,75.0,1.88,226.34,5.56,66.66,4.32,0.7477,0.7511,0.9124,0.8475,0.7884,Control,Best Value,Useful for appliance groups and plug loads.,high,Consider Timer Plug / Standby Saver from Bunnings for Television Site. Estimated saving: $5.56/month with about 226.3 kWh/year reduction.,television,0.64669,0.36083,5.819047619047619,66.7,27.7,Average,"above similar-house benchmark, higher monthly cost","Television Site is classified as Average. It is 27.7% above the REFIT similar-appliance average, with 14 detected events and 9.4% peak-hour activity.",0.3864,0.628,0.1986,0.567,"Matched because this appliance is average, above similar-house benchmark, higher monthly cost, and the option balances price, energy reduction, savings and payback."
15,Television Site,Television Site,television,Appliance6,0.8256,301.34,7.43,90.4,JB Hi-Fi,Energy Monitoring Smart Plug,TP-Link Tapo,29.0,70.0,1.75,231.34,5.68,68.16,5.11,0.7645,0.7677,0.8961,0.8246,0.7942,Monitoring,Overall,Adds monitoring so recommendations can be updated later.,high,Consider Energy Monitoring Smart Plug from JB Hi-Fi for Television Site. Estimated saving: $5.68/month with about 231.3 kWh/year reduction.,television,0.64669,0.36083,5.819047619047619,66.7,27.7,Average,"above similar-house benchmark, higher monthly cost","Television Site is classified as Average. It is 27.7% above the REFIT similar-appliance average, with 14 detected events and 9.4% peak-hour activity.",0.3799,0.615,0.1966,0.5532,"Matched because this appliance is average, above similar-house benchmark, higher monthly cost, and the option balances price, energy reduction, savings and payback."
15,Television Site,Television Site,television,Appliance6,0.8256,301.34,7.43,90.4,JB Hi-Fi,Energy Efficient LED TV,TCL,599.0,95.0,2.38,206.34,5.06,60.66,118.49,0.6804,0.6847,0.2945,0.1684,0.547,High,Best Value,LED replacement for high TV-site consumption.,high,Consider Energy Efficient LED TV from JB Hi-Fi for Television Site. Estimated saving: $5.06/month with about 206.3 kWh/year reduction.,television,0.64669,0.36083,5.819047619047619,66.7,27.7,Average,"above similar-house benchmark, higher monthly cost","Television Site is classified as Average. It is 27.7% above the REFIT similar-appliance average, with 14 detected events and 9.4% peak-hour activity.",0.1601,0.1796,0.1295,0.1342,"Matched because this appliance is average, above similar-house benchmark, higher monthly cost, and the option balances price, energy reduction, savings and payback."
15,Television Site,Television Site,television,Appliance6,0.8256,301.34,7.43,90.4,The Good Guys,Low Energy QLED TV,Samsung,899.0,80.0,2.0,221.34,5.43,65.16,165.55,0.7308,0.7345,0.2176,0.1266,0.5643,Premium,Energy Wise,Lower annual kWh for heavy TV use.,high,Consider Low Energy QLED TV from The Good Guys for Television Site. Estimated saving: $5.43/month with about 221.3 kWh/year reduction.,television,0.64669,0.36083,5.819047619047619,66.7,27.7,Average,"above similar-house benchmark, higher monthly cost","Television Site is classified as Average. It is 27.7% above the REFIT similar-appliance average, with 14 detected events and 9.4% peak-hour activity.",0.1391,0.1349,0.1262,0.1022,"Matched because this appliance is average, above similar-house benchmark, higher monthly cost, and the option balances price, energy reduction, savings and payback."
15,Toaster,Toaster,toaster,Appliance9,11.13715,4065.06,100.23,1219.52,Kmart,Smart Plug With Timer,Generic,19.0,80.0,2.0,3985.06,98.23,1178.81,0.19,0.98,0.9803,0.9294,0.992,0.9743,Control,Cheapest,Low-cost way to reduce standby and schedule usage.,high,Consider Smart Plug With Timer from Kmart for Toaster. Estimated saving: $98.23/month with about 3985.1 kWh/year reduction.,toaster,6.3147199999999994,4.68782,56.83111111111111,88.9,76.4,Needs attention,"above similar-house benchmark, peak-hour usage, higher monthly cost","Toaster is classified as Needs attention. It is 76.4% above the REFIT similar-appliance average, with 87 detected events and 25.0% peak-hour activity.",0.6019,0.7635,0.4757,0.7489,"Matched because this appliance is needs attention, above similar-house benchmark, peak-hour usage, higher monthly cost, and the option balances price, energy reduction, savings and payback."
15,Toaster,Toaster,toaster,Appliance9,11.13715,4065.06,100.23,1219.52,Bunnings,Timer Plug / Standby Saver,Arlec,24.0,75.0,1.88,3990.06,98.36,1180.31,0.24,0.9813,0.9816,0.9124,0.9899,0.9723,Control,Best Value,Useful for appliance groups and plug loads.,high,Consider Timer Plug / Standby Saver from Bunnings for Toaster. Estimated saving: $98.36/month with about 3990.1 kWh/year reduction.,toaster,6.3147199999999994,4.68782,56.83111111111111,88.9,76.4,Needs attention,"above similar-house benchmark, peak-hour usage, higher monthly cost","Toaster is classified as Needs attention. It is 76.4% above the REFIT similar-appliance average, with 87 detected events and 25.0% peak-hour activity.",0.5984,0.7555,0.4758,0.7455,"Matched because this appliance is needs attention, above similar-house benchmark, peak-hour usage, higher monthly cost, and the option balances price, energy reduction, savings and payback."
15,Toaster,Toaster,toaster,Appliance9,11.13715,4065.06,100.23,1219.52,Kmart,Auto-Off 2 Slice Toaster,Anko,29.0,18.0,0.45,4047.06,99.78,1197.41,0.29,0.9955,0.9956,0.8961,0.988,0.9795,Efficient,Cheapest,Budget option for low-use cooking loads.,high,Consider Auto-Off 2 Slice Toaster from Kmart for Toaster. Estimated saving: $99.78/month with about 4047.1 kWh/year reduction.,toaster,6.3147199999999994,4.68782,56.83111111111111,88.9,76.4,Needs attention,"above similar-house benchmark, peak-hour usage, higher monthly cost","Toaster is classified as Needs attention. It is 76.4% above the REFIT similar-appliance average, with 87 detected events and 25.0% peak-hour activity.",0.5974,0.749,0.4791,0.7437,"Matched because this appliance is needs attention, above similar-house benchmark, peak-hour usage, higher monthly cost, and the option balances price, energy reduction, savings and payback."
15,Toaster,Toaster,toaster,Appliance9,11.13715,4065.06,100.23,1219.52,JB Hi-Fi,Energy Monitoring Smart Plug,TP-Link Tapo,29.0,70.0,1.75,3995.06,98.48,1181.81,0.29,0.9825,0.9828,0.8961,0.9879,0.9704,Monitoring,Overall,Adds monitoring so recommendations can be updated later.,high,Consider Energy Monitoring Smart Plug from JB Hi-Fi for Toaster. Estimated saving: $98.48/month with about 3995.1 kWh/year reduction.,toaster,6.3147199999999994,4.68782,56.83111111111111,88.9,76.4,Needs attention,"above similar-house benchmark, peak-hour usage, higher monthly cost","Toaster is classified as Needs attention. It is 76.4% above the REFIT similar-appliance average, with 87 detected events and 25.0% peak-hour activity.",0.5951,0.7477,0.4759,0.7422,"Matched because this appliance is needs attention, above similar-house benchmark, peak-hour usage, higher monthly cost, and the option balances price, energy reduction, savings and payback."
15,Toaster,Toaster,toaster,Appliance9,11.13715,4065.06,100.23,1219.52,Big W,Variable Browning Toaster,Sunbeam,59.0,16.0,0.4,4049.06,99.83,1198.01,0.59,0.996,0.9961,0.8091,0.976,0.965,High,Best Value,Better controls can reduce repeated use.,high,Consider Variable Browning Toaster from Big W for Toaster. Estimated saving: $99.83/month with about 4049.1 kWh/year reduction.,toaster,6.3147199999999994,4.68782,56.83111111111111,88.9,76.4,Needs attention,"above similar-house benchmark, peak-hour usage, higher monthly cost","Toaster is classified as Needs attention. It is 76.4% above the REFIT similar-appliance average, with 87 detected events and 25.0% peak-hour activity.",0.5783,0.7069,0.478,0.7247,"Matched because this appliance is needs attention, above similar-house benchmark, peak-hour usage, higher monthly cost, and the option balances price, energy reduction, savings and payback."
15,Tumble Dryer,Tumble Dryer,generic,Appliance2,16.92955,6179.29,152.37,1853.79,Kmart,Smart Plug With Timer,Generic,19.0,80.0,2.0,6099.29,150.37,1804.39,0.13,0.9869,0.9871,0.9294,0.9948,0.9795,Control,Cheapest,Low-cost way to reduce standby and schedule usage.,high,Consider Smart Plug With Timer from Kmart for Tumble Dryer. Estimated saving: $150.37/month with about 6099.3 kWh/year reduction.,generic,3.5444526086956527,1.83936,31.899565217391302,100.0,377.6,Needs attention,"above similar-house benchmark, higher monthly cost","Tumble Dryer is classified as Needs attention. It is 377.6% above the REFIT similar-appliance average, with 383 detected events and 24.9% peak-hour activity.",0.708,0.8157,0.6216,0.8104,"Matched because this appliance is needs attention, above similar-house benchmark, higher monthly cost, and the option balances price, energy reduction, savings and payback."
15,Tumble Dryer,Tumble Dryer,generic,Appliance2,16.92955,6179.29,152.37,1853.79,Bunnings,Timer Plug / Standby Saver,Arlec,24.0,75.0,1.88,6104.29,150.49,1805.89,0.16,0.9877,0.9879,0.9124,0.9934,0.9773,Control,Best Value,Useful for appliance groups and plug loads.,high,Consider Timer Plug / Standby Saver from Bunnings for Tumble Dryer. Estimated saving: $150.49/month with about 6104.3 kWh/year reduction.,generic,3.5444526086956527,1.83936,31.899565217391302,100.0,377.6,Needs attention,"above similar-house benchmark, higher monthly cost","Tumble Dryer is classified as Needs attention. It is 377.6% above the REFIT similar-appliance average, with 383 detected events and 24.9% peak-hour activity.",0.7046,0.8079,0.6218,0.8074,"Matched because this appliance is needs attention, above similar-house benchmark, higher monthly cost, and the option balances price, energy reduction, savings and payback."
15,Tumble Dryer,Tumble Dryer,generic,Appliance2,16.92955,6179.29,152.37,1853.79,JB Hi-Fi,Energy Monitoring Smart Plug,TP-Link Tapo,29.0,70.0,1.75,6109.29,150.62,1807.39,0.19,0.9885,0.9887,0.8961,0.992,0.9752,Monitoring,Overall,Adds monitoring so recommendations can be updated later.,high,Consider Energy Monitoring Smart Plug from JB Hi-Fi for Tumble Dryer. Estimated saving: $150.62/month with about 6109.3 kWh/year reduction.,generic,3.5444526086956527,1.83936,31.899565217391302,100.0,377.6,Needs attention,"above similar-house benchmark, higher monthly cost","Tumble Dryer is classified as Needs attention. It is 377.6% above the REFIT similar-appliance average, with 383 detected events and 24.9% peak-hour activity.",0.7014,0.8004,0.622,0.8044,"Matched because this appliance is needs attention, above similar-house benchmark, higher monthly cost, and the option balances price, energy reduction, savings and payback."
15,Washing Machine,Washing Machine,washing machine,Appliance3,2.03055,741.15,18.27,222.34,Kmart,Smart Plug With Timer,Generic,19.0,80.0,2.0,661.15,16.27,195.3,1.17,0.8906,0.8921,0.9294,0.9536,0.9063,Control,Cheapest,Low-cost way to reduce standby and schedule usage.,high,Consider Smart Plug With Timer from Kmart for Washing Machine. Estimated saving: $16.27/month with about 661.1 kWh/year reduction.,washing machine,1.958721081081081,1.22083,17.62810810810811,75.7,3.7,Average,"frequent usage, higher monthly cost","Washing Machine is classified as Average. It is 3.7% above the REFIT similar-appliance average, with 8650 detected events and 24.6% peak-hour activity.",0.4342,0.6727,0.2492,0.635,"Matched because this appliance is average, frequent usage, higher monthly cost, and the option balances price, energy reduction, savings and payback."
15,Washing Machine,Washing Machine,washing machine,Appliance3,2.03055,741.15,18.27,222.34,Bunnings,Timer Plug / Standby Saver,Arlec,24.0,75.0,1.88,666.15,16.4,196.8,1.46,0.8974,0.8988,0.9124,0.9425,0.9068,Control,Best Value,Useful for appliance groups and plug loads.,high,Consider Timer Plug / Standby Saver from Bunnings for Washing Machine. Estimated saving: $16.40/month with about 666.1 kWh/year reduction.,washing machine,1.958721081081081,1.22083,17.62810810810811,75.7,3.7,Average,"frequent usage, higher monthly cost","Washing Machine is classified as Average. It is 3.7% above the REFIT similar-appliance average, with 8650 detected events and 24.6% peak-hour activity.",0.4294,0.6625,0.2484,0.6271,"Matched because this appliance is average, frequent usage, higher monthly cost, and the option balances price, energy reduction, savings and payback."
15,Washing Machine,Washing Machine,washing machine,Appliance3,2.03055,741.15,18.27,222.34,JB Hi-Fi,Energy Monitoring Smart Plug,TP-Link Tapo,29.0,70.0,1.75,671.15,16.52,198.3,1.75,0.9042,0.9056,0.8961,0.9319,0.9075,Monitoring,Overall,Adds monitoring so recommendations can be updated later.,high,Consider Energy Monitoring Smart Plug from JB Hi-Fi for Washing Machine. Estimated saving: $16.52/month with about 671.1 kWh/year reduction.,washing machine,1.958721081081081,1.22083,17.62810810810811,75.7,3.7,Average,"frequent usage, higher monthly cost","Washing Machine is classified as Average. It is 3.7% above the REFIT similar-appliance average, with 8650 detected events and 24.6% peak-hour activity.",0.4247,0.6526,0.2477,0.6195,"Matched because this appliance is average, frequent usage, higher monthly cost, and the option balances price, energy reduction, savings and payback."
15,Washing Machine,Washing Machine,washing machine,Appliance3,2.03055,741.15,18.27,222.34,Big W,Laundry Smart Timer Plug,Generic,29.0,180.0,4.5,561.15,13.77,165.3,2.11,0.7538,0.7571,0.8961,0.9194,0.801,Control,Cheapest,Low-cost option to shift laundry away from peak hours.,high,Consider Laundry Smart Timer Plug from Big W for Washing Machine. Estimated saving: $13.77/month with about 561.1 kWh/year reduction.,washing machine,1.958721081081081,1.22083,17.62810810810811,75.7,3.7,Average,"frequent usage, higher monthly cost","Washing Machine is classified as Average. It is 3.7% above the REFIT similar-appliance average, with 8650 detected events and 24.6% peak-hour activity.",0.4178,0.6467,0.2397,0.6099,"Matched because this appliance is average, frequent usage, higher monthly cost, and the option balances price, energy reduction, savings and payback."
15,Washing Machine,Washing Machine,washing machine,Appliance3,2.03055,741.15,18.27,222.34,JB Hi-Fi,Inverter Front Loader,LG,799.0,145.0,3.62,596.15,14.65,175.8,54.54,0.8016,0.8044,0.2383,0.3056,0.6435,High,Best Value,Good value inverter option for repeated laundry use.,high,Consider Inverter Front Loader from JB Hi-Fi for Washing Machine. Estimated saving: $14.65/month with about 596.1 kWh/year reduction.,washing machine,1.958721081081081,1.22083,17.62810810810811,75.7,3.7,Average,"frequent usage, higher monthly cost","Washing Machine is classified as Average. It is 3.7% above the REFIT similar-appliance average, with 8650 detected events and 24.6% peak-hour activity.",0.1958,0.1982,0.1804,0.2055,"Matched because this appliance is average, frequent usage, higher monthly cost, and the option balances price, energy reduction, savings and payback."
15,Washing Machine,Washing Machine,washing machine,Appliance3,2.03055,741.15,18.27,222.34,The Good Guys,Front Load Washing Machine,Bosch,849.0,135.0,3.38,606.15,14.9,178.8,56.98,0.8153,0.8179,0.2275,0.2964,0.6501,Premium,Energy Wise,Front loaders are suited to lower water and energy use.,high,Consider Front Load Washing Machine from The Good Guys for Washing Machine. Estimated saving: $14.90/month with about 606.1 kWh/year reduction.,washing machine,1.958721081081081,1.22083,17.62810810810811,75.7,3.7,Average,"frequent usage, higher monthly cost","Washing Machine is classified as Average. It is 3.7% above the REFIT similar-appliance average, with 8650 detected events and 24.6% peak-hour activity.",0.1927,0.1912,0.1801,0.1995,"Matched because this appliance is average, frequent usage, higher monthly cost, and the option balances price, energy reduction, savings and payback."
16,Computer Site,Computer Site,computer,Appliance7,0.21561,78.7,1.94,23.61,Kmart,Smart Plug With Timer,Generic,19.0,80.0,2.0,0.0,0.0,0.0,,0.0,0.0,0.9294,0.0,0.1394,Control,Cheapest,Low-cost way to reduce standby and schedule usage.,low,Consider Smart Plug With Timer from Kmart for Computer Site. Estimated saving: $0.00/month with about 0.0 kWh/year reduction.,computer,0.41818333333333335,0.179285,3.763888888888889,61.1,-48.4,Average,"peak-hour usage, frequent usage","Computer Site is classified as Average. It is 48.4% below the REFIT similar-appliance average, with 10910 detected events and 28.9% peak-hour activity.",0.2898,0.4896,0.1202,0.2823,"Matched because this appliance is average, peak-hour usage, frequent usage, and the option balances price, energy reduction, savings and payback."
16,Computer Site,Computer Site,computer,Appliance7,0.21561,78.7,1.94,23.61,Officeworks,Smart Standby Powerboard,Jackson,39.0,135.0,3.38,0.0,0.0,0.0,,0.0,0.0,0.8651,0.0,0.1298,Control,Best Value,"Reduces standby waste from monitors, printers and routers.",low,Consider Smart Standby Powerboard from Officeworks for Computer Site. Estimated saving: $0.00/month with about 0.0 kWh/year reduction.,computer,0.41818333333333335,0.179285,3.763888888888889,61.1,-48.4,Average,"peak-hour usage, frequent usage","Computer Site is classified as Average. It is 48.4% below the REFIT similar-appliance average, with 10910 detected events and 28.9% peak-hour activity.",0.277,0.4607,0.1202,0.2726,"Matched because this appliance is average, peak-hour usage, frequent usage, and the option balances price, energy reduction, savings and payback."
16,Computer Site,Computer Site,computer,Appliance7,0.21561,78.7,1.94,23.61,JB Hi-Fi,Energy Monitoring Smart Plug,TP-Link Tapo,29.0,70.0,1.75,8.7,0.19,2.29,152.21,0.0982,0.1105,0.8961,0.1362,0.2273,Monitoring,Overall,Adds monitoring so recommendations can be updated later.,low,Consider Energy Monitoring Smart Plug from JB Hi-Fi for Computer Site. Estimated saving: $0.19/month with about 8.7 kWh/year reduction.,computer,0.41818333333333335,0.179285,3.763888888888889,61.1,-48.4,Average,"peak-hour usage, frequent usage","Computer Site is classified as Average. It is 48.4% below the REFIT similar-appliance average, with 10910 detected events and 28.9% peak-hour activity.",0.2611,0.4375,0.1058,0.2027,"Matched because this appliance is average, peak-hour usage, frequent usage, and the option balances price, energy reduction, savings and payback."
16,Computer Site,Computer Site,computer,Appliance7,0.21561,78.7,1.94,23.61,Bunnings,Timer Plug / Standby Saver,Arlec,24.0,75.0,1.88,3.7,0.07,0.79,366.28,0.0338,0.047,0.9124,0.0615,0.1737,Control,Best Value,Useful for appliance groups and plug loads.,low,Consider Timer Plug / Standby Saver from Bunnings for Computer Site. Estimated saving: $0.07/month with about 3.7 kWh/year reduction.,computer,0.41818333333333335,0.179285,3.763888888888889,61.1,-48.4,Average,"peak-hour usage, frequent usage","Computer Site is classified as Average. It is 48.4% below the REFIT similar-appliance average, with 10910 detected events and 28.9% peak-hour activity.",0.253,0.426,0.098,0.1677,"Matched because this appliance is average, peak-hour usage, frequent usage, and the option balances price, energy reduction, savings and payback."
16,Computer Site,Computer Site,computer,Appliance7,0.21561,78.7,1.94,23.61,JB Hi-Fi,Energy Efficient Mini PC Setup,Generic,699.0,105.0,2.62,0.0,0.0,0.0,,0.0,0.0,0.2634,0.0,0.0395,High,Energy Wise,Lower-power option for desktop computer sites.,low,Consider Energy Efficient Mini PC Setup from JB Hi-Fi for Computer Site. Estimated saving: $0.00/month with about 0.0 kWh/year reduction.,computer,0.41818333333333335,0.179285,3.763888888888889,61.1,-48.4,Average,"peak-hour usage, frequent usage","Computer Site is classified as Average. It is 48.4% below the REFIT similar-appliance average, with 10910 detected events and 28.9% peak-hour activity.",0.1566,0.19,0.1202,0.1824,"Matched because this appliance is average, peak-hour usage, frequent usage, and the option balances price, energy reduction, savings and payback."
16,Dehumidifier / Heater,Dehumidifier / Heater,heater,Appliance9,1.54766,564.9,13.93,169.47,Kmart,Smart Plug With Timer,Generic,19.0,80.0,2.0,484.9,11.93,143.15,1.59,0.8564,0.8584,0.9294,0.9378,0.8801,Control,Cheapest,Low-cost way to reduce standby and schedule usage.,high,Consider Smart Plug With Timer from Kmart for Dehumidifier / Heater. Estimated saving: $11.93/month with about 484.9 kWh/year reduction.,heater,4.664432,1.54766,41.977999999999994,60.0,-66.8,Average,peak-hour usage,"Dehumidifier / Heater is classified as Average. It is 66.8% below the REFIT similar-appliance average, with 289 detected events and 27.6% peak-hour activity.",0.4082,0.6645,0.2134,0.6221,"Matched because this appliance is average, peak-hour usage, and the option balances price, energy reduction, savings and payback."
16,Dehumidifier / Heater,Dehumidifier / Heater,heater,Appliance9,1.54766,564.9,13.93,169.47,Bunnings,Timer Plug / Standby Saver,Arlec,24.0,75.0,1.88,489.9,12.05,144.65,1.99,0.8654,0.8672,0.9124,0.9234,0.8817,Control,Best Value,Useful for appliance groups and plug loads.,high,Consider Timer Plug / Standby Saver from Bunnings for Dehumidifier / Heater. Estimated saving: $12.05/month with about 489.9 kWh/year reduction.,heater,4.664432,1.54766,41.977999999999994,60.0,-66.8,Average,peak-hour usage,"Dehumidifier / Heater is classified as Average. It is 66.8% below the REFIT similar-appliance average, with 289 detected events and 27.6% peak-hour activity.",0.4029,0.6534,0.2122,0.6125,"Matched because this appliance is average, peak-hour usage, and the option balances price, energy reduction, savings and payback."
16,Dehumidifier / Heater,Dehumidifier / Heater,heater,Appliance9,1.54766,564.9,13.93,169.47,JB Hi-Fi,Energy Monitoring Smart Plug,TP-Link Tapo,29.0,70.0,1.75,494.9,12.18,146.15,2.38,0.8744,0.8761,0.8961,0.9097,0.8834,Monitoring,Overall,Adds monitoring so recommendations can be updated later.,high,Consider Energy Monitoring Smart Plug from JB Hi-Fi for Dehumidifier / Heater. Estimated saving: $12.18/month with about 494.9 kWh/year reduction.,heater,4.664432,1.54766,41.977999999999994,60.0,-66.8,Average,peak-hour usage,"Dehumidifier / Heater is classified as Average. It is 66.8% below the REFIT similar-appliance average, with 289 detected events and 27.6% peak-hour activity.",0.3978,0.6427,0.2112,0.6034,"Matched because this appliance is average, peak-hour usage, and the option balances price, energy reduction, savings and payback."
16,Dehumidifier / Heater,Dehumidifier / Heater,heater,Appliance9,1.54766,564.9,13.93,169.47,Bunnings,Programmable Heater Timer,Arlec,24.0,420.0,10.5,144.9,3.43,41.15,7.0,0.2462,0.2565,0.9124,0.7742,0.4284,Control,Cheapest,Helps avoid heater running outside needed hours.,medium,Consider Programmable Heater Timer from Bunnings for Dehumidifier / Heater. Estimated saving: $3.43/month with about 144.9 kWh/year reduction.,heater,4.664432,1.54766,41.977999999999994,60.0,-66.8,Average,peak-hour usage,"Dehumidifier / Heater is classified as Average. It is 66.8% below the REFIT similar-appliance average, with 289 detected events and 27.6% peak-hour activity.",0.365,0.6076,0.1761,0.528,"Matched because this appliance is average, peak-hour usage, and the option balances price, energy reduction, savings and payback."
16,Dehumidifier / Heater,Dehumidifier / Heater,heater,Appliance9,1.54766,564.9,13.93,169.47,Big W,Timer Controlled Heater,Dimplex,129.0,360.0,9.0,204.9,4.93,59.15,26.17,0.3539,0.3627,0.6596,0.4784,0.4211,High,Best Value,Timer function supports behaviour-based saving.,high,Consider Timer Controlled Heater from Big W for Dehumidifier / Heater. Estimated saving: $4.93/month with about 204.9 kWh/year reduction.,heater,4.664432,1.54766,41.977999999999994,60.0,-66.8,Average,peak-hour usage,"Dehumidifier / Heater is classified as Average. It is 66.8% below the REFIT similar-appliance average, with 289 detected events and 27.6% peak-hour activity.",0.2727,0.4213,0.1502,0.3439,"Matched because this appliance is average, peak-hour usage, and the option balances price, energy reduction, savings and payback."
16,Dehumidifier / Heater,Dehumidifier / Heater,heater,Appliance9,1.54766,564.9,13.93,169.47,Harvey Norman,Efficient Panel Heater,Noirot,349.0,300.0,7.5,264.9,6.43,77.15,54.29,0.4616,0.4689,0.4174,0.3066,0.4339,Premium,Energy Wise,Better for frequent heating periods.,high,Consider Efficient Panel Heater from Harvey Norman for Dehumidifier / Heater. Estimated saving: $6.43/month with about 264.9 kWh/year reduction.,heater,4.664432,1.54766,41.977999999999994,60.0,-66.8,Average,peak-hour usage,"Dehumidifier / Heater is classified as Average. It is 66.8% below the REFIT similar-appliance average, with 289 detected events and 27.6% peak-hour activity.",0.2012,0.2708,0.1367,0.2233,"Matched because this appliance is average, peak-hour usage, and the option balances price, energy reduction, savings and payback."
16,Dishwasher,Dishwasher,washing machine,Appliance6,0.73999,270.09,6.66,81.03,Kmart,Smart Plug With Timer,Generic,19.0,80.0,2.0,190.09,4.66,55.92,4.08,0.6997,0.7038,0.9294,0.8548,0.7586,Control,Cheapest,Low-cost way to reduce standby and schedule usage.,high,Consider Smart Plug With Timer from Kmart for Dishwasher. Estimated saving: $4.66/month with about 190.1 kWh/year reduction.,washing machine,1.958721081081081,1.22083,17.62810810810811,32.4,-62.2,Average,peak-hour usage,"Dishwasher is classified as Average. It is 62.2% below the REFIT similar-appliance average, with 555 detected events and 29.1% peak-hour activity.",0.355,0.6365,0.1456,0.5721,"Matched because this appliance is average, peak-hour usage, and the option balances price, energy reduction, savings and payback."
16,Dishwasher,Dishwasher,washing machine,Appliance6,0.73999,270.09,6.66,81.03,Bunnings,Timer Plug / Standby Saver,Arlec,24.0,75.0,1.88,195.09,4.78,57.42,5.02,0.7185,0.7223,0.9124,0.8271,0.765,Control,Best Value,Useful for appliance groups and plug loads.,high,Consider Timer Plug / Standby Saver from Bunnings for Dishwasher. Estimated saving: $4.78/month with about 195.1 kWh/year reduction.,washing machine,1.958721081081081,1.22083,17.62810810810811,32.4,-62.2,Average,peak-hour usage,"Dishwasher is classified as Average. It is 62.2% below the REFIT similar-appliance average, with 555 detected events and 29.1% peak-hour activity.",0.3476,0.6221,0.1432,0.5559,"Matched because this appliance is average, peak-hour usage, and the option balances price, energy reduction, savings and payback."
16,Dishwasher,Dishwasher,washing machine,Appliance6,0.73999,270.09,6.66,81.03,JB Hi-Fi,Energy Monitoring Smart Plug,TP-Link Tapo,29.0,70.0,1.75,200.09,4.91,58.92,5.91,0.7372,0.7408,0.8961,0.8025,0.7719,Monitoring,Overall,Adds monitoring so recommendations can be updated later.,high,Consider Energy Monitoring Smart Plug from JB Hi-Fi for Dishwasher. Estimated saving: $4.91/month with about 200.1 kWh/year reduction.,washing machine,1.958721081081081,1.22083,17.62810810810811,32.4,-62.2,Average,peak-hour usage,"Dishwasher is classified as Average. It is 62.2% below the REFIT similar-appliance average, with 555 detected events and 29.1% peak-hour activity.",0.3409,0.6087,0.141,0.5413,"Matched because this appliance is average, peak-hour usage, and the option balances price, energy reduction, savings and payback."
16,Dishwasher,Dishwasher,washing machine,Appliance6,0.73999,270.09,6.66,81.03,Big W,Laundry Smart Timer Plug,Generic,29.0,180.0,4.5,90.09,2.16,25.92,13.43,0.3243,0.3336,0.8961,0.6413,0.4604,Control,Cheapest,Low-cost option to shift laundry away from peak hours.,medium,Consider Laundry Smart Timer Plug from Big W for Dishwasher. Estimated saving: $2.16/month with about 90.1 kWh/year reduction.,washing machine,1.958721081081081,1.22083,17.62810810810811,32.4,-62.2,Average,peak-hour usage,"Dishwasher is classified as Average. It is 62.2% below the REFIT similar-appliance average, with 555 detected events and 29.1% peak-hour activity.",0.3118,0.5657,0.1182,0.4575,"Matched because this appliance is average, peak-hour usage, and the option balances price, energy reduction, savings and payback."
16,Dishwasher,Dishwasher,washing machine,Appliance6,0.73999,270.09,6.66,81.03,JB Hi-Fi,Inverter Front Loader,LG,799.0,145.0,3.62,125.09,3.03,36.42,263.27,0.4557,0.4632,0.2383,0.0835,0.3695,High,Best Value,Good value inverter option for repeated laundry use.,high,Consider Inverter Front Loader from JB Hi-Fi for Dishwasher. Estimated saving: $3.03/month with about 125.1 kWh/year reduction.,washing machine,1.958721081081081,1.22083,17.62810810810811,32.4,-62.2,Average,peak-hour usage,"Dishwasher is classified as Average. It is 62.2% below the REFIT similar-appliance average, with 555 detected events and 29.1% peak-hour activity.",0.0981,0.1311,0.0645,0.081,"Matched because this appliance is average, peak-hour usage, and the option balances price, energy reduction, savings and payback."
16,Dishwasher,Dishwasher,washing machine,Appliance6,0.73999,270.09,6.66,81.03,The Good Guys,Front Load Washing Machine,Bosch,849.0,135.0,3.38,135.09,3.28,39.42,258.46,0.4932,0.5002,0.2275,0.085,0.3942,Premium,Energy Wise,Front loaders are suited to lower water and energy use.,high,Consider Front Load Washing Machine from The Good Guys for Dishwasher. Estimated saving: $3.28/month with about 135.1 kWh/year reduction.,washing machine,1.958721081081081,1.22083,17.62810810810811,32.4,-62.2,Average,peak-hour usage,"Dishwasher is classified as Average. It is 62.2% below the REFIT similar-appliance average, with 555 detected events and 29.1% peak-hour activity.",0.0966,0.1269,0.0653,0.0804,"Matched because this appliance is average, peak-hour usage, and the option balances price, energy reduction, savings and payback."
16,Electric Heater 1,Electric Heater 1,heater,Appliance3,3.4494,1259.03,31.04,377.71,Kmart,Smart Plug With Timer,Generic,19.0,80.0,2.0,1179.03,29.04,348.54,0.65,0.9356,0.9365,0.9294,0.9735,0.9406,Control,Cheapest,Low-cost way to reduce standby and schedule usage.,high,Consider Smart Plug With Timer from Kmart for Electric Heater 1. Estimated saving: $29.04/month with about 1179.0 kWh/year reduction.,heater,4.664432,1.54766,41.977999999999994,80.0,-26.0,Needs attention,peak-hour usage,"Electric Heater 1 is classified as Needs attention. It is 26.0% below the REFIT similar-appliance average, with 28 detected events and 25.4% peak-hour activity.",0.4646,0.6904,0.2893,0.6598,"Matched because this appliance is needs attention, peak-hour usage, and the option balances price, energy reduction, savings and payback."
16,Electric Heater 1,Electric Heater 1,heater,Appliance3,3.4494,1259.03,31.04,377.71,Bunnings,Timer Plug / Standby Saver,Arlec,24.0,75.0,1.88,1184.03,29.17,350.04,0.82,0.9396,0.9404,0.9124,0.9669,0.9399,Control,Best Value,Useful for appliance groups and plug loads.,high,Consider Timer Plug / Standby Saver from Bunnings for Electric Heater 1. Estimated saving: $29.17/month with about 1184.0 kWh/year reduction.,heater,4.664432,1.54766,41.977999999999994,80.0,-26.0,Needs attention,peak-hour usage,"Electric Heater 1 is classified as Needs attention. It is 26.0% below the REFIT similar-appliance average, with 28 detected events and 25.4% peak-hour activity.",0.4605,0.6812,0.2889,0.654,"Matched because this appliance is needs attention, peak-hour usage, and the option balances price, energy reduction, savings and payback."
16,Electric Heater 1,Electric Heater 1,heater,Appliance3,3.4494,1259.03,31.04,377.71,JB Hi-Fi,Energy Monitoring Smart Plug,TP-Link Tapo,29.0,70.0,1.75,1189.03,29.29,351.54,0.99,0.9436,0.9444,0.8961,0.9604,0.9392,Monitoring,Overall,Adds monitoring so recommendations can be updated later.,high,Consider Energy Monitoring Smart Plug from JB Hi-Fi for Electric Heater 1. Estimated saving: $29.29/month with about 1189.0 kWh/year reduction.,heater,4.664432,1.54766,41.977999999999994,80.0,-26.0,Needs attention,peak-hour usage,"Electric Heater 1 is classified as Needs attention. It is 26.0% below the REFIT similar-appliance average, with 28 detected events and 25.4% peak-hour activity.",0.4564,0.6723,0.2886,0.6484,"Matched because this appliance is needs attention, peak-hour usage, and the option balances price, energy reduction, savings and payback."
16,Electric Heater 1,Electric Heater 1,heater,Appliance3,3.4494,1259.03,31.04,377.71,Bunnings,Programmable Heater Timer,Arlec,24.0,420.0,10.5,839.03,20.54,246.54,1.17,0.6618,0.6664,0.9124,0.9536,0.7445,Control,Cheapest,Helps avoid heater running outside needed hours.,high,Consider Programmable Heater Timer from Bunnings for Electric Heater 1. Estimated saving: $20.54/month with about 839.0 kWh/year reduction.,heater,4.664432,1.54766,41.977999999999994,80.0,-26.0,Needs attention,peak-hour usage,"Electric Heater 1 is classified as Needs attention. It is 26.0% below the REFIT similar-appliance average, with 28 detected events and 25.4% peak-hour activity.",0.4429,0.6693,0.2664,0.6374,"Matched because this appliance is needs attention, peak-hour usage, and the option balances price, energy reduction, savings and payback."
16,Electric Heater 1,Electric Heater 1,heater,Appliance3,3.4494,1259.03,31.04,377.71,Big W,Timer Controlled Heater,Dimplex,129.0,360.0,9.0,899.03,22.04,264.54,5.85,0.7101,0.7141,0.6596,0.804,0.7178,High,Best Value,Timer function supports behaviour-based saving.,high,Consider Timer Controlled Heater from Big W for Electric Heater 1. Estimated saving: $22.04/month with about 899.0 kWh/year reduction.,heater,4.664432,1.54766,41.977999999999994,80.0,-26.0,Needs attention,peak-hour usage,"Electric Heater 1 is classified as Needs attention. It is 26.0% below the REFIT similar-appliance average, with 28 detected events and 25.4% peak-hour activity.",0.3726,0.5197,0.2552,0.5265,"Matched because this appliance is needs attention, peak-hour usage, and the option balances price, energy reduction, savings and payback."
16,Electric Heater 1,Electric Heater 1,heater,Appliance3,3.4494,1259.03,31.04,377.71,Harvey Norman,Efficient Panel Heater,Noirot,349.0,300.0,7.5,959.03,23.54,282.54,14.82,0.7584,0.7617,0.4174,0.6182,0.6872,Premium,Energy Wise,Better for frequent heating periods.,high,Consider Efficient Panel Heater from Harvey Norman for Electric Heater 1. Estimated saving: $23.54/month with about 959.0 kWh/year reduction.,heater,4.664432,1.54766,41.977999999999994,80.0,-26.0,Needs attention,peak-hour usage,"Electric Heater 1 is classified as Needs attention. It is 26.0% below the REFIT similar-appliance average, with 28 detected events and 25.4% peak-hour activity.",0.299,0.3657,0.2403,0.3989,"Matched because this appliance is needs attention, peak-hour usage, and the option balances price, energy reduction, savings and payback."
16,Electric Heater 2,Electric Heater 2,heater,Appliance4,0.5427,198.09,4.88,59.43,Kmart,Smart Plug With Timer,Generic,19.0,80.0,2.0,118.09,2.88,34.61,6.59,0.5905,0.5961,0.9294,0.7846,0.6722,Control,Cheapest,Low-cost way to reduce standby and schedule usage.,high,Consider Smart Plug With Timer from Kmart for Electric Heater 2. Estimated saving: $2.88/month with about 118.1 kWh/year reduction.,heater,4.664432,1.54766,41.977999999999994,40.0,-88.4,Efficient,frequent usage,"Electric Heater 2 is classified as Efficient. It is 88.4% below the REFIT similar-appliance average, with 1206 detected events and 23.3% peak-hour activity.",0.3488,0.6172,0.1456,0.535,"Matched because this appliance is efficient, frequent usage, and the option balances price, energy reduction, savings and payback."
16,Electric Heater 2,Electric Heater 2,heater,Appliance4,0.5427,198.09,4.88,59.43,Bunnings,Timer Plug / Standby Saver,Arlec,24.0,75.0,1.88,123.09,3.01,36.11,7.98,0.6161,0.6214,0.9124,0.7506,0.6823,Control,Best Value,Useful for appliance groups and plug loads.,high,Consider Timer Plug / Standby Saver from Bunnings for Electric Heater 2. Estimated saving: $3.01/month with about 123.1 kWh/year reduction.,heater,4.664432,1.54766,41.977999999999994,40.0,-88.4,Efficient,frequent usage,"Electric Heater 2 is classified as Efficient. It is 88.4% below the REFIT similar-appliance average, with 1206 detected events and 23.3% peak-hour activity.",0.3405,0.6012,0.1425,0.5156,"Matched because this appliance is efficient, frequent usage, and the option balances price, energy reduction, savings and payback."
16,Electric Heater 2,Electric Heater 2,heater,Appliance4,0.5427,198.09,4.88,59.43,JB Hi-Fi,Energy Monitoring Smart Plug,TP-Link Tapo,29.0,70.0,1.75,128.09,3.13,37.61,9.25,0.6417,0.6466,0.8961,0.7218,0.6933,Monitoring,Overall,Adds monitoring so recommendations can be updated later.,high,Consider Energy Monitoring Smart Plug from JB Hi-Fi for Electric Heater 2. Estimated saving: $3.13/month with about 128.1 kWh/year reduction.,heater,4.664432,1.54766,41.977999999999994,40.0,-88.4,Efficient,frequent usage,"Electric Heater 2 is classified as Efficient. It is 88.4% below the REFIT similar-appliance average, with 1206 detected events and 23.3% peak-hour activity.",0.3332,0.5868,0.14,0.4989,"Matched because this appliance is efficient, frequent usage, and the option balances price, energy reduction, savings and payback."
16,Electric Heater 2,Electric Heater 2,heater,Appliance4,0.5427,198.09,4.88,59.43,Bunnings,Programmable Heater Timer,Arlec,24.0,420.0,10.5,0.0,0.0,0.0,,0.0,0.0,0.9124,0.0,0.1369,Control,Cheapest,Helps avoid heater running outside needed hours.,low,Consider Programmable Heater Timer from Bunnings for Electric Heater 2. Estimated saving: $0.00/month with about 0.0 kWh/year reduction.,heater,4.664432,1.54766,41.977999999999994,40.0,-88.4,Efficient,frequent usage,"Electric Heater 2 is classified as Efficient. It is 88.4% below the REFIT similar-appliance average, with 1206 detected events and 23.3% peak-hour activity.",0.2653,0.482,0.0886,0.2797,"Matched because this appliance is efficient, frequent usage, and the option balances price, energy reduction, savings and payback."
16,Electric Heater 2,Electric Heater 2,heater,Appliance4,0.5427,198.09,4.88,59.43,Big W,Timer Controlled Heater,Dimplex,129.0,360.0,9.0,0.0,0.0,0.0,,0.0,0.0,0.6596,0.0,0.0989,High,Best Value,Timer function supports behaviour-based saving.,low,Consider Timer Controlled Heater from Big W for Electric Heater 2. Estimated saving: $0.00/month with about 0.0 kWh/year reduction.,heater,4.664432,1.54766,41.977999999999994,40.0,-88.4,Efficient,frequent usage,"Electric Heater 2 is classified as Efficient. It is 88.4% below the REFIT similar-appliance average, with 1206 detected events and 23.3% peak-hour activity.",0.2148,0.3683,0.0886,0.2418,"Matched because this appliance is efficient, frequent usage, and the option balances price, energy reduction, savings and payback."
16,Electric Heater 2,Electric Heater 2,heater,Appliance4,0.5427,198.09,4.88,59.43,Harvey Norman,Efficient Panel Heater,Noirot,349.0,300.0,7.5,0.0,0.0,0.0,,0.0,0.0,0.4174,0.0,0.0626,Premium,Energy Wise,Better for frequent heating periods.,low,Consider Efficient Panel Heater from Harvey Norman for Electric Heater 2. Estimated saving: $0.00/month with about 0.0 kWh/year reduction.,heater,4.664432,1.54766,41.977999999999994,40.0,-88.4,Efficient,frequent usage,"Electric Heater 2 is classified as Efficient. It is 88.4% below the REFIT similar-appliance average, with 1206 detected events and 23.3% peak-hour activity.",0.1663,0.2592,0.0886,0.2055,"Matched because this appliance is efficient, frequent usage, and the option balances price, energy reduction, savings and payback."
16,Fridge-Freezer 1,Fridge-Freezer 1,fridge,Appliance1,0.50176,183.14,4.52,54.94,Kmart,Smart Plug With Timer,Generic,19.0,80.0,2.0,103.14,2.52,30.19,7.55,0.5571,0.5632,0.9294,0.7606,0.6453,Control,Cheapest,Low-cost way to reduce standby and schedule usage.,high,Consider Smart Plug With Timer from Kmart for Fridge-Freezer 1. Estimated saving: $2.52/month with about 103.1 kWh/year reduction.,fridge,0.8247209090909091,0.62875,7.422727272727273,40.9,-39.2,Efficient,normal usage pattern,"Fridge-Freezer 1 is classified as Efficient. It is 39.2% below the REFIT similar-appliance average, with 136 detected events and 13.8% peak-hour activity.",0.3455,0.6109,0.1437,0.5227,"Matched because this appliance is efficient, normal usage pattern, and the option balances price, energy reduction, savings and payback."
16,Fridge-Freezer 1,Fridge-Freezer 1,fridge,Appliance1,0.50176,183.14,4.52,54.94,Bunnings,Timer Plug / Standby Saver,Arlec,24.0,75.0,1.88,108.14,2.64,31.69,9.09,0.5848,0.5905,0.9124,0.7253,0.6567,Control,Best Value,Useful for appliance groups and plug loads.,high,Consider Timer Plug / Standby Saver from Bunnings for Fridge-Freezer 1. Estimated saving: $2.64/month with about 108.1 kWh/year reduction.,fridge,0.8247209090909091,0.62875,7.422727272727273,40.9,-39.2,Efficient,normal usage pattern,"Fridge-Freezer 1 is classified as Efficient. It is 39.2% below the REFIT similar-appliance average, with 136 detected events and 13.8% peak-hour activity.",0.337,0.5945,0.1405,0.5026,"Matched because this appliance is efficient, normal usage pattern, and the option balances price, energy reduction, savings and payback."
16,Fridge-Freezer 1,Fridge-Freezer 1,fridge,Appliance1,0.50176,183.14,4.52,54.94,JB Hi-Fi,Energy Monitoring Smart Plug,TP-Link Tapo,29.0,70.0,1.75,113.14,2.77,33.19,10.48,0.6125,0.6178,0.8961,0.696,0.6691,Monitoring,Overall,Adds monitoring so recommendations can be updated later.,high,Consider Energy Monitoring Smart Plug from JB Hi-Fi for Fridge-Freezer 1. Estimated saving: $2.77/month with about 113.1 kWh/year reduction.,fridge,0.8247209090909091,0.62875,7.422727272727273,40.9,-39.2,Efficient,normal usage pattern,"Fridge-Freezer 1 is classified as Efficient. It is 39.2% below the REFIT similar-appliance average, with 136 detected events and 13.8% peak-hour activity.",0.3296,0.58,0.1378,0.4856,"Matched because this appliance is efficient, normal usage pattern, and the option balances price, energy reduction, savings and payback."
16,Fridge-Freezer 1,Fridge-Freezer 1,fridge,Appliance1,0.50176,183.14,4.52,54.94,JB Hi-Fi,Compact Efficient Fridge,CHiQ,449.0,285.0,7.12,0.0,0.0,0.0,,0.0,0.0,0.3577,0.0,0.0536,Standard,Cheapest,Lower upfront price for smaller households.,low,Consider Compact Efficient Fridge from JB Hi-Fi for Fridge-Freezer 1. Estimated saving: $0.00/month with about 0.0 kWh/year reduction.,fridge,0.8247209090909091,0.62875,7.422727272727273,40.9,-39.2,Efficient,normal usage pattern,"Fridge-Freezer 1 is classified as Efficient. It is 39.2% below the REFIT similar-appliance average, with 136 detected events and 13.8% peak-hour activity.",0.1553,0.2324,0.0899,0.1965,"Matched because this appliance is efficient, normal usage pattern, and the option balances price, energy reduction, savings and payback."
16,Fridge-Freezer 1,Fridge-Freezer 1,fridge,Appliance1,0.50176,183.14,4.52,54.94,The Good Guys,Energy Efficient Fridge-Freezer,Hisense,699.0,260.0,6.5,0.0,0.0,0.0,,0.0,0.0,0.2634,0.0,0.0395,High,Best Value,Balanced replacement for continuous loads.,low,Consider Energy Efficient Fridge-Freezer from The Good Guys for Fridge-Freezer 1. Estimated saving: $0.00/month with about 0.0 kWh/year reduction.,fridge,0.8247209090909091,0.62875,7.422727272727273,40.9,-39.2,Efficient,normal usage pattern,"Fridge-Freezer 1 is classified as Efficient. It is 39.2% below the REFIT similar-appliance average, with 136 detected events and 13.8% peak-hour activity.",0.1364,0.19,0.0899,0.1824,"Matched because this appliance is efficient, normal usage pattern, and the option balances price, energy reduction, savings and payback."
16,Fridge-Freezer 1,Fridge-Freezer 1,fridge,Appliance1,0.50176,183.14,4.52,54.94,Harvey Norman,Inverter Fridge-Freezer,Samsung,999.0,220.0,5.5,0.0,0.0,0.0,,0.0,0.0,0.2002,0.0,0.03,Premium,Energy Wise,Inverter compressor suited to always-on refrigeration.,low,Consider Inverter Fridge-Freezer from Harvey Norman for Fridge-Freezer 1. Estimated saving: $0.00/month with about 0.0 kWh/year reduction.,fridge,0.8247209090909091,0.62875,7.422727272727273,40.9,-39.2,Efficient,normal usage pattern,"Fridge-Freezer 1 is classified as Efficient. It is 39.2% below the REFIT similar-appliance average, with 136 detected events and 13.8% peak-hour activity.",0.1238,0.1615,0.0899,0.1729,"Matched because this appliance is efficient, normal usage pattern, and the option balances price, energy reduction, savings and payback."
16,Fridge-Freezer 2,Fridge-Freezer 2,fridge,Appliance2,1.01665,371.08,9.15,111.32,Kmart,Smart Plug With Timer,Generic,19.0,80.0,2.0,291.08,7.15,85.8,2.66,0.7814,0.7844,0.9294,0.9003,0.8223,Control,Cheapest,Low-cost way to reduce standby and schedule usage.,high,Consider Smart Plug With Timer from Kmart for Fridge-Freezer 2. Estimated saving: $7.15/month with about 291.1 kWh/year reduction.,fridge,0.8247209090909091,0.62875,7.422727272727273,77.3,23.3,Average,"above similar-house benchmark, higher monthly cost","Fridge-Freezer 2 is classified as Average. It is 23.3% above the REFIT similar-appliance average, with 1210 detected events and 23.7% peak-hour activity.",0.4112,0.6504,0.2237,0.5978,"Matched because this appliance is average, above similar-house benchmark, higher monthly cost, and the option balances price, energy reduction, savings and payback."
16,Fridge-Freezer 2,Fridge-Freezer 2,fridge,Appliance2,1.01665,371.08,9.15,111.32,Bunnings,Timer Plug / Standby Saver,Arlec,24.0,75.0,1.88,296.08,7.27,87.3,3.3,0.7951,0.7979,0.9124,0.8792,0.8261,Control,Best Value,Useful for appliance groups and plug loads.,high,Consider Timer Plug / Standby Saver from Bunnings for Fridge-Freezer 2. Estimated saving: $7.27/month with about 296.1 kWh/year reduction.,fridge,0.8247209090909091,0.62875,7.422727272727273,77.3,23.3,Average,"above similar-house benchmark, higher monthly cost","Fridge-Freezer 2 is classified as Average. It is 23.3% above the REFIT similar-appliance average, with 1210 detected events and 23.7% peak-hour activity.",0.4049,0.6376,0.2219,0.5848,"Matched because this appliance is average, above similar-house benchmark, higher monthly cost, and the option balances price, energy reduction, savings and payback."
16,Fridge-Freezer 2,Fridge-Freezer 2,fridge,Appliance2,1.01665,371.08,9.15,111.32,JB Hi-Fi,Energy Monitoring Smart Plug,TP-Link Tapo,29.0,70.0,1.75,301.08,7.4,88.8,3.92,0.8087,0.8114,0.8961,0.8596,0.8303,Monitoring,Overall,Adds monitoring so recommendations can be updated later.,high,Consider Energy Monitoring Smart Plug from JB Hi-Fi for Fridge-Freezer 2. Estimated saving: $7.40/month with about 301.1 kWh/year reduction.,fridge,0.8247209090909091,0.62875,7.422727272727273,77.3,23.3,Average,"above similar-house benchmark, higher monthly cost","Fridge-Freezer 2 is classified as Average. It is 23.3% above the REFIT similar-appliance average, with 1210 detected events and 23.7% peak-hour activity.",0.3989,0.6255,0.2203,0.5728,"Matched because this appliance is average, above similar-house benchmark, higher monthly cost, and the option balances price, energy reduction, savings and payback."
16,Fridge-Freezer 2,Fridge-Freezer 2,fridge,Appliance2,1.01665,371.08,9.15,111.32,JB Hi-Fi,Compact Efficient Fridge,CHiQ,449.0,285.0,7.12,86.08,2.02,24.3,221.75,0.2213,0.232,0.3577,0.0977,0.2264,Standard,Cheapest,Lower upfront price for smaller households.,medium,Consider Compact Efficient Fridge from JB Hi-Fi for Fridge-Freezer 2. Estimated saving: $2.02/month with about 86.1 kWh/year reduction.,fridge,0.8247209090909091,0.62875,7.422727272727273,77.3,23.3,Average,"above similar-house benchmark, higher monthly cost","Fridge-Freezer 2 is classified as Average. It is 23.3% above the REFIT similar-appliance average, with 1210 detected events and 23.7% peak-hour activity.",0.1672,0.1874,0.1309,0.1048,"Matched because this appliance is average, above similar-house benchmark, higher monthly cost, and the option balances price, energy reduction, savings and payback."
16,Fridge-Freezer 2,Fridge-Freezer 2,fridge,Appliance2,1.01665,371.08,9.15,111.32,The Good Guys,Energy Efficient Fridge-Freezer,Hisense,699.0,260.0,6.5,111.08,2.65,31.8,263.79,0.2896,0.2993,0.2634,0.0834,0.2577,High,Best Value,Balanced replacement for continuous loads.,medium,Consider Energy Efficient Fridge-Freezer from The Good Guys for Fridge-Freezer 2. Estimated saving: $2.65/month with about 111.1 kWh/year reduction.,fridge,0.8247209090909091,0.62875,7.422727272727273,77.3,23.3,Average,"above similar-house benchmark, higher monthly cost","Fridge-Freezer 2 is classified as Average. It is 23.3% above the REFIT similar-appliance average, with 1210 detected events and 23.7% peak-hour activity.",0.1474,0.142,0.131,0.0843,"Matched because this appliance is average, above similar-house benchmark, higher monthly cost, and the option balances price, energy reduction, savings and payback."
16,Fridge-Freezer 2,Fridge-Freezer 2,fridge,Appliance2,1.01665,371.08,9.15,111.32,Harvey Norman,Inverter Fridge-Freezer,Samsung,999.0,220.0,5.5,151.08,3.65,43.8,273.71,0.3989,0.4071,0.2002,0.0806,0.3238,Premium,Energy Wise,Inverter compressor suited to always-on refrigeration.,high,Consider Inverter Fridge-Freezer from Harvey Norman for Fridge-Freezer 2. Estimated saving: $3.65/month with about 151.1 kWh/year reduction.,fridge,0.8247209090909091,0.62875,7.422727272727273,77.3,23.3,Average,"above similar-house benchmark, higher monthly cost","Fridge-Freezer 2 is classified as Average. It is 23.3% above the REFIT similar-appliance average, with 1210 detected events and 23.7% peak-hour activity.",0.1361,0.1139,0.1332,0.0746,"Matched because this appliance is average, above similar-house benchmark, higher monthly cost, and the option balances price, energy reduction, savings and payback."
16,Television Site,Television Site,television,Appliance8,0.83709,305.54,7.53,91.66,Kmart,Smart Plug With Timer,Generic,19.0,80.0,2.0,225.54,5.53,66.41,3.43,0.7345,0.7382,0.9294,0.8748,0.7859,Control,Cheapest,Low-cost way to reduce standby and schedule usage.,high,Consider Smart Plug With Timer from Kmart for Television Site. Estimated saving: $5.53/month with about 225.5 kWh/year reduction.,television,0.64669,0.36083,5.819047619047619,76.2,29.4,Average,"above similar-house benchmark, peak-hour usage, higher monthly cost","Television Site is classified as Average. It is 29.4% above the REFIT similar-appliance average, with 1176 detected events and 34.1% peak-hour activity.",0.4034,0.6424,0.2155,0.5833,"Matched because this appliance is average, above similar-house benchmark, peak-hour usage, higher monthly cost, and the option balances price, energy reduction, savings and payback."
16,Television Site,Television Site,television,Appliance8,0.83709,305.54,7.53,91.66,Kmart,Standby Saver Powerboard,Generic,19.0,120.0,3.0,185.54,4.53,54.41,4.19,0.6018,0.6073,0.9294,0.8513,0.69,Control,Cheapest,Useful where TV site has multiple standby devices.,high,Consider Standby Saver Powerboard from Kmart for Television Site. Estimated saving: $4.53/month with about 185.5 kWh/year reduction.,television,0.64669,0.36083,5.819047619047619,76.2,29.4,Average,"above similar-house benchmark, peak-hour usage, higher monthly cost","Television Site is classified as Average. It is 29.4% above the REFIT similar-appliance average, with 1176 detected events and 34.1% peak-hour activity.",0.398,0.6356,0.2107,0.5703,"Matched because this appliance is average, above similar-house benchmark, peak-hour usage, higher monthly cost, and the option balances price, energy reduction, savings and payback."
16,Television Site,Television Site,television,Appliance8,0.83709,305.54,7.53,91.66,Bunnings,Timer Plug / Standby Saver,Arlec,24.0,75.0,1.88,230.54,5.66,67.91,4.24,0.7511,0.7545,0.9124,0.8498,0.7911,Control,Best Value,Useful for appliance groups and plug loads.,high,Consider Timer Plug / Standby Saver from Bunnings for Television Site. Estimated saving: $5.66/month with about 230.5 kWh/year reduction.,television,0.64669,0.36083,5.819047619047619,76.2,29.4,Average,"above similar-house benchmark, peak-hour usage, higher monthly cost","Television Site is classified as Average. It is 29.4% above the REFIT similar-appliance average, with 1176 detected events and 34.1% peak-hour activity.",0.3965,0.6287,0.2133,0.5683,"Matched because this appliance is average, above similar-house benchmark, peak-hour usage, higher monthly cost, and the option balances price, energy reduction, savings and payback."
16,Television Site,Television Site,television,Appliance8,0.83709,305.54,7.53,91.66,JB Hi-Fi,Energy Monitoring Smart Plug,TP-Link Tapo,29.0,70.0,1.75,235.54,5.78,69.41,5.01,0.7677,0.7709,0.8961,0.8272,0.7968,Monitoring,Overall,Adds monitoring so recommendations can be updated later.,high,Consider Energy Monitoring Smart Plug from JB Hi-Fi for Television Site. Estimated saving: $5.78/month with about 235.5 kWh/year reduction.,television,0.64669,0.36083,5.819047619047619,76.2,29.4,Average,"above similar-house benchmark, peak-hour usage, higher monthly cost","Television Site is classified as Average. It is 29.4% above the REFIT similar-appliance average, with 1176 detected events and 34.1% peak-hour activity.",0.39,0.6158,0.2114,0.5547,"Matched because this appliance is average, above similar-house benchmark, peak-hour usage, higher monthly cost, and the option balances price, energy reduction, savings and payback."
16,Television Site,Television Site,television,Appliance8,0.83709,305.54,7.53,91.66,JB Hi-Fi,Energy Efficient LED TV,TCL,599.0,95.0,2.38,210.54,5.16,61.91,116.11,0.6848,0.6891,0.2945,0.1713,0.5505,High,Best Value,LED replacement for high TV-site consumption.,high,Consider Energy Efficient LED TV from JB Hi-Fi for Television Site. Estimated saving: $5.16/month with about 210.5 kWh/year reduction.,television,0.64669,0.36083,5.819047619047619,76.2,29.4,Average,"above similar-house benchmark, peak-hour usage, higher monthly cost","Television Site is classified as Average. It is 29.4% above the REFIT similar-appliance average, with 1176 detected events and 34.1% peak-hour activity.",0.1702,0.1805,0.1443,0.1358,"Matched because this appliance is average, above similar-house benchmark, peak-hour usage, higher monthly cost, and the option balances price, energy reduction, savings and payback."
16,Television Site,Television Site,television,Appliance8,0.83709,305.54,7.53,91.66,The Good Guys,Low Energy QLED TV,Samsung,899.0,80.0,2.0,225.54,5.53,66.41,162.45,0.7345,0.7382,0.2176,0.1287,0.5672,Premium,Energy Wise,Lower annual kWh for heavy TV use.,high,Consider Low Energy QLED TV from The Good Guys for Television Site. Estimated saving: $5.53/month with about 225.5 kWh/year reduction.,television,0.64669,0.36083,5.819047619047619,76.2,29.4,Average,"above similar-house benchmark, peak-hour usage, higher monthly cost","Television Site is classified as Average. It is 29.4% above the REFIT similar-appliance average, with 1176 detected events and 34.1% peak-hour activity.",0.1491,0.1356,0.1409,0.1034,"Matched because this appliance is average, above similar-house benchmark, peak-hour usage, higher monthly cost, and the option balances price, energy reduction, savings and payback."
16,Washing Machine,Washing Machine,washing machine,Appliance5,0.75817,276.73,6.82,83.02,Kmart,Smart Plug With Timer,Generic,19.0,80.0,2.0,196.73,4.82,57.88,3.94,0.7069,0.7109,0.9294,0.859,0.7643,Control,Cheapest,Low-cost way to reduce standby and schedule usage.,high,Consider Smart Plug With Timer from Kmart for Washing Machine. Estimated saving: $4.82/month with about 196.7 kWh/year reduction.,washing machine,1.958721081081081,1.22083,17.62810810810811,35.1,-61.3,Average,peak-hour usage,"Washing Machine is classified as Average. It is 61.3% below the REFIT similar-appliance average, with 4378 detected events and 28.4% peak-hour activity.",0.3586,0.6377,0.1505,0.5745,"Matched because this appliance is average, peak-hour usage, and the option balances price, energy reduction, savings and payback."
16,Washing Machine,Washing Machine,washing machine,Appliance5,0.75817,276.73,6.82,83.02,Bunnings,Timer Plug / Standby Saver,Arlec,24.0,75.0,1.88,201.73,4.95,59.38,4.85,0.7252,0.729,0.9124,0.8319,0.7704,Control,Best Value,Useful for appliance groups and plug loads.,high,Consider Timer Plug / Standby Saver from Bunnings for Washing Machine. Estimated saving: $4.95/month with about 201.7 kWh/year reduction.,washing machine,1.958721081081081,1.22083,17.62810810810811,35.1,-61.3,Average,peak-hour usage,"Washing Machine is classified as Average. It is 61.3% below the REFIT similar-appliance average, with 4378 detected events and 28.4% peak-hour activity.",0.3514,0.6235,0.1481,0.5585,"Matched because this appliance is average, peak-hour usage, and the option balances price, energy reduction, savings and payback."
16,Washing Machine,Washing Machine,washing machine,Appliance5,0.75817,276.73,6.82,83.02,JB Hi-Fi,Energy Monitoring Smart Plug,TP-Link Tapo,29.0,70.0,1.75,206.73,5.07,60.88,5.72,0.7435,0.747,0.8961,0.8076,0.7771,Monitoring,Overall,Adds monitoring so recommendations can be updated later.,high,Consider Energy Monitoring Smart Plug from JB Hi-Fi for Washing Machine. Estimated saving: $5.07/month with about 206.7 kWh/year reduction.,washing machine,1.958721081081081,1.22083,17.62810810810811,35.1,-61.3,Average,peak-hour usage,"Washing Machine is classified as Average. It is 61.3% below the REFIT similar-appliance average, with 4378 detected events and 28.4% peak-hour activity.",0.3447,0.6101,0.146,0.544,"Matched because this appliance is average, peak-hour usage, and the option balances price, energy reduction, savings and payback."
16,Washing Machine,Washing Machine,washing machine,Appliance5,0.75817,276.73,6.82,83.02,Big W,Laundry Smart Timer Plug,Generic,29.0,180.0,4.5,96.73,2.32,27.88,12.48,0.3405,0.3495,0.8961,0.6579,0.4742,Control,Cheapest,Low-cost option to shift laundry away from peak hours.,medium,Consider Laundry Smart Timer Plug from Big W for Washing Machine. Estimated saving: $2.32/month with about 96.7 kWh/year reduction.,washing machine,1.958721081081081,1.22083,17.62810810810811,35.1,-61.3,Average,peak-hour usage,"Washing Machine is classified as Average. It is 61.3% below the REFIT similar-appliance average, with 4378 detected events and 28.4% peak-hour activity.",0.3173,0.57,0.1243,0.4661,"Matched because this appliance is average, peak-hour usage, and the option balances price, energy reduction, savings and payback."
16,Washing Machine,Washing Machine,washing machine,Appliance5,0.75817,276.73,6.82,83.02,JB Hi-Fi,Inverter Front Loader,LG,799.0,145.0,3.62,131.73,3.2,38.38,249.8,0.4687,0.476,0.2383,0.0877,0.3792,High,Best Value,Good value inverter option for repeated laundry use.,high,Consider Inverter Front Loader from JB Hi-Fi for Washing Machine. Estimated saving: $3.20/month with about 131.7 kWh/year reduction.,washing machine,1.958721081081081,1.22083,17.62810810810811,35.1,-61.3,Average,peak-hour usage,"Washing Machine is classified as Average. It is 61.3% below the REFIT similar-appliance average, with 4378 detected events and 28.4% peak-hour activity.",0.1018,0.1323,0.0694,0.0833,"Matched because this appliance is average, peak-hour usage, and the option balances price, energy reduction, savings and payback."
16,Washing Machine,Washing Machine,washing machine,Appliance5,0.75817,276.73,6.82,83.02,The Good Guys,Front Load Washing Machine,Bosch,849.0,135.0,3.38,141.73,3.45,41.38,246.19,0.5054,0.5122,0.2275,0.0888,0.4032,Premium,Energy Wise,Front loaders are suited to lower water and energy use.,high,Consider Front Load Washing Machine from The Good Guys for Washing Machine. Estimated saving: $3.45/month with about 141.7 kWh/year reduction.,washing machine,1.958721081081081,1.22083,17.62810810810811,35.1,-61.3,Average,peak-hour usage,"Washing Machine is classified as Average. It is 61.3% below the REFIT similar-appliance average, with 4378 detected events and 28.4% peak-hour activity.",0.1002,0.128,0.0701,0.0825,"Matched because this appliance is average, peak-hour usage, and the option balances price, energy reduction, savings and payback."
17,Computer Site,Computer Site,computer,Appliance5,0.17357,63.35,1.56,19.01,Kmart,Smart Plug With Timer,Generic,19.0,80.0,2.0,0.0,0.0,0.0,,0.0,0.0,0.9294,0.0,0.1394,Control,Cheapest,Low-cost way to reduce standby and schedule usage.,low,Consider Smart Plug With Timer from Kmart for Computer Site. Estimated saving: $0.00/month with about 0.0 kWh/year reduction.,computer,0.41818333333333335,0.179285,3.763888888888889,50.0,-58.5,Needs attention,"peak-hour usage, frequent usage","Computer Site is classified as Needs attention. It is 58.5% below the REFIT similar-appliance average, with 8198 detected events and 54.1% peak-hour activity.",0.2787,0.4896,0.1036,0.2823,"Matched because this appliance is needs attention, peak-hour usage, frequent usage, and the option balances price, energy reduction, savings and payback."
17,Computer Site,Computer Site,computer,Appliance5,0.17357,63.35,1.56,19.01,Bunnings,Timer Plug / Standby Saver,Arlec,24.0,75.0,1.88,0.0,0.0,0.0,,0.0,0.0,0.9124,0.0,0.1369,Control,Best Value,Useful for appliance groups and plug loads.,low,Consider Timer Plug / Standby Saver from Bunnings for Computer Site. Estimated saving: $0.00/month with about 0.0 kWh/year reduction.,computer,0.41818333333333335,0.179285,3.763888888888889,50.0,-58.5,Needs attention,"peak-hour usage, frequent usage","Computer Site is classified as Needs attention. It is 58.5% below the REFIT similar-appliance average, with 8198 detected events and 54.1% peak-hour activity.",0.2753,0.482,0.1036,0.2797,"Matched because this appliance is needs attention, peak-hour usage, frequent usage, and the option balances price, energy reduction, savings and payback."
17,Computer Site,Computer Site,computer,Appliance5,0.17357,63.35,1.56,19.01,JB Hi-Fi,Energy Monitoring Smart Plug,TP-Link Tapo,29.0,70.0,1.75,0.0,0.0,0.0,,0.0,0.0,0.8961,0.0,0.1344,Monitoring,Overall,Adds monitoring so recommendations can be updated later.,low,Consider Energy Monitoring Smart Plug from JB Hi-Fi for Computer Site. Estimated saving: $0.00/month with about 0.0 kWh/year reduction.,computer,0.41818333333333335,0.179285,3.763888888888889,50.0,-58.5,Needs attention,"peak-hour usage, frequent usage","Computer Site is classified as Needs attention. It is 58.5% below the REFIT similar-appliance average, with 8198 detected events and 54.1% peak-hour activity.",0.2721,0.4747,0.1036,0.2773,"Matched because this appliance is needs attention, peak-hour usage, frequent usage, and the option balances price, energy reduction, savings and payback."
17,Computer Site,Computer Site,computer,Appliance5,0.17357,63.35,1.56,19.01,Officeworks,Smart Standby Powerboard,Jackson,39.0,135.0,3.38,0.0,0.0,0.0,,0.0,0.0,0.8651,0.0,0.1298,Control,Best Value,"Reduces standby waste from monitors, printers and routers.",low,Consider Smart Standby Powerboard from Officeworks for Computer Site. Estimated saving: $0.00/month with about 0.0 kWh/year reduction.,computer,0.41818333333333335,0.179285,3.763888888888889,50.0,-58.5,Needs attention,"peak-hour usage, frequent usage","Computer Site is classified as Needs attention. It is 58.5% below the REFIT similar-appliance average, with 8198 detected events and 54.1% peak-hour activity.",0.2659,0.4607,0.1036,0.2726,"Matched because this appliance is needs attention, peak-hour usage, frequent usage, and the option balances price, energy reduction, savings and payback."
17,Computer Site,Computer Site,computer,Appliance5,0.17357,63.35,1.56,19.01,JB Hi-Fi,Energy Efficient Mini PC Setup,Generic,699.0,105.0,2.62,0.0,0.0,0.0,,0.0,0.0,0.2634,0.0,0.0395,High,Energy Wise,Lower-power option for desktop computer sites.,low,Consider Energy Efficient Mini PC Setup from JB Hi-Fi for Computer Site. Estimated saving: $0.00/month with about 0.0 kWh/year reduction.,computer,0.41818333333333335,0.179285,3.763888888888889,50.0,-58.5,Needs attention,"peak-hour usage, frequent usage","Computer Site is classified as Needs attention. It is 58.5% below the REFIT similar-appliance average, with 8198 detected events and 54.1% peak-hour activity.",0.1455,0.19,0.1036,0.1824,"Matched because this appliance is needs attention, peak-hour usage, frequent usage, and the option balances price, energy reduction, savings and payback."
17,Freezer Garage,Freezer Garage,freezer,Appliance1,0.92847,338.89,8.36,101.67,Kmart,Smart Plug With Timer,Generic,19.0,80.0,2.0,258.89,6.36,76.28,2.99,0.7607,0.7639,0.9294,0.8892,0.8062,Control,Cheapest,Low-cost way to reduce standby and schedule usage.,high,Consider Smart Plug With Timer from Kmart for Freezer Garage. Estimated saving: $6.36/month with about 258.9 kWh/year reduction.,freezer,1.02615,0.92847,9.235384615384616,53.8,-9.5,Efficient,frequent usage,"Freezer Garage is classified as Efficient. It is 9.5% below the REFIT similar-appliance average, with 5016 detected events and 23.3% peak-hour activity.",0.3846,0.6468,0.1854,0.5914,"Matched because this appliance is efficient, frequent usage, and the option balances price, energy reduction, savings and payback."
17,Freezer Garage,Freezer Garage,freezer,Appliance1,0.92847,338.89,8.36,101.67,Bunnings,Timer Plug / Standby Saver,Arlec,24.0,75.0,1.88,263.89,6.48,77.78,3.7,0.7756,0.7787,0.9124,0.8663,0.8107,Control,Best Value,Useful for appliance groups and plug loads.,high,Consider Timer Plug / Standby Saver from Bunnings for Freezer Garage. Estimated saving: $6.48/month with about 263.9 kWh/year reduction.,freezer,1.02615,0.92847,9.235384615384616,53.8,-9.5,Efficient,frequent usage,"Freezer Garage is classified as Efficient. It is 9.5% below the REFIT similar-appliance average, with 5016 detected events and 23.3% peak-hour activity.",0.378,0.6336,0.1834,0.5776,"Matched because this appliance is efficient, frequent usage, and the option balances price, energy reduction, savings and payback."
17,Freezer Garage,Freezer Garage,freezer,Appliance1,0.92847,338.89,8.36,101.67,JB Hi-Fi,Energy Monitoring Smart Plug,TP-Link Tapo,29.0,70.0,1.75,268.89,6.61,79.28,4.39,0.7906,0.7934,0.8961,0.8454,0.8155,Monitoring,Overall,Adds monitoring so recommendations can be updated later.,high,Consider Energy Monitoring Smart Plug from JB Hi-Fi for Freezer Garage. Estimated saving: $6.61/month with about 268.9 kWh/year reduction.,freezer,1.02615,0.92847,9.235384615384616,53.8,-9.5,Efficient,frequent usage,"Freezer Garage is classified as Efficient. It is 9.5% below the REFIT similar-appliance average, with 5016 detected events and 23.3% peak-hour activity.",0.3718,0.6211,0.1816,0.5647,"Matched because this appliance is efficient, frequent usage, and the option balances price, energy reduction, savings and payback."
17,Freezer Garage,Freezer Garage,freezer,Appliance1,0.92847,338.89,8.36,101.67,Kmart,Freezer Timer Reminder Plug,Generic,19.0,300.0,7.5,38.89,0.86,10.28,22.19,0.1025,0.1148,0.9294,0.5196,0.2928,Control,Cheapest,"Useful for monitoring, not replacing cold storage.",low,Consider Freezer Timer Reminder Plug from Kmart for Freezer Garage. Estimated saving: $0.86/month with about 38.9 kWh/year reduction.,freezer,1.02615,0.92847,9.235384615384616,53.8,-9.5,Efficient,frequent usage,"Freezer Garage is classified as Efficient. It is 9.5% below the REFIT similar-appliance average, with 5016 detected events and 23.3% peak-hour activity.",0.3193,0.549,0.135,0.4002,"Matched because this appliance is efficient, frequent usage, and the option balances price, energy reduction, savings and payback."
17,Freezer Garage,Freezer Garage,freezer,Appliance1,0.92847,338.89,8.36,101.67,Harvey Norman,Low Energy Chest Freezer,Haier,499.0,210.0,5.25,128.89,3.11,37.28,160.64,0.3717,0.3803,0.3338,0.13,0.3324,Premium,Energy Wise,Chest freezer style can reduce energy loss.,high,Consider Low Energy Chest Freezer from Harvey Norman for Freezer Garage. Estimated saving: $3.11/month with about 128.9 kWh/year reduction.,freezer,1.02615,0.92847,9.235384615384616,53.8,-9.5,Efficient,frequent usage,"Freezer Garage is classified as Efficient. It is 9.5% below the REFIT similar-appliance average, with 5016 detected events and 23.3% peak-hour activity.",0.1458,0.1858,0.1015,0.1187,"Matched because this appliance is efficient, frequent usage, and the option balances price, energy reduction, savings and payback."
17,Freezer Garage,Freezer Garage,freezer,Appliance1,0.92847,338.89,8.36,101.67,The Good Guys,Efficient Upright Freezer,Westinghouse,849.0,250.0,6.25,88.89,2.11,25.28,403.08,0.2521,0.2623,0.2275,0.0562,0.2221,High,Best Value,Good for high continuous freezer loads.,medium,Consider Efficient Upright Freezer from The Good Guys for Freezer Garage. Estimated saving: $2.11/month with about 88.9 kWh/year reduction.,freezer,1.02615,0.92847,9.235384615384616,53.8,-9.5,Efficient,frequent usage,"Freezer Garage is classified as Efficient. It is 9.5% below the REFIT similar-appliance average, with 5016 detected events and 23.3% peak-hour activity.",0.1116,0.1185,0.0917,0.0647,"Matched because this appliance is efficient, frequent usage, and the option balances price, energy reduction, savings and payback."
17,Fridge-Freezer,Fridge-Freezer,fridge,Appliance2,0.66712,243.5,6.0,73.05,Kmart,Smart Plug With Timer,Generic,19.0,80.0,2.0,163.5,4.0,48.05,4.75,0.6669,0.6715,0.9294,0.8349,0.7328,Control,Cheapest,Low-cost way to reduce standby and schedule usage.,high,Consider Smart Plug With Timer from Kmart for Fridge-Freezer. Estimated saving: $4.00/month with about 163.5 kWh/year reduction.,fridge,0.8247209090909091,0.62875,7.422727272727273,54.5,-19.1,Efficient,frequent usage,"Fridge-Freezer is classified as Efficient. It is 19.1% below the REFIT similar-appliance average, with 1572 detected events and 17.3% peak-hour activity.",0.3729,0.6309,0.1752,0.5614,"Matched because this appliance is efficient, frequent usage, and the option balances price, energy reduction, savings and payback."
17,Fridge-Freezer,Fridge-Freezer,fridge,Appliance2,0.66712,243.5,6.0,73.05,Bunnings,Timer Plug / Standby Saver,Arlec,24.0,75.0,1.88,168.5,4.13,49.55,5.81,0.6877,0.692,0.9124,0.805,0.7403,Control,Best Value,Useful for appliance groups and plug loads.,high,Consider Timer Plug / Standby Saver from Bunnings for Fridge-Freezer. Estimated saving: $4.13/month with about 168.5 kWh/year reduction.,fridge,0.8247209090909091,0.62875,7.422727272727273,54.5,-19.1,Efficient,frequent usage,"Fridge-Freezer is classified as Efficient. It is 19.1% below the REFIT similar-appliance average, with 1572 detected events and 17.3% peak-hour activity.",0.3653,0.616,0.1725,0.5442,"Matched because this appliance is efficient, frequent usage, and the option balances price, energy reduction, savings and payback."
17,Fridge-Freezer,Fridge-Freezer,fridge,Appliance2,0.66712,243.5,6.0,73.05,JB Hi-Fi,Energy Monitoring Smart Plug,TP-Link Tapo,29.0,70.0,1.75,173.5,4.25,51.05,6.82,0.7085,0.7125,0.8961,0.7788,0.7484,Monitoring,Overall,Adds monitoring so recommendations can be updated later.,high,Consider Energy Monitoring Smart Plug from JB Hi-Fi for Fridge-Freezer. Estimated saving: $4.25/month with about 173.5 kWh/year reduction.,fridge,0.8247209090909091,0.62875,7.422727272727273,54.5,-19.1,Efficient,frequent usage,"Fridge-Freezer is classified as Efficient. It is 19.1% below the REFIT similar-appliance average, with 1572 detected events and 17.3% peak-hour activity.",0.3583,0.6021,0.1702,0.5287,"Matched because this appliance is efficient, frequent usage, and the option balances price, energy reduction, savings and payback."
17,Fridge-Freezer,Fridge-Freezer,fridge,Appliance2,0.66712,243.5,6.0,73.05,JB Hi-Fi,Compact Efficient Fridge,CHiQ,449.0,285.0,7.12,0.0,0.0,0.0,,0.0,0.0,0.3577,0.0,0.0536,Standard,Cheapest,Lower upfront price for smaller households.,low,Consider Compact Efficient Fridge from JB Hi-Fi for Fridge-Freezer. Estimated saving: $0.00/month with about 0.0 kWh/year reduction.,fridge,0.8247209090909091,0.62875,7.422727272727273,54.5,-19.1,Efficient,frequent usage,"Fridge-Freezer is classified as Efficient. It is 19.1% below the REFIT similar-appliance average, with 1572 detected events and 17.3% peak-hour activity.",0.1689,0.2324,0.1103,0.1965,"Matched because this appliance is efficient, frequent usage, and the option balances price, energy reduction, savings and payback."
17,Fridge-Freezer,Fridge-Freezer,fridge,Appliance2,0.66712,243.5,6.0,73.05,The Good Guys,Energy Efficient Fridge-Freezer,Hisense,699.0,260.0,6.5,0.0,0.0,0.0,,0.0,0.0,0.2634,0.0,0.0395,High,Best Value,Balanced replacement for continuous loads.,low,Consider Energy Efficient Fridge-Freezer from The Good Guys for Fridge-Freezer. Estimated saving: $0.00/month with about 0.0 kWh/year reduction.,fridge,0.8247209090909091,0.62875,7.422727272727273,54.5,-19.1,Efficient,frequent usage,"Fridge-Freezer is classified as Efficient. It is 19.1% below the REFIT similar-appliance average, with 1572 detected events and 17.3% peak-hour activity.",0.15,0.19,0.1103,0.1824,"Matched because this appliance is efficient, frequent usage, and the option balances price, energy reduction, savings and payback."
17,Fridge-Freezer,Fridge-Freezer,fridge,Appliance2,0.66712,243.5,6.0,73.05,Harvey Norman,Inverter Fridge-Freezer,Samsung,999.0,220.0,5.5,23.5,0.5,6.05,1981.8,0.084,0.0965,0.2002,0.012,0.0944,Premium,Energy Wise,Inverter compressor suited to always-on refrigeration.,low,Consider Inverter Fridge-Freezer from Harvey Norman for Fridge-Freezer. Estimated saving: $0.50/month with about 23.5 kWh/year reduction.,fridge,0.8247209090909091,0.62875,7.422727272727273,54.5,-19.1,Efficient,frequent usage,"Fridge-Freezer is classified as Efficient. It is 19.1% below the REFIT similar-appliance average, with 1572 detected events and 17.3% peak-hour activity.",0.0973,0.0936,0.0843,0.0366,"Matched because this appliance is efficient, frequent usage, and the option balances price, energy reduction, savings and payback."
17,Kettle,Kettle,kettle,Appliance8,10.00906,3653.31,90.08,1095.99,Kmart,Smart Plug With Timer,Generic,19.0,80.0,2.0,3573.31,88.08,1056.98,0.22,0.9778,0.9781,0.9294,0.9911,0.9726,Control,Cheapest,Low-cost way to reduce standby and schedule usage.,high,Consider Smart Plug With Timer from Kmart for Kettle. Estimated saving: $88.08/month with about 3573.3 kWh/year reduction.,kettle,16.07417125,13.334344999999999,144.66750000000002,37.5,-37.7,Efficient,normal usage pattern,"Kettle is classified as Efficient. It is 37.7% below the REFIT similar-appliance average, with 1021 detected events and 24.8% peak-hour activity.",0.5319,0.7531,0.3734,0.7366,"Matched because this appliance is efficient, normal usage pattern, and the option balances price, energy reduction, savings and payback."
17,Kettle,Kettle,kettle,Appliance8,10.00906,3653.31,90.08,1095.99,Kmart,1.7L Auto-Off Kettle,Anko,25.0,32.0,0.8,3621.31,89.28,1071.38,0.28,0.9911,0.9912,0.9091,0.9885,0.9785,Efficient,Cheapest,Low-cost replacement with auto shut-off.,high,Consider 1.7L Auto-Off Kettle from Kmart for Kettle. Estimated saving: $89.28/month with about 3621.3 kWh/year reduction.,kettle,16.07417125,13.334344999999999,144.66750000000002,37.5,-37.7,Efficient,normal usage pattern,"Kettle is classified as Efficient. It is 37.7% below the REFIT similar-appliance average, with 1021 detected events and 24.8% peak-hour activity.",0.5296,0.7446,0.3761,0.7337,"Matched because this appliance is efficient, normal usage pattern, and the option balances price, energy reduction, savings and payback."
17,Kettle,Kettle,kettle,Appliance8,10.00906,3653.31,90.08,1095.99,Bunnings,Timer Plug / Standby Saver,Arlec,24.0,75.0,1.88,3578.31,88.21,1058.48,0.27,0.9792,0.9795,0.9124,0.9888,0.9707,Control,Best Value,Useful for appliance groups and plug loads.,high,Consider Timer Plug / Standby Saver from Bunnings for Kettle. Estimated saving: $88.21/month with about 3578.3 kWh/year reduction.,kettle,16.07417125,13.334344999999999,144.66750000000002,37.5,-37.7,Efficient,normal usage pattern,"Kettle is classified as Efficient. It is 37.7% below the REFIT similar-appliance average, with 1021 detected events and 24.8% peak-hour activity.",0.5284,0.7451,0.3735,0.7332,"Matched because this appliance is efficient, normal usage pattern, and the option balances price, energy reduction, savings and payback."
17,Kettle,Kettle,kettle,Appliance8,10.00906,3653.31,90.08,1095.99,JB Hi-Fi,Energy Monitoring Smart Plug,TP-Link Tapo,29.0,70.0,1.75,3583.31,88.33,1059.98,0.33,0.9806,0.9808,0.8961,0.9865,0.9689,Monitoring,Overall,Adds monitoring so recommendations can be updated later.,high,Consider Energy Monitoring Smart Plug from JB Hi-Fi for Kettle. Estimated saving: $88.33/month with about 3583.3 kWh/year reduction.,kettle,16.07417125,13.334344999999999,144.66750000000002,37.5,-37.7,Efficient,normal usage pattern,"Kettle is classified as Efficient. It is 37.7% below the REFIT similar-appliance average, with 1021 detected events and 24.8% peak-hour activity.",0.525,0.7373,0.3735,0.7296,"Matched because this appliance is efficient, normal usage pattern, and the option balances price, energy reduction, savings and payback."
17,Kettle,Kettle,kettle,Appliance8,10.00906,3653.31,90.08,1095.99,Big W,Energy Efficient Kettle,Russell Hobbs,49.0,28.0,0.7,3625.31,89.38,1072.58,0.55,0.9922,0.9923,0.8361,0.9777,0.9667,High,Best Value,Balanced price and energy use.,high,Consider Energy Efficient Kettle from Big W for Kettle. Estimated saving: $89.38/month with about 3625.3 kWh/year reduction.,kettle,16.07417125,13.334344999999999,144.66750000000002,37.5,-37.7,Efficient,normal usage pattern,"Kettle is classified as Efficient. It is 37.7% below the REFIT similar-appliance average, with 1021 detected events and 24.8% peak-hour activity.",0.5136,0.7091,0.3752,0.7174,"Matched because this appliance is efficient, normal usage pattern, and the option balances price, energy reduction, savings and payback."
17,Kettle,Kettle,kettle,Appliance8,10.00906,3653.31,90.08,1095.99,JB Hi-Fi,Smart Temperature Control Kettle,Breville,109.0,24.0,0.6,3629.31,89.48,1073.78,1.22,0.9933,0.9934,0.6964,0.9517,0.9426,Premium,Energy Wise,Temperature control helps reduce repeated boiling.,high,Consider Smart Temperature Control Kettle from JB Hi-Fi for Kettle. Estimated saving: $89.48/month with about 3629.3 kWh/year reduction.,kettle,16.07417125,13.334344999999999,144.66750000000002,37.5,-37.7,Efficient,normal usage pattern,"Kettle is classified as Efficient. It is 37.7% below the REFIT similar-appliance average, with 1021 detected events and 24.8% peak-hour activity.",0.4819,0.6399,0.3729,0.6836,"Matched because this appliance is efficient, normal usage pattern, and the option balances price, energy reduction, savings and payback."
17,Microwave,Microwave,microwave,Appliance7,0.04923,17.97,0.44,5.39,Kmart,Smart Plug With Timer,Generic,19.0,80.0,2.0,0.0,0.0,0.0,,0.0,0.0,0.9294,0.0,0.1394,Control,Cheapest,Low-cost way to reduce standby and schedule usage.,low,Consider Smart Plug With Timer from Kmart for Microwave. Estimated saving: $0.00/month with about 0.0 kWh/year reduction.,microwave,1.693406875,0.12358,15.23875,37.5,-97.1,Needs attention,peak-hour usage,"Microwave is classified as Needs attention. It is 97.1% below the REFIT similar-appliance average, with 467 detected events and 62.7% peak-hour activity.",0.2662,0.4896,0.0848,0.2823,"Matched because this appliance is needs attention, peak-hour usage, and the option balances price, energy reduction, savings and payback."
17,Microwave,Microwave,microwave,Appliance7,0.04923,17.97,0.44,5.39,Bunnings,Timer Plug / Standby Saver,Arlec,24.0,75.0,1.88,0.0,0.0,0.0,,0.0,0.0,0.9124,0.0,0.1369,Control,Best Value,Useful for appliance groups and plug loads.,low,Consider Timer Plug / Standby Saver from Bunnings for Microwave. Estimated saving: $0.00/month with about 0.0 kWh/year reduction.,microwave,1.693406875,0.12358,15.23875,37.5,-97.1,Needs attention,peak-hour usage,"Microwave is classified as Needs attention. It is 97.1% below the REFIT similar-appliance average, with 467 detected events and 62.7% peak-hour activity.",0.2628,0.482,0.0848,0.2797,"Matched because this appliance is needs attention, peak-hour usage, and the option balances price, energy reduction, savings and payback."
17,Microwave,Microwave,microwave,Appliance7,0.04923,17.97,0.44,5.39,JB Hi-Fi,Energy Monitoring Smart Plug,TP-Link Tapo,29.0,70.0,1.75,0.0,0.0,0.0,,0.0,0.0,0.8961,0.0,0.1344,Monitoring,Overall,Adds monitoring so recommendations can be updated later.,low,Consider Energy Monitoring Smart Plug from JB Hi-Fi for Microwave. Estimated saving: $0.00/month with about 0.0 kWh/year reduction.,microwave,1.693406875,0.12358,15.23875,37.5,-97.1,Needs attention,peak-hour usage,"Microwave is classified as Needs attention. It is 97.1% below the REFIT similar-appliance average, with 467 detected events and 62.7% peak-hour activity.",0.2596,0.4747,0.0848,0.2773,"Matched because this appliance is needs attention, peak-hour usage, and the option balances price, energy reduction, savings and payback."
17,Microwave,Microwave,microwave,Appliance7,0.04923,17.97,0.44,5.39,Kmart,Compact Microwave,Anko,99.0,96.0,2.4,0.0,0.0,0.0,,0.0,0.0,0.7163,0.0,0.1074,Standard,Cheapest,Lowest upfront price.,low,Consider Compact Microwave from Kmart for Microwave. Estimated saving: $0.00/month with about 0.0 kWh/year reduction.,microwave,1.693406875,0.12358,15.23875,37.5,-97.1,Needs attention,peak-hour usage,"Microwave is classified as Needs attention. It is 97.1% below the REFIT similar-appliance average, with 467 detected events and 62.7% peak-hour activity.",0.2236,0.3938,0.0848,0.2503,"Matched because this appliance is needs attention, peak-hour usage, and the option balances price, energy reduction, savings and payback."
17,Microwave,Microwave,microwave,Appliance7,0.04923,17.97,0.44,5.39,The Good Guys,900W Efficient Microwave,LG,179.0,82.0,2.05,0.0,0.0,0.0,,0.0,0.0,0.5828,0.0,0.0874,High,Best Value,Good balance of price and energy use.,low,Consider 900W Efficient Microwave from The Good Guys for Microwave. Estimated saving: $0.00/month with about 0.0 kWh/year reduction.,microwave,1.693406875,0.12358,15.23875,37.5,-97.1,Needs attention,peak-hour usage,"Microwave is classified as Needs attention. It is 97.1% below the REFIT similar-appliance average, with 467 detected events and 62.7% peak-hour activity.",0.1969,0.3337,0.0848,0.2303,"Matched because this appliance is needs attention, peak-hour usage, and the option balances price, energy reduction, savings and payback."
17,Microwave,Microwave,microwave,Appliance7,0.04923,17.97,0.44,5.39,JB Hi-Fi,Compact Inverter Microwave,Panasonic,219.0,76.0,1.9,0.0,0.0,0.0,,0.0,0.0,0.533,0.0,0.08,Premium,Energy Wise,Inverter control is suitable for repeated cooking events.,low,Consider Compact Inverter Microwave from JB Hi-Fi for Microwave. Estimated saving: $0.00/month with about 0.0 kWh/year reduction.,microwave,1.693406875,0.12358,15.23875,37.5,-97.1,Needs attention,peak-hour usage,"Microwave is classified as Needs attention. It is 97.1% below the REFIT similar-appliance average, with 467 detected events and 62.7% peak-hour activity.",0.187,0.3113,0.0848,0.2228,"Matched because this appliance is needs attention, peak-hour usage, and the option balances price, energy reduction, savings and payback."
17,Plug Site Bedroom,Plug Site Bedroom,generic,Appliance9,0.08465,30.9,0.76,9.27,Kmart,Smart Plug With Timer,Generic,19.0,80.0,2.0,0.0,0.0,0.0,,0.0,0.0,0.9294,0.0,0.1394,Control,Cheapest,Low-cost way to reduce standby and schedule usage.,low,Consider Smart Plug With Timer from Kmart for Plug Site Bedroom. Estimated saving: $0.00/month with about 0.0 kWh/year reduction.,generic,3.5444526086956527,1.83936,31.899565217391302,21.7,-97.6,Efficient,normal usage pattern,"Plug Site Bedroom is classified as Efficient. It is 97.6% below the REFIT similar-appliance average, with 126 detected events and 23.4% peak-hour activity.",0.2504,0.4896,0.0611,0.2823,"Matched because this appliance is efficient, normal usage pattern, and the option balances price, energy reduction, savings and payback."
17,Plug Site Bedroom,Plug Site Bedroom,generic,Appliance9,0.08465,30.9,0.76,9.27,Bunnings,Timer Plug / Standby Saver,Arlec,24.0,75.0,1.88,0.0,0.0,0.0,,0.0,0.0,0.9124,0.0,0.1369,Control,Best Value,Useful for appliance groups and plug loads.,low,Consider Timer Plug / Standby Saver from Bunnings for Plug Site Bedroom. Estimated saving: $0.00/month with about 0.0 kWh/year reduction.,generic,3.5444526086956527,1.83936,31.899565217391302,21.7,-97.6,Efficient,normal usage pattern,"Plug Site Bedroom is classified as Efficient. It is 97.6% below the REFIT similar-appliance average, with 126 detected events and 23.4% peak-hour activity.",0.247,0.482,0.0611,0.2797,"Matched because this appliance is efficient, normal usage pattern, and the option balances price, energy reduction, savings and payback."
17,Plug Site Bedroom,Plug Site Bedroom,generic,Appliance9,0.08465,30.9,0.76,9.27,JB Hi-Fi,Energy Monitoring Smart Plug,TP-Link Tapo,29.0,70.0,1.75,0.0,0.0,0.0,,0.0,0.0,0.8961,0.0,0.1344,Monitoring,Overall,Adds monitoring so recommendations can be updated later.,low,Consider Energy Monitoring Smart Plug from JB Hi-Fi for Plug Site Bedroom. Estimated saving: $0.00/month with about 0.0 kWh/year reduction.,generic,3.5444526086956527,1.83936,31.899565217391302,21.7,-97.6,Efficient,normal usage pattern,"Plug Site Bedroom is classified as Efficient. It is 97.6% below the REFIT similar-appliance average, with 126 detected events and 23.4% peak-hour activity.",0.2438,0.4747,0.0611,0.2773,"Matched because this appliance is efficient, normal usage pattern, and the option balances price, energy reduction, savings and payback."
17,Television Site,Television Site,television,Appliance6,0.14648,53.46,1.32,16.04,Kmart,Standby Saver Powerboard,Generic,19.0,120.0,3.0,0.0,0.0,0.0,,0.0,0.0,0.9294,0.0,0.1394,Control,Cheapest,Useful where TV site has multiple standby devices.,low,Consider Standby Saver Powerboard from Kmart for Television Site. Estimated saving: $0.00/month with about 0.0 kWh/year reduction.,television,0.64669,0.36083,5.819047619047619,28.6,-77.3,Needs attention,"peak-hour usage, frequent usage","Television Site is classified as Needs attention. It is 77.3% below the REFIT similar-appliance average, with 5193 detected events and 52.4% peak-hour activity.",0.2573,0.4896,0.0715,0.2823,"Matched because this appliance is needs attention, peak-hour usage, frequent usage, and the option balances price, energy reduction, savings and payback."
17,Television Site,Television Site,television,Appliance6,0.14648,53.46,1.32,16.04,Kmart,Smart Plug With Timer,Generic,19.0,80.0,2.0,0.0,0.0,0.0,,0.0,0.0,0.9294,0.0,0.1394,Control,Cheapest,Low-cost way to reduce standby and schedule usage.,low,Consider Smart Plug With Timer from Kmart for Television Site. Estimated saving: $0.00/month with about 0.0 kWh/year reduction.,television,0.64669,0.36083,5.819047619047619,28.6,-77.3,Needs attention,"peak-hour usage, frequent usage","Television Site is classified as Needs attention. It is 77.3% below the REFIT similar-appliance average, with 5193 detected events and 52.4% peak-hour activity.",0.2573,0.4896,0.0715,0.2823,"Matched because this appliance is needs attention, peak-hour usage, frequent usage, and the option balances price, energy reduction, savings and payback."
17,Television Site,Television Site,television,Appliance6,0.14648,53.46,1.32,16.04,Bunnings,Timer Plug / Standby Saver,Arlec,24.0,75.0,1.88,0.0,0.0,0.0,,0.0,0.0,0.9124,0.0,0.1369,Control,Best Value,Useful for appliance groups and plug loads.,low,Consider Timer Plug / Standby Saver from Bunnings for Television Site. Estimated saving: $0.00/month with about 0.0 kWh/year reduction.,television,0.64669,0.36083,5.819047619047619,28.6,-77.3,Needs attention,"peak-hour usage, frequent usage","Television Site is classified as Needs attention. It is 77.3% below the REFIT similar-appliance average, with 5193 detected events and 52.4% peak-hour activity.",0.2539,0.482,0.0715,0.2797,"Matched because this appliance is needs attention, peak-hour usage, frequent usage, and the option balances price, energy reduction, savings and payback."
17,Television Site,Television Site,television,Appliance6,0.14648,53.46,1.32,16.04,JB Hi-Fi,Energy Monitoring Smart Plug,TP-Link Tapo,29.0,70.0,1.75,0.0,0.0,0.0,,0.0,0.0,0.8961,0.0,0.1344,Monitoring,Overall,Adds monitoring so recommendations can be updated later.,low,Consider Energy Monitoring Smart Plug from JB Hi-Fi for Television Site. Estimated saving: $0.00/month with about 0.0 kWh/year reduction.,television,0.64669,0.36083,5.819047619047619,28.6,-77.3,Needs attention,"peak-hour usage, frequent usage","Television Site is classified as Needs attention. It is 77.3% below the REFIT similar-appliance average, with 5193 detected events and 52.4% peak-hour activity.",0.2507,0.4747,0.0715,0.2773,"Matched because this appliance is needs attention, peak-hour usage, frequent usage, and the option balances price, energy reduction, savings and payback."
17,Television Site,Television Site,television,Appliance6,0.14648,53.46,1.32,16.04,JB Hi-Fi,Energy Efficient LED TV,TCL,599.0,95.0,2.38,0.0,0.0,0.0,,0.0,0.0,0.2945,0.0,0.0442,High,Best Value,LED replacement for high TV-site consumption.,low,Consider Energy Efficient LED TV from JB Hi-Fi for Television Site. Estimated saving: $0.00/month with about 0.0 kWh/year reduction.,television,0.64669,0.36083,5.819047619047619,28.6,-77.3,Needs attention,"peak-hour usage, frequent usage","Television Site is classified as Needs attention. It is 77.3% below the REFIT similar-appliance average, with 5193 detected events and 52.4% peak-hour activity.",0.1303,0.2039,0.0715,0.187,"Matched because this appliance is needs attention, peak-hour usage, frequent usage, and the option balances price, energy reduction, savings and payback."
17,Television Site,Television Site,television,Appliance6,0.14648,53.46,1.32,16.04,The Good Guys,Low Energy QLED TV,Samsung,899.0,80.0,2.0,0.0,0.0,0.0,,0.0,0.0,0.2176,0.0,0.0326,Premium,Energy Wise,Lower annual kWh for heavy TV use.,low,Consider Low Energy QLED TV from The Good Guys for Television Site. Estimated saving: $0.00/month with about 0.0 kWh/year reduction.,television,0.64669,0.36083,5.819047619047619,28.6,-77.3,Needs attention,"peak-hour usage, frequent usage","Television Site is classified as Needs attention. It is 77.3% below the REFIT similar-appliance average, with 5193 detected events and 52.4% peak-hour activity.",0.115,0.1693,0.0715,0.1755,"Matched because this appliance is needs attention, peak-hour usage, frequent usage, and the option balances price, energy reduction, savings and payback."
17,Tumble Dryer Garage,Tumble Dryer Garage,generic,Appliance3,3.36742,1229.11,30.31,368.73,Kmart,Smart Plug With Timer,Generic,19.0,80.0,2.0,1149.11,28.31,339.68,0.67,0.934,0.9349,0.9294,0.9728,0.9394,Control,Cheapest,Low-cost way to reduce standby and schedule usage.,high,Consider Smart Plug With Timer from Kmart for Tumble Dryer Garage. Estimated saving: $28.31/month with about 1149.1 kWh/year reduction.,generic,3.5444526086956527,1.83936,31.899565217391302,73.9,-5.0,Average,normal usage pattern,"Tumble Dryer Garage is classified as Average. It is 5.0% below the REFIT similar-appliance average, with 66 detected events and 24.5% peak-hour activity.",0.4571,0.6895,0.2782,0.6585,"Matched because this appliance is average, normal usage pattern, and the option balances price, energy reduction, savings and payback."
17,Tumble Dryer Garage,Tumble Dryer Garage,generic,Appliance3,3.36742,1229.11,30.31,368.73,Bunnings,Timer Plug / Standby Saver,Arlec,24.0,75.0,1.88,1154.11,28.43,341.18,0.84,0.9381,0.939,0.9124,0.966,0.9387,Control,Best Value,Useful for appliance groups and plug loads.,high,Consider Timer Plug / Standby Saver from Bunnings for Tumble Dryer Garage. Estimated saving: $28.43/month with about 1154.1 kWh/year reduction.,generic,3.5444526086956527,1.83936,31.899565217391302,73.9,-5.0,Average,normal usage pattern,"Tumble Dryer Garage is classified as Average. It is 5.0% below the REFIT similar-appliance average, with 66 detected events and 24.5% peak-hour activity.",0.4529,0.6803,0.2779,0.6528,"Matched because this appliance is average, normal usage pattern, and the option balances price, energy reduction, savings and payback."
17,Tumble Dryer Garage,Tumble Dryer Garage,generic,Appliance3,3.36742,1229.11,30.31,368.73,JB Hi-Fi,Energy Monitoring Smart Plug,TP-Link Tapo,29.0,70.0,1.75,1159.11,28.56,342.68,1.02,0.9423,0.943,0.8961,0.9594,0.9381,Monitoring,Overall,Adds monitoring so recommendations can be updated later.,high,Consider Energy Monitoring Smart Plug from JB Hi-Fi for Tumble Dryer Garage. Estimated saving: $28.56/month with about 1159.1 kWh/year reduction.,generic,3.5444526086956527,1.83936,31.899565217391302,73.9,-5.0,Average,normal usage pattern,"Tumble Dryer Garage is classified as Average. It is 5.0% below the REFIT similar-appliance average, with 66 detected events and 24.5% peak-hour activity.",0.4488,0.6713,0.2775,0.647,"Matched because this appliance is average, normal usage pattern, and the option balances price, energy reduction, savings and payback."
17,Washing Machine,Washing Machine,washing machine,Appliance4,0.70357,256.8,6.33,77.04,Kmart,Smart Plug With Timer,Generic,19.0,80.0,2.0,176.8,4.33,51.99,4.39,0.6842,0.6885,0.9294,0.8455,0.7464,Control,Cheapest,Low-cost way to reduce standby and schedule usage.,high,Consider Smart Plug With Timer from Kmart for Washing Machine. Estimated saving: $4.33/month with about 176.8 kWh/year reduction.,washing machine,1.958721081081081,1.22083,17.62810810810811,29.7,-64.1,Efficient,normal usage pattern,"Washing Machine is classified as Efficient. It is 64.1% below the REFIT similar-appliance average, with 3075 detected events and 23.2% peak-hour activity.",0.3503,0.6339,0.1399,0.5671,"Matched because this appliance is efficient, normal usage pattern, and the option balances price, energy reduction, savings and payback."
17,Washing Machine,Washing Machine,washing machine,Appliance4,0.70357,256.8,6.33,77.04,Bunnings,Timer Plug / Standby Saver,Arlec,24.0,75.0,1.88,181.8,4.46,53.49,5.38,0.7039,0.7079,0.9124,0.8168,0.7533,Control,Best Value,Useful for appliance groups and plug loads.,high,Consider Timer Plug / Standby Saver from Bunnings for Washing Machine. Estimated saving: $4.46/month with about 181.8 kWh/year reduction.,washing machine,1.958721081081081,1.22083,17.62810810810811,29.7,-64.1,Efficient,normal usage pattern,"Washing Machine is classified as Efficient. It is 64.1% below the REFIT similar-appliance average, with 3075 detected events and 23.2% peak-hour activity.",0.3428,0.6192,0.1373,0.5505,"Matched because this appliance is efficient, normal usage pattern, and the option balances price, energy reduction, savings and payback."
17,Washing Machine,Washing Machine,washing machine,Appliance4,0.70357,256.8,6.33,77.04,JB Hi-Fi,Energy Monitoring Smart Plug,TP-Link Tapo,29.0,70.0,1.75,186.8,4.58,54.99,6.33,0.7236,0.7274,0.8961,0.7913,0.7608,Monitoring,Overall,Adds monitoring so recommendations can be updated later.,high,Consider Energy Monitoring Smart Plug from JB Hi-Fi for Washing Machine. Estimated saving: $4.58/month with about 186.8 kWh/year reduction.,washing machine,1.958721081081081,1.22083,17.62810810810811,29.7,-64.1,Efficient,normal usage pattern,"Washing Machine is classified as Efficient. It is 64.1% below the REFIT similar-appliance average, with 3075 detected events and 23.2% peak-hour activity.",0.3359,0.6056,0.1351,0.5354,"Matched because this appliance is efficient, normal usage pattern, and the option balances price, energy reduction, savings and payback."
17,Washing Machine,Washing Machine,washing machine,Appliance4,0.70357,256.8,6.33,77.04,Big W,Laundry Smart Timer Plug,Generic,29.0,180.0,4.5,76.8,1.83,21.99,15.83,0.2893,0.2991,0.8961,0.6026,0.4303,Control,Cheapest,Low-cost option to shift laundry away from peak hours.,medium,Consider Laundry Smart Timer Plug from Big W for Washing Machine. Estimated saving: $1.83/month with about 76.8 kWh/year reduction.,washing machine,1.958721081081081,1.22083,17.62810810810811,29.7,-64.1,Efficient,normal usage pattern,"Washing Machine is classified as Efficient. It is 64.1% below the REFIT similar-appliance average, with 3075 detected events and 23.2% peak-hour activity.",0.3027,0.5557,0.1094,0.4378,"Matched because this appliance is efficient, normal usage pattern, and the option balances price, energy reduction, savings and payback."
17,Washing Machine,Washing Machine,washing machine,Appliance4,0.70357,256.8,6.33,77.04,JB Hi-Fi,Inverter Front Loader,LG,799.0,145.0,3.62,111.8,2.71,32.49,295.14,0.4275,0.4354,0.2383,0.0752,0.3486,High,Best Value,Good value inverter option for repeated laundry use.,high,Consider Inverter Front Loader from JB Hi-Fi for Washing Machine. Estimated saving: $2.71/month with about 111.8 kWh/year reduction.,washing machine,1.958721081081081,1.22083,17.62810810810811,29.7,-64.1,Efficient,normal usage pattern,"Washing Machine is classified as Efficient. It is 64.1% below the REFIT similar-appliance average, with 3075 detected events and 23.2% peak-hour activity.",0.0936,0.1287,0.0589,0.0765,"Matched because this appliance is efficient, normal usage pattern, and the option balances price, energy reduction, savings and payback."
17,Washing Machine,Washing Machine,washing machine,Appliance4,0.70357,256.8,6.33,77.04,The Good Guys,Front Load Washing Machine,Bosch,849.0,135.0,3.38,121.8,2.96,35.49,287.1,0.467,0.4743,0.2275,0.0771,0.3748,Premium,Energy Wise,Front loaders are suited to lower water and energy use.,high,Consider Front Load Washing Machine from The Good Guys for Washing Machine. Estimated saving: $2.96/month with about 121.8 kWh/year reduction.,washing machine,1.958721081081081,1.22083,17.62810810810811,29.7,-64.1,Efficient,normal usage pattern,"Washing Machine is classified as Efficient. It is 64.1% below the REFIT similar-appliance average, with 3075 detected events and 23.2% peak-hour activity.",0.0922,0.1246,0.0597,0.0761,"Matched because this appliance is efficient, normal usage pattern, and the option balances price, energy reduction, savings and payback."
18,Desktop Computer,Desktop Computer,computer,Appliance7,0.185,67.52,1.66,20.26,Kmart,Smart Plug With Timer,Generic,19.0,80.0,2.0,0.0,0.0,0.0,,0.0,0.0,0.9294,0.0,0.1394,Control,Cheapest,Low-cost way to reduce standby and schedule usage.,low,Consider Smart Plug With Timer from Kmart for Desktop Computer. Estimated saving: $0.00/month with about 0.0 kWh/year reduction.,computer,0.41818333333333335,0.179285,3.763888888888889,55.6,-55.8,Average,normal usage pattern,"Desktop Computer is classified as Average. It is 55.8% below the REFIT similar-appliance average, with 5257 detected events and 22.0% peak-hour activity.",0.2843,0.4896,0.112,0.2823,"Matched because this appliance is average, normal usage pattern, and the option balances price, energy reduction, savings and payback."
18,Desktop Computer,Desktop Computer,computer,Appliance7,0.185,67.52,1.66,20.26,Bunnings,Timer Plug / Standby Saver,Arlec,24.0,75.0,1.88,0.0,0.0,0.0,,0.0,0.0,0.9124,0.0,0.1369,Control,Best Value,Useful for appliance groups and plug loads.,low,Consider Timer Plug / Standby Saver from Bunnings for Desktop Computer. Estimated saving: $0.00/month with about 0.0 kWh/year reduction.,computer,0.41818333333333335,0.179285,3.763888888888889,55.6,-55.8,Average,normal usage pattern,"Desktop Computer is classified as Average. It is 55.8% below the REFIT similar-appliance average, with 5257 detected events and 22.0% peak-hour activity.",0.2809,0.482,0.112,0.2797,"Matched because this appliance is average, normal usage pattern, and the option balances price, energy reduction, savings and payback."
18,Desktop Computer,Desktop Computer,computer,Appliance7,0.185,67.52,1.66,20.26,JB Hi-Fi,Energy Monitoring Smart Plug,TP-Link Tapo,29.0,70.0,1.75,0.0,0.0,0.0,,0.0,0.0,0.8961,0.0,0.1344,Monitoring,Overall,Adds monitoring so recommendations can be updated later.,low,Consider Energy Monitoring Smart Plug from JB Hi-Fi for Desktop Computer. Estimated saving: $0.00/month with about 0.0 kWh/year reduction.,computer,0.41818333333333335,0.179285,3.763888888888889,55.6,-55.8,Average,normal usage pattern,"Desktop Computer is classified as Average. It is 55.8% below the REFIT similar-appliance average, with 5257 detected events and 22.0% peak-hour activity.",0.2777,0.4747,0.112,0.2773,"Matched because this appliance is average, normal usage pattern, and the option balances price, energy reduction, savings and payback."
18,Desktop Computer,Desktop Computer,computer,Appliance7,0.185,67.52,1.66,20.26,Officeworks,Smart Standby Powerboard,Jackson,39.0,135.0,3.38,0.0,0.0,0.0,,0.0,0.0,0.8651,0.0,0.1298,Control,Best Value,"Reduces standby waste from monitors, printers and routers.",low,Consider Smart Standby Powerboard from Officeworks for Desktop Computer. Estimated saving: $0.00/month with about 0.0 kWh/year reduction.,computer,0.41818333333333335,0.179285,3.763888888888889,55.6,-55.8,Average,normal usage pattern,"Desktop Computer is classified as Average. It is 55.8% below the REFIT similar-appliance average, with 5257 detected events and 22.0% peak-hour activity.",0.2715,0.4607,0.112,0.2726,"Matched because this appliance is average, normal usage pattern, and the option balances price, energy reduction, savings and payback."
18,Desktop Computer,Desktop Computer,computer,Appliance7,0.185,67.52,1.66,20.26,JB Hi-Fi,Energy Efficient Mini PC Setup,Generic,699.0,105.0,2.62,0.0,0.0,0.0,,0.0,0.0,0.2634,0.0,0.0395,High,Energy Wise,Lower-power option for desktop computer sites.,low,Consider Energy Efficient Mini PC Setup from JB Hi-Fi for Desktop Computer. Estimated saving: $0.00/month with about 0.0 kWh/year reduction.,computer,0.41818333333333335,0.179285,3.763888888888889,55.6,-55.8,Average,normal usage pattern,"Desktop Computer is classified as Average. It is 55.8% below the REFIT similar-appliance average, with 5257 detected events and 22.0% peak-hour activity.",0.1511,0.19,0.112,0.1824,"Matched because this appliance is average, normal usage pattern, and the option balances price, energy reduction, savings and payback."
18,Dishwasher,Dishwasher,washing machine,Appliance6,0.66408,242.39,5.98,72.72,Kmart,Smart Plug With Timer,Generic,19.0,80.0,2.0,162.39,3.98,47.72,4.78,0.6654,0.67,0.9294,0.834,0.7316,Control,Cheapest,Low-cost way to reduce standby and schedule usage.,high,Consider Smart Plug With Timer from Kmart for Dishwasher. Estimated saving: $3.98/month with about 162.4 kWh/year reduction.,washing machine,1.958721081081081,1.22083,17.62810810810811,27.0,-66.1,Average,peak-hour usage,"Dishwasher is classified as Average. It is 66.1% below the REFIT similar-appliance average, with 285 detected events and 28.4% peak-hour activity.",0.3452,0.6306,0.1338,0.561,"Matched because this appliance is average, peak-hour usage, and the option balances price, energy reduction, savings and payback."
18,Dishwasher,Dishwasher,washing machine,Appliance6,0.66408,242.39,5.98,72.72,Bunnings,Timer Plug / Standby Saver,Arlec,24.0,75.0,1.88,167.39,4.1,49.22,5.85,0.6863,0.6906,0.9124,0.804,0.7391,Control,Best Value,Useful for appliance groups and plug loads.,high,Consider Timer Plug / Standby Saver from Bunnings for Dishwasher. Estimated saving: $4.10/month with about 167.4 kWh/year reduction.,washing machine,1.958721081081081,1.22083,17.62810810810811,27.0,-66.1,Average,peak-hour usage,"Dishwasher is classified as Average. It is 66.1% below the REFIT similar-appliance average, with 285 detected events and 28.4% peak-hour activity.",0.3375,0.6157,0.1311,0.5436,"Matched because this appliance is average, peak-hour usage, and the option balances price, energy reduction, savings and payback."
18,Dishwasher,Dishwasher,washing machine,Appliance6,0.66408,242.39,5.98,72.72,JB Hi-Fi,Energy Monitoring Smart Plug,TP-Link Tapo,29.0,70.0,1.75,172.39,4.23,50.72,6.86,0.7072,0.7112,0.8961,0.7777,0.7473,Monitoring,Overall,Adds monitoring so recommendations can be updated later.,high,Consider Energy Monitoring Smart Plug from JB Hi-Fi for Dishwasher. Estimated saving: $4.23/month with about 172.4 kWh/year reduction.,washing machine,1.958721081081081,1.22083,17.62810810810811,27.0,-66.1,Average,peak-hour usage,"Dishwasher is classified as Average. It is 66.1% below the REFIT similar-appliance average, with 285 detected events and 28.4% peak-hour activity.",0.3306,0.6018,0.1288,0.5282,"Matched because this appliance is average, peak-hour usage, and the option balances price, energy reduction, savings and payback."
18,Dishwasher,Dishwasher,washing machine,Appliance6,0.66408,242.39,5.98,72.72,Big W,Laundry Smart Timer Plug,Generic,29.0,180.0,4.5,62.39,1.48,17.72,19.64,0.2471,0.2574,0.8961,0.55,0.393,Control,Cheapest,Low-cost option to shift laundry away from peak hours.,medium,Consider Laundry Smart Timer Plug from Big W for Dishwasher. Estimated saving: $1.48/month with about 62.4 kWh/year reduction.,washing machine,1.958721081081081,1.22083,17.62810810810811,27.0,-66.1,Average,peak-hour usage,"Dishwasher is classified as Average. It is 66.1% below the REFIT similar-appliance average, with 285 detected events and 28.4% peak-hour activity.",0.2914,0.5422,0.0993,0.4111,"Matched because this appliance is average, peak-hour usage, and the option balances price, energy reduction, savings and payback."
18,Dishwasher,Dishwasher,washing machine,Appliance6,0.66408,242.39,5.98,72.72,JB Hi-Fi,Inverter Front Loader,LG,799.0,145.0,3.62,97.39,2.35,28.22,339.75,0.3935,0.4018,0.2383,0.066,0.3236,High,Best Value,Good value inverter option for repeated laundry use.,high,Consider Inverter Front Loader from JB Hi-Fi for Dishwasher. Estimated saving: $2.35/month with about 97.4 kWh/year reduction.,washing machine,1.958721081081081,1.22083,17.62810810810811,27.0,-66.1,Average,peak-hour usage,"Dishwasher is classified as Average. It is 66.1% below the REFIT similar-appliance average, with 285 detected events and 28.4% peak-hour activity.",0.0889,0.1261,0.053,0.0715,"Matched because this appliance is average, peak-hour usage, and the option balances price, energy reduction, savings and payback."
18,Dishwasher,Dishwasher,washing machine,Appliance6,0.66408,242.39,5.98,72.72,The Good Guys,Front Load Washing Machine,Bosch,849.0,135.0,3.38,107.39,2.6,31.22,326.32,0.4353,0.443,0.2275,0.0685,0.3514,Premium,Energy Wise,Front loaders are suited to lower water and energy use.,high,Consider Front Load Washing Machine from The Good Guys for Dishwasher. Estimated saving: $2.60/month with about 107.4 kWh/year reduction.,washing machine,1.958721081081081,1.22083,17.62810810810811,27.0,-66.1,Average,peak-hour usage,"Dishwasher is classified as Average. It is 66.1% below the REFIT similar-appliance average, with 285 detected events and 28.4% peak-hour activity.",0.0875,0.1221,0.0539,0.0714,"Matched because this appliance is average, peak-hour usage, and the option balances price, energy reduction, savings and payback."
18,Freezer Garage,Freezer Garage,freezer,Appliance2,0.964,351.86,8.68,105.56,Kmart,Smart Plug With Timer,Generic,19.0,80.0,2.0,271.86,6.68,80.11,2.85,0.7695,0.7726,0.9294,0.894,0.8131,Control,Cheapest,Low-cost way to reduce standby and schedule usage.,high,Consider Smart Plug With Timer from Kmart for Freezer Garage. Estimated saving: $6.68/month with about 271.9 kWh/year reduction.,freezer,1.02615,0.92847,9.235384615384616,61.5,-6.1,Average,"peak-hour usage, frequent usage","Freezer Garage is classified as Average. It is 6.1% below the REFIT similar-appliance average, with 2772 detected events and 26.0% peak-hour activity.",0.3936,0.6483,0.1982,0.5941,"Matched because this appliance is average, peak-hour usage, frequent usage, and the option balances price, energy reduction, savings and payback."
18,Freezer Garage,Freezer Garage,freezer,Appliance2,0.964,351.86,8.68,105.56,Bunnings,Timer Plug / Standby Saver,Arlec,24.0,75.0,1.88,276.86,6.8,81.61,3.53,0.7839,0.7868,0.9124,0.8718,0.8172,Control,Best Value,Useful for appliance groups and plug loads.,high,Consider Timer Plug / Standby Saver from Bunnings for Freezer Garage. Estimated saving: $6.80/month with about 276.9 kWh/year reduction.,freezer,1.02615,0.92847,9.235384615384616,61.5,-6.1,Average,"peak-hour usage, frequent usage","Freezer Garage is classified as Average. It is 6.1% below the REFIT similar-appliance average, with 2772 detected events and 26.0% peak-hour activity.",0.3871,0.6353,0.1963,0.5806,"Matched because this appliance is average, peak-hour usage, frequent usage, and the option balances price, energy reduction, savings and payback."
18,Freezer Garage,Freezer Garage,freezer,Appliance2,0.964,351.86,8.68,105.56,JB Hi-Fi,Energy Monitoring Smart Plug,TP-Link Tapo,29.0,70.0,1.75,281.86,6.93,83.11,4.19,0.7983,0.8011,0.8961,0.8515,0.8218,Monitoring,Overall,Adds monitoring so recommendations can be updated later.,high,Consider Energy Monitoring Smart Plug from JB Hi-Fi for Freezer Garage. Estimated saving: $6.93/month with about 281.9 kWh/year reduction.,freezer,1.02615,0.92847,9.235384615384616,61.5,-6.1,Average,"peak-hour usage, frequent usage","Freezer Garage is classified as Average. It is 6.1% below the REFIT similar-appliance average, with 2772 detected events and 26.0% peak-hour activity.",0.381,0.6229,0.1946,0.5681,"Matched because this appliance is average, peak-hour usage, frequent usage, and the option balances price, energy reduction, savings and payback."
18,Freezer Garage,Freezer Garage,freezer,Appliance2,0.964,351.86,8.68,105.56,Kmart,Freezer Timer Reminder Plug,Generic,19.0,300.0,7.5,51.86,1.18,14.11,16.16,0.1355,0.1474,0.9294,0.5977,0.3275,Control,Cheapest,"Useful for monitoring, not replacing cold storage.",low,Consider Freezer Timer Reminder Plug from Kmart for Freezer Garage. Estimated saving: $1.18/month with about 51.9 kWh/year reduction.,freezer,1.02615,0.92847,9.235384615384616,61.5,-6.1,Average,"peak-hour usage, frequent usage","Freezer Garage is classified as Average. It is 6.1% below the REFIT similar-appliance average, with 2772 detected events and 26.0% peak-hour activity.",0.3392,0.5688,0.1551,0.4396,"Matched because this appliance is average, peak-hour usage, frequent usage, and the option balances price, energy reduction, savings and payback."
18,Freezer Garage,Freezer Garage,freezer,Appliance2,0.964,351.86,8.68,105.56,Harvey Norman,Low Energy Chest Freezer,Haier,499.0,210.0,5.25,141.86,3.43,41.11,145.65,0.3949,0.4032,0.3338,0.1415,0.3502,Premium,Energy Wise,Chest freezer style can reduce energy loss.,high,Consider Low Energy Chest Freezer from Harvey Norman for Freezer Garage. Estimated saving: $3.43/month with about 141.9 kWh/year reduction.,freezer,1.02615,0.92847,9.235384615384616,61.5,-6.1,Average,"peak-hour usage, frequent usage","Freezer Garage is classified as Average. It is 6.1% below the REFIT similar-appliance average, with 2772 detected events and 26.0% peak-hour activity.",0.1558,0.189,0.115,0.1248,"Matched because this appliance is average, peak-hour usage, frequent usage, and the option balances price, energy reduction, savings and payback."
18,Freezer Garage,Freezer Garage,freezer,Appliance2,0.964,351.86,8.68,105.56,The Good Guys,Efficient Upright Freezer,Westinghouse,849.0,250.0,6.25,101.86,2.43,29.11,349.95,0.2796,0.2895,0.2275,0.0642,0.2424,High,Best Value,Good for high continuous freezer loads.,medium,Consider Efficient Upright Freezer from The Good Guys for Freezer Garage. Estimated saving: $2.43/month with about 101.9 kWh/year reduction.,freezer,1.02615,0.92847,9.235384615384616,61.5,-6.1,Average,"peak-hour usage, frequent usage","Freezer Garage is classified as Average. It is 6.1% below the REFIT similar-appliance average, with 2772 detected events and 26.0% peak-hour activity.",0.1211,0.1208,0.1048,0.069,"Matched because this appliance is average, peak-hour usage, frequent usage, and the option balances price, energy reduction, savings and payback."
18,Fridge Garage,Fridge Garage,fridge,Appliance1,0.77968,284.58,7.02,85.37,Kmart,Smart Plug With Timer,Generic,19.0,80.0,2.0,204.58,5.02,60.21,3.79,0.715,0.7189,0.9294,0.8637,0.7706,Control,Cheapest,Low-cost way to reduce standby and schedule usage.,high,Consider Smart Plug With Timer from Kmart for Fridge Garage. Estimated saving: $5.02/month with about 204.6 kWh/year reduction.,fridge,0.8247209090909091,0.62875,7.422727272727273,63.6,-5.5,Average,normal usage pattern,"Fridge Garage is classified as Average. It is 5.5% below the REFIT similar-appliance average, with 955 detected events and 19.9% peak-hour activity.",0.3881,0.6391,0.1942,0.577,"Matched because this appliance is average, normal usage pattern, and the option balances price, energy reduction, savings and payback."
18,Fridge Garage,Fridge Garage,fridge,Appliance1,0.77968,284.58,7.02,85.37,Bunnings,Timer Plug / Standby Saver,Arlec,24.0,75.0,1.88,209.58,5.14,61.71,4.67,0.7328,0.7365,0.9124,0.8372,0.7765,Control,Best Value,Useful for appliance groups and plug loads.,high,Consider Timer Plug / Standby Saver from Bunnings for Fridge Garage. Estimated saving: $5.14/month with about 209.6 kWh/year reduction.,fridge,0.8247209090909091,0.62875,7.422727272727273,63.6,-5.5,Average,normal usage pattern,"Fridge Garage is classified as Average. It is 5.5% below the REFIT similar-appliance average, with 955 detected events and 19.9% peak-hour activity.",0.381,0.625,0.1919,0.5614,"Matched because this appliance is average, normal usage pattern, and the option balances price, energy reduction, savings and payback."
18,Fridge Garage,Fridge Garage,fridge,Appliance1,0.77968,284.58,7.02,85.37,JB Hi-Fi,Energy Monitoring Smart Plug,TP-Link Tapo,29.0,70.0,1.75,214.58,5.27,63.21,5.51,0.7506,0.754,0.8961,0.8134,0.7829,Monitoring,Overall,Adds monitoring so recommendations can be updated later.,high,Consider Energy Monitoring Smart Plug from JB Hi-Fi for Fridge Garage. Estimated saving: $5.27/month with about 214.6 kWh/year reduction.,fridge,0.8247209090909091,0.62875,7.422727272727273,63.6,-5.5,Average,normal usage pattern,"Fridge Garage is classified as Average. It is 5.5% below the REFIT similar-appliance average, with 955 detected events and 19.9% peak-hour activity.",0.3744,0.6118,0.1898,0.5471,"Matched because this appliance is average, normal usage pattern, and the option balances price, energy reduction, savings and payback."
18,Fridge Garage,Fridge Garage,fridge,Appliance1,0.77968,284.58,7.02,85.37,JB Hi-Fi,Compact Efficient Fridge,CHiQ,449.0,285.0,7.12,0.0,0.0,0.0,,0.0,0.0,0.3577,0.0,0.0536,Standard,Cheapest,Lower upfront price for smaller households.,low,Consider Compact Efficient Fridge from JB Hi-Fi for Fridge Garage. Estimated saving: $0.00/month with about 0.0 kWh/year reduction.,fridge,0.8247209090909091,0.62875,7.422727272727273,63.6,-5.5,Average,normal usage pattern,"Fridge Garage is classified as Average. It is 5.5% below the REFIT similar-appliance average, with 955 detected events and 19.9% peak-hour activity.",0.178,0.2324,0.124,0.1965,"Matched because this appliance is average, normal usage pattern, and the option balances price, energy reduction, savings and payback."
18,Fridge Garage,Fridge Garage,fridge,Appliance1,0.77968,284.58,7.02,85.37,The Good Guys,Energy Efficient Fridge-Freezer,Hisense,699.0,260.0,6.5,24.58,0.52,6.21,1351.81,0.0737,0.0864,0.2634,0.0174,0.0975,High,Best Value,Balanced replacement for continuous loads.,low,Consider Energy Efficient Fridge-Freezer from The Good Guys for Fridge Garage. Estimated saving: $0.52/month with about 24.6 kWh/year reduction.,fridge,0.8247209090909091,0.62875,7.422727272727273,63.6,-5.5,Average,normal usage pattern,"Fridge Garage is classified as Average. It is 5.5% below the REFIT similar-appliance average, with 955 detected events and 19.9% peak-hour activity.",0.1199,0.1235,0.0986,0.0489,"Matched because this appliance is average, normal usage pattern, and the option balances price, energy reduction, savings and payback."
18,Fridge Garage,Fridge Garage,fridge,Appliance1,0.77968,284.58,7.02,85.37,Harvey Norman,Inverter Fridge-Freezer,Samsung,999.0,220.0,5.5,64.58,1.52,18.21,658.5,0.2162,0.2269,0.2002,0.0352,0.1899,Premium,Energy Wise,Inverter compressor suited to always-on refrigeration.,medium,Consider Inverter Fridge-Freezer from Harvey Norman for Fridge Garage. Estimated saving: $1.52/month with about 64.6 kWh/year reduction.,fridge,0.8247209090909091,0.62875,7.422727272727273,63.6,-5.5,Average,normal usage pattern,"Fridge Garage is classified as Average. It is 5.5% below the REFIT similar-appliance average, with 955 detected events and 19.9% peak-hour activity.",0.1117,0.1004,0.1028,0.0494,"Matched because this appliance is average, normal usage pattern, and the option balances price, energy reduction, savings and payback."
18,Fridge-Freezer,Fridge-Freezer,fridge,Appliance3,0.51437,187.75,4.63,56.32,Kmart,Smart Plug With Timer,Generic,19.0,80.0,2.0,107.75,2.63,31.55,7.23,0.568,0.5739,0.9294,0.7686,0.6541,Control,Cheapest,Low-cost way to reduce standby and schedule usage.,high,Consider Smart Plug With Timer from Kmart for Fridge-Freezer. Estimated saving: $2.63/month with about 107.7 kWh/year reduction.,fridge,0.8247209090909091,0.62875,7.422727272727273,45.5,-37.6,Average,"peak-hour usage, frequent usage","Fridge-Freezer is classified as Average. It is 37.6% below the REFIT similar-appliance average, with 4336 detected events and 27.7% peak-hour activity.",0.3514,0.613,0.1517,0.5267,"Matched because this appliance is average, peak-hour usage, frequent usage, and the option balances price, energy reduction, savings and payback."
18,Fridge-Freezer,Fridge-Freezer,fridge,Appliance3,0.51437,187.75,4.63,56.32,Bunnings,Timer Plug / Standby Saver,Arlec,24.0,75.0,1.88,112.75,2.75,33.05,8.71,0.595,0.6005,0.9124,0.7336,0.6651,Control,Best Value,Useful for appliance groups and plug loads.,high,Consider Timer Plug / Standby Saver from Bunnings for Fridge-Freezer. Estimated saving: $2.75/month with about 112.7 kWh/year reduction.,fridge,0.8247209090909091,0.62875,7.422727272727273,45.5,-37.6,Average,"peak-hour usage, frequent usage","Fridge-Freezer is classified as Average. It is 37.6% below the REFIT similar-appliance average, with 4336 detected events and 27.7% peak-hour activity.",0.3431,0.5967,0.1485,0.5069,"Matched because this appliance is average, peak-hour usage, frequent usage, and the option balances price, energy reduction, savings and payback."
18,Fridge-Freezer,Fridge-Freezer,fridge,Appliance3,0.51437,187.75,4.63,56.32,JB Hi-Fi,Energy Monitoring Smart Plug,TP-Link Tapo,29.0,70.0,1.75,117.75,2.88,34.55,10.07,0.622,0.6272,0.8961,0.7044,0.677,Monitoring,Overall,Adds monitoring so recommendations can be updated later.,high,Consider Energy Monitoring Smart Plug from JB Hi-Fi for Fridge-Freezer. Estimated saving: $2.88/month with about 117.7 kWh/year reduction.,fridge,0.8247209090909091,0.62875,7.422727272727273,45.5,-37.6,Average,"peak-hour usage, frequent usage","Fridge-Freezer is classified as Average. It is 37.6% below the REFIT similar-appliance average, with 4336 detected events and 27.7% peak-hour activity.",0.3356,0.5822,0.1459,0.49,"Matched because this appliance is average, peak-hour usage, frequent usage, and the option balances price, energy reduction, savings and payback."
18,Fridge-Freezer,Fridge-Freezer,fridge,Appliance3,0.51437,187.75,4.63,56.32,JB Hi-Fi,Compact Efficient Fridge,CHiQ,449.0,285.0,7.12,0.0,0.0,0.0,,0.0,0.0,0.3577,0.0,0.0536,Standard,Cheapest,Lower upfront price for smaller households.,low,Consider Compact Efficient Fridge from JB Hi-Fi for Fridge-Freezer. Estimated saving: $0.00/month with about 0.0 kWh/year reduction.,fridge,0.8247209090909091,0.62875,7.422727272727273,45.5,-37.6,Average,"peak-hour usage, frequent usage","Fridge-Freezer is classified as Average. It is 37.6% below the REFIT similar-appliance average, with 4336 detected events and 27.7% peak-hour activity.",0.1599,0.2324,0.0968,0.1965,"Matched because this appliance is average, peak-hour usage, frequent usage, and the option balances price, energy reduction, savings and payback."
18,Fridge-Freezer,Fridge-Freezer,fridge,Appliance3,0.51437,187.75,4.63,56.32,The Good Guys,Energy Efficient Fridge-Freezer,Hisense,699.0,260.0,6.5,0.0,0.0,0.0,,0.0,0.0,0.2634,0.0,0.0395,High,Best Value,Balanced replacement for continuous loads.,low,Consider Energy Efficient Fridge-Freezer from The Good Guys for Fridge-Freezer. Estimated saving: $0.00/month with about 0.0 kWh/year reduction.,fridge,0.8247209090909091,0.62875,7.422727272727273,45.5,-37.6,Average,"peak-hour usage, frequent usage","Fridge-Freezer is classified as Average. It is 37.6% below the REFIT similar-appliance average, with 4336 detected events and 27.7% peak-hour activity.",0.141,0.19,0.0968,0.1824,"Matched because this appliance is average, peak-hour usage, frequent usage, and the option balances price, energy reduction, savings and payback."
18,Fridge-Freezer,Fridge-Freezer,fridge,Appliance3,0.51437,187.75,4.63,56.32,Harvey Norman,Inverter Fridge-Freezer,Samsung,999.0,220.0,5.5,0.0,0.0,0.0,,0.0,0.0,0.2002,0.0,0.03,Premium,Energy Wise,Inverter compressor suited to always-on refrigeration.,low,Consider Inverter Fridge-Freezer from Harvey Norman for Fridge-Freezer. Estimated saving: $0.00/month with about 0.0 kWh/year reduction.,fridge,0.8247209090909091,0.62875,7.422727272727273,45.5,-37.6,Average,"peak-hour usage, frequent usage","Fridge-Freezer is classified as Average. It is 37.6% below the REFIT similar-appliance average, with 4336 detected events and 27.7% peak-hour activity.",0.1284,0.1615,0.0968,0.1729,"Matched because this appliance is average, peak-hour usage, frequent usage, and the option balances price, energy reduction, savings and payback."
18,Microwave,Microwave,microwave,Appliance9,0.02504,9.14,0.23,2.74,Kmart,Smart Plug With Timer,Generic,19.0,80.0,2.0,0.0,0.0,0.0,,0.0,0.0,0.9294,0.0,0.1394,Control,Cheapest,Low-cost way to reduce standby and schedule usage.,low,Consider Smart Plug With Timer from Kmart for Microwave. Estimated saving: $0.00/month with about 0.0 kWh/year reduction.,microwave,1.693406875,0.12358,15.23875,18.8,-98.5,Needs attention,peak-hour usage,"Microwave is classified as Needs attention. It is 98.5% below the REFIT similar-appliance average, with 189 detected events and 80.8% peak-hour activity.",0.2475,0.4896,0.0568,0.2823,"Matched because this appliance is needs attention, peak-hour usage, and the option balances price, energy reduction, savings and payback."
18,Microwave,Microwave,microwave,Appliance9,0.02504,9.14,0.23,2.74,Bunnings,Timer Plug / Standby Saver,Arlec,24.0,75.0,1.88,0.0,0.0,0.0,,0.0,0.0,0.9124,0.0,0.1369,Control,Best Value,Useful for appliance groups and plug loads.,low,Consider Timer Plug / Standby Saver from Bunnings for Microwave. Estimated saving: $0.00/month with about 0.0 kWh/year reduction.,microwave,1.693406875,0.12358,15.23875,18.8,-98.5,Needs attention,peak-hour usage,"Microwave is classified as Needs attention. It is 98.5% below the REFIT similar-appliance average, with 189 detected events and 80.8% peak-hour activity.",0.2441,0.482,0.0568,0.2797,"Matched because this appliance is needs attention, peak-hour usage, and the option balances price, energy reduction, savings and payback."
18,Microwave,Microwave,microwave,Appliance9,0.02504,9.14,0.23,2.74,JB Hi-Fi,Energy Monitoring Smart Plug,TP-Link Tapo,29.0,70.0,1.75,0.0,0.0,0.0,,0.0,0.0,0.8961,0.0,0.1344,Monitoring,Overall,Adds monitoring so recommendations can be updated later.,low,Consider Energy Monitoring Smart Plug from JB Hi-Fi for Microwave. Estimated saving: $0.00/month with about 0.0 kWh/year reduction.,microwave,1.693406875,0.12358,15.23875,18.8,-98.5,Needs attention,peak-hour usage,"Microwave is classified as Needs attention. It is 98.5% below the REFIT similar-appliance average, with 189 detected events and 80.8% peak-hour activity.",0.2409,0.4747,0.0568,0.2773,"Matched because this appliance is needs attention, peak-hour usage, and the option balances price, energy reduction, savings and payback."
18,Microwave,Microwave,microwave,Appliance9,0.02504,9.14,0.23,2.74,Kmart,Compact Microwave,Anko,99.0,96.0,2.4,0.0,0.0,0.0,,0.0,0.0,0.7163,0.0,0.1074,Standard,Cheapest,Lowest upfront price.,low,Consider Compact Microwave from Kmart for Microwave. Estimated saving: $0.00/month with about 0.0 kWh/year reduction.,microwave,1.693406875,0.12358,15.23875,18.8,-98.5,Needs attention,peak-hour usage,"Microwave is classified as Needs attention. It is 98.5% below the REFIT similar-appliance average, with 189 detected events and 80.8% peak-hour activity.",0.2049,0.3938,0.0568,0.2503,"Matched because this appliance is needs attention, peak-hour usage, and the option balances price, energy reduction, savings and payback."
18,Microwave,Microwave,microwave,Appliance9,0.02504,9.14,0.23,2.74,The Good Guys,900W Efficient Microwave,LG,179.0,82.0,2.05,0.0,0.0,0.0,,0.0,0.0,0.5828,0.0,0.0874,High,Best Value,Good balance of price and energy use.,low,Consider 900W Efficient Microwave from The Good Guys for Microwave. Estimated saving: $0.00/month with about 0.0 kWh/year reduction.,microwave,1.693406875,0.12358,15.23875,18.8,-98.5,Needs attention,peak-hour usage,"Microwave is classified as Needs attention. It is 98.5% below the REFIT similar-appliance average, with 189 detected events and 80.8% peak-hour activity.",0.1782,0.3337,0.0568,0.2303,"Matched because this appliance is needs attention, peak-hour usage, and the option balances price, energy reduction, savings and payback."
18,Microwave,Microwave,microwave,Appliance9,0.02504,9.14,0.23,2.74,JB Hi-Fi,Compact Inverter Microwave,Panasonic,219.0,76.0,1.9,0.0,0.0,0.0,,0.0,0.0,0.533,0.0,0.08,Premium,Energy Wise,Inverter control is suitable for repeated cooking events.,low,Consider Compact Inverter Microwave from JB Hi-Fi for Microwave. Estimated saving: $0.00/month with about 0.0 kWh/year reduction.,microwave,1.693406875,0.12358,15.23875,18.8,-98.5,Needs attention,peak-hour usage,"Microwave is classified as Needs attention. It is 98.5% below the REFIT similar-appliance average, with 189 detected events and 80.8% peak-hour activity.",0.1683,0.3113,0.0568,0.2228,"Matched because this appliance is needs attention, peak-hour usage, and the option balances price, energy reduction, savings and payback."
18,Television Site,Television Site,television,Appliance8,0.27668,100.99,2.49,30.3,Kmart,Smart Plug With Timer,Generic,19.0,80.0,2.0,20.99,0.49,5.88,38.76,0.1968,0.2078,0.9294,0.3824,0.3378,Control,Cheapest,Low-cost way to reduce standby and schedule usage.,medium,Consider Smart Plug With Timer from Kmart for Television Site. Estimated saving: $0.49/month with about 21.0 kWh/year reduction.,television,0.64669,0.36083,5.819047619047619,33.3,-57.2,Needs attention,peak-hour usage,"Television Site is classified as Needs attention. It is 57.2% below the REFIT similar-appliance average, with 3759 detected events and 54.0% peak-hour activity.",0.2774,0.5143,0.0894,0.3312,"Matched because this appliance is needs attention, peak-hour usage, and the option balances price, energy reduction, savings and payback."
18,Television Site,Television Site,television,Appliance8,0.27668,100.99,2.49,30.3,Bunnings,Timer Plug / Standby Saver,Arlec,24.0,75.0,1.88,25.99,0.62,7.38,39.01,0.247,0.2573,0.9124,0.3809,0.37,Control,Best Value,Useful for appliance groups and plug loads.,medium,Consider Timer Plug / Standby Saver from Bunnings for Television Site. Estimated saving: $0.62/month with about 26.0 kWh/year reduction.,television,0.64669,0.36083,5.819047619047619,33.3,-57.2,Needs attention,peak-hour usage,"Television Site is classified as Needs attention. It is 57.2% below the REFIT similar-appliance average, with 3759 detected events and 54.0% peak-hour activity.",0.2741,0.5064,0.0896,0.328,"Matched because this appliance is needs attention, peak-hour usage, and the option balances price, energy reduction, savings and payback."
18,Television Site,Television Site,television,Appliance8,0.27668,100.99,2.49,30.3,JB Hi-Fi,Energy Monitoring Smart Plug,TP-Link Tapo,29.0,70.0,1.75,30.99,0.74,8.88,39.18,0.2972,0.3069,0.8961,0.3799,0.4023,Monitoring,Overall,Adds monitoring so recommendations can be updated later.,medium,Consider Energy Monitoring Smart Plug from JB Hi-Fi for Television Site. Estimated saving: $0.74/month with about 31.0 kWh/year reduction.,television,0.64669,0.36083,5.819047619047619,33.3,-57.2,Needs attention,peak-hour usage,"Television Site is classified as Needs attention. It is 57.2% below the REFIT similar-appliance average, with 3759 detected events and 54.0% peak-hour activity.",0.2709,0.4989,0.0898,0.3252,"Matched because this appliance is needs attention, peak-hour usage, and the option balances price, energy reduction, savings and payback."
18,Television Site,Television Site,television,Appliance8,0.27668,100.99,2.49,30.3,Kmart,Standby Saver Powerboard,Generic,19.0,120.0,3.0,0.0,0.0,0.0,,0.0,0.0,0.9294,0.0,0.1394,Control,Cheapest,Useful where TV site has multiple standby devices.,low,Consider Standby Saver Powerboard from Kmart for Television Site. Estimated saving: $0.00/month with about 0.0 kWh/year reduction.,television,0.64669,0.36083,5.819047619047619,33.3,-57.2,Needs attention,peak-hour usage,"Television Site is classified as Needs attention. It is 57.2% below the REFIT similar-appliance average, with 3759 detected events and 54.0% peak-hour activity.",0.262,0.4896,0.0785,0.2823,"Matched because this appliance is needs attention, peak-hour usage, and the option balances price, energy reduction, savings and payback."
18,Television Site,Television Site,television,Appliance8,0.27668,100.99,2.49,30.3,JB Hi-Fi,Energy Efficient LED TV,TCL,599.0,95.0,2.38,5.99,0.12,1.38,5201.78,0.0462,0.0593,0.2945,0.0046,0.0811,High,Best Value,LED replacement for high TV-site consumption.,low,Consider Energy Efficient LED TV from JB Hi-Fi for Television Site. Estimated saving: $0.12/month with about 6.0 kWh/year reduction.,television,0.64669,0.36083,5.819047619047619,33.3,-57.2,Needs attention,peak-hour usage,"Television Site is classified as Needs attention. It is 57.2% below the REFIT similar-appliance average, with 3759 detected events and 54.0% peak-hour activity.",0.0931,0.1338,0.0508,0.0466,"Matched because this appliance is needs attention, peak-hour usage, and the option balances price, energy reduction, savings and payback."
18,Television Site,Television Site,television,Appliance8,0.27668,100.99,2.49,30.3,The Good Guys,Low Energy QLED TV,Samsung,899.0,80.0,2.0,20.99,0.49,5.88,1834.12,0.1968,0.2078,0.2176,0.0129,0.1757,Premium,Energy Wise,Lower annual kWh for heavy TV use.,medium,Consider Low Energy QLED TV from The Good Guys for Television Site. Estimated saving: $0.49/month with about 21.0 kWh/year reduction.,television,0.64669,0.36083,5.819047619047619,33.3,-57.2,Needs attention,peak-hour usage,"Television Site is classified as Needs attention. It is 57.2% below the REFIT similar-appliance average, with 3759 detected events and 54.0% peak-hour activity.",0.0797,0.1016,0.0525,0.0397,"Matched because this appliance is needs attention, peak-hour usage, and the option balances price, energy reduction, savings and payback."
18,Washer Dryer Garage,Washer Dryer Garage,washing machine,Appliance4,3.09433,1129.43,27.85,338.83,Kmart,Smart Plug With Timer,Generic,19.0,80.0,2.0,1049.43,25.85,310.19,0.74,0.9282,0.9292,0.9294,0.9703,0.935,Control,Cheapest,Low-cost way to reduce standby and schedule usage.,high,Consider Smart Plug With Timer from Kmart for Washer Dryer Garage. Estimated saving: $25.85/month with about 1049.4 kWh/year reduction.,washing machine,1.958721081081081,1.22083,17.62810810810811,83.8,58.0,Needs attention,"above similar-house benchmark, higher monthly cost","Washer Dryer Garage is classified as Needs attention. It is 58.0% above the REFIT similar-appliance average, with 30 detected events and 24.8% peak-hour activity.",0.4621,0.6863,0.2867,0.6543,"Matched because this appliance is needs attention, above similar-house benchmark, higher monthly cost, and the option balances price, energy reduction, savings and payback."
18,Washer Dryer Garage,Washer Dryer Garage,washing machine,Appliance4,3.09433,1129.43,27.85,338.83,Bunnings,Timer Plug / Standby Saver,Arlec,24.0,75.0,1.88,1054.43,25.97,311.69,0.92,0.9327,0.9336,0.9124,0.9629,0.9344,Control,Best Value,Useful for appliance groups and plug loads.,high,Consider Timer Plug / Standby Saver from Bunnings for Washer Dryer Garage. Estimated saving: $25.97/month with about 1054.4 kWh/year reduction.,washing machine,1.958721081081081,1.22083,17.62810810810811,83.8,58.0,Needs attention,"above similar-house benchmark, higher monthly cost","Washer Dryer Garage is classified as Needs attention. It is 58.0% above the REFIT similar-appliance average, with 30 detected events and 24.8% peak-hour activity.",0.4579,0.6771,0.2863,0.6484,"Matched because this appliance is needs attention, above similar-house benchmark, higher monthly cost, and the option balances price, energy reduction, savings and payback."
18,Washer Dryer Garage,Washer Dryer Garage,washing machine,Appliance4,3.09433,1129.43,27.85,338.83,JB Hi-Fi,Energy Monitoring Smart Plug,TP-Link Tapo,29.0,70.0,1.75,1059.43,26.1,313.19,1.11,0.9372,0.938,0.8961,0.9558,0.934,Monitoring,Overall,Adds monitoring so recommendations can be updated later.,high,Consider Energy Monitoring Smart Plug from JB Hi-Fi for Washer Dryer Garage. Estimated saving: $26.10/month with about 1059.4 kWh/year reduction.,washing machine,1.958721081081081,1.22083,17.62810810810811,83.8,58.0,Needs attention,"above similar-house benchmark, higher monthly cost","Washer Dryer Garage is classified as Needs attention. It is 58.0% above the REFIT similar-appliance average, with 30 detected events and 24.8% peak-hour activity.",0.4538,0.668,0.2859,0.6425,"Matched because this appliance is needs attention, above similar-house benchmark, higher monthly cost, and the option balances price, energy reduction, savings and payback."
18,Washer Dryer Garage,Washer Dryer Garage,washing machine,Appliance4,3.09433,1129.43,27.85,338.83,Big W,Laundry Smart Timer Plug,Generic,29.0,180.0,4.5,949.43,23.35,280.19,1.24,0.8384,0.8406,0.8961,0.9508,0.8646,Control,Cheapest,Low-cost option to shift laundry away from peak hours.,high,Consider Laundry Smart Timer Plug from Big W for Washer Dryer Garage. Estimated saving: $23.35/month with about 949.4 kWh/year reduction.,washing machine,1.958721081081081,1.22083,17.62810810810811,83.8,58.0,Needs attention,"above similar-house benchmark, higher monthly cost","Washer Dryer Garage is classified as Needs attention. It is 58.0% above the REFIT similar-appliance average, with 30 detected events and 24.8% peak-hour activity.",0.4481,0.6641,0.2787,0.6368,"Matched because this appliance is needs attention, above similar-house benchmark, higher monthly cost, and the option balances price, energy reduction, savings and payback."
18,Washer Dryer Garage,Washer Dryer Garage,washing machine,Appliance4,3.09433,1129.43,27.85,338.83,JB Hi-Fi,Inverter Front Loader,LG,799.0,145.0,3.62,984.43,24.22,290.69,32.98,0.8698,0.8716,0.2383,0.4212,0.7083,High,Best Value,Good value inverter option for repeated laundry use.,high,Consider Inverter Front Loader from JB Hi-Fi for Washer Dryer Garage. Estimated saving: $24.22/month with about 984.4 kWh/year reduction.,washing machine,1.958721081081081,1.22083,17.62810810810811,83.8,58.0,Needs attention,"above similar-house benchmark, higher monthly cost","Washer Dryer Garage is classified as Needs attention. It is 58.0% above the REFIT similar-appliance average, with 30 detected events and 24.8% peak-hour activity.",0.2386,0.2365,0.2278,0.2743,"Matched because this appliance is needs attention, above similar-house benchmark, higher monthly cost, and the option balances price, energy reduction, savings and payback."
18,Washer Dryer Garage,Washer Dryer Garage,washing machine,Appliance4,3.09433,1129.43,27.85,338.83,The Good Guys,Front Load Washing Machine,Bosch,849.0,135.0,3.38,994.43,24.47,293.69,34.69,0.8788,0.8805,0.2275,0.4089,0.7111,Premium,Energy Wise,Front loaders are suited to lower water and energy use.,high,Consider Front Load Washing Machine from The Good Guys for Washer Dryer Garage. Estimated saving: $24.47/month with about 994.4 kWh/year reduction.,washing machine,1.958721081081081,1.22083,17.62810810810811,83.8,58.0,Needs attention,"above similar-house benchmark, higher monthly cost","Washer Dryer Garage is classified as Needs attention. It is 58.0% above the REFIT similar-appliance average, with 30 detected events and 24.8% peak-hour activity.",0.2351,0.2288,0.2272,0.2669,"Matched because this appliance is needs attention, above similar-house benchmark, higher monthly cost, and the option balances price, energy reduction, savings and payback."
18,Washing Machine,Washing Machine,washing machine,Appliance5,1.37,500.05,12.33,150.01,Kmart,Smart Plug With Timer,Generic,19.0,80.0,2.0,420.05,10.33,123.96,1.84,0.8378,0.84,0.9294,0.9288,0.8659,Control,Cheapest,Low-cost way to reduce standby and schedule usage.,high,Consider Smart Plug With Timer from Kmart for Washing Machine. Estimated saving: $10.33/month with about 420.0 kWh/year reduction.,washing machine,1.958721081081081,1.22083,17.62810810810811,56.8,-30.1,Average,peak-hour usage,"Washing Machine is classified as Average. It is 30.1% below the REFIT similar-appliance average, with 1465 detected events and 25.1% peak-hour activity.",0.4008,0.6606,0.2037,0.6157,"Matched because this appliance is average, peak-hour usage, and the option balances price, energy reduction, savings and payback."
18,Washing Machine,Washing Machine,washing machine,Appliance5,1.37,500.05,12.33,150.01,Bunnings,Timer Plug / Standby Saver,Arlec,24.0,75.0,1.88,425.05,10.45,125.46,2.3,0.8479,0.85,0.9124,0.9127,0.8679,Control,Best Value,Useful for appliance groups and plug loads.,high,Consider Timer Plug / Standby Saver from Bunnings for Washing Machine. Estimated saving: $10.45/month with about 425.0 kWh/year reduction.,washing machine,1.958721081081081,1.22083,17.62810810810811,56.8,-30.1,Average,peak-hour usage,"Washing Machine is classified as Average. It is 30.1% below the REFIT similar-appliance average, with 1465 detected events and 25.1% peak-hour activity.",0.3952,0.6491,0.2024,0.6052,"Matched because this appliance is average, peak-hour usage, and the option balances price, energy reduction, savings and payback."
18,Washing Machine,Washing Machine,washing machine,Appliance5,1.37,500.05,12.33,150.01,JB Hi-Fi,Energy Monitoring Smart Plug,TP-Link Tapo,29.0,70.0,1.75,430.05,10.58,126.96,2.74,0.8581,0.86,0.8961,0.8975,0.8703,Monitoring,Overall,Adds monitoring so recommendations can be updated later.,high,Consider Energy Monitoring Smart Plug from JB Hi-Fi for Washing Machine. Estimated saving: $10.58/month with about 430.0 kWh/year reduction.,washing machine,1.958721081081081,1.22083,17.62810810810811,56.8,-30.1,Average,peak-hour usage,"Washing Machine is classified as Average. It is 30.1% below the REFIT similar-appliance average, with 1465 detected events and 25.1% peak-hour activity.",0.3899,0.6381,0.2012,0.5954,"Matched because this appliance is average, peak-hour usage, and the option balances price, energy reduction, savings and payback."
18,Washing Machine,Washing Machine,washing machine,Appliance5,1.37,500.05,12.33,150.01,Big W,Laundry Smart Timer Plug,Generic,29.0,180.0,4.5,320.05,7.83,93.96,3.7,0.635,0.64,0.8961,0.8663,0.7104,Control,Cheapest,Low-cost option to shift laundry away from peak hours.,high,Consider Laundry Smart Timer Plug from Big W for Washing Machine. Estimated saving: $7.83/month with about 320.0 kWh/year reduction.,washing machine,1.958721081081081,1.22083,17.62810810810811,56.8,-30.1,Average,peak-hour usage,"Washing Machine is classified as Average. It is 30.1% below the REFIT similar-appliance average, with 1465 detected events and 25.1% peak-hour activity.",0.3802,0.6276,0.1913,0.5767,"Matched because this appliance is average, peak-hour usage, and the option balances price, energy reduction, savings and payback."
18,Washing Machine,Washing Machine,washing machine,Appliance5,1.37,500.05,12.33,150.01,JB Hi-Fi,Inverter Front Loader,LG,799.0,145.0,3.62,355.05,8.7,104.46,91.79,0.706,0.71,0.2383,0.2073,0.5622,High,Best Value,Good value inverter option for repeated laundry use.,high,Consider Inverter Front Loader from JB Hi-Fi for Washing Machine. Estimated saving: $8.70/month with about 355.0 kWh/year reduction.,washing machine,1.958721081081081,1.22083,17.62810810810811,56.8,-30.1,Average,peak-hour usage,"Washing Machine is classified as Average. It is 30.1% below the REFIT similar-appliance average, with 1465 detected events and 25.1% peak-hour activity.",0.1514,0.1677,0.1275,0.1494,"Matched because this appliance is average, peak-hour usage, and the option balances price, energy reduction, savings and payback."
18,Washing Machine,Washing Machine,washing machine,Appliance5,1.37,500.05,12.33,150.01,The Good Guys,Front Load Washing Machine,Bosch,849.0,135.0,3.38,365.05,8.95,107.46,94.81,0.7263,0.73,0.2275,0.202,0.5739,Premium,Energy Wise,Front loaders are suited to lower water and energy use.,high,Consider Front Load Washing Machine from The Good Guys for Washing Machine. Estimated saving: $8.95/month with about 365.0 kWh/year reduction.,washing machine,1.958721081081081,1.22083,17.62810810810811,56.8,-30.1,Average,peak-hour usage,"Washing Machine is classified as Average. It is 30.1% below the REFIT similar-appliance average, with 1465 detected events and 25.1% peak-hour activity.",0.1489,0.1617,0.1276,0.1455,"Matched because this appliance is average, peak-hour usage, and the option balances price, energy reduction, savings and payback."
19,Bread-maker,Bread-maker,generic,Appliance7,1.83936,671.37,16.55,201.41,Kmart,Smart Plug With Timer,Generic,19.0,80.0,2.0,591.37,14.55,174.65,1.31,0.8792,0.8808,0.9294,0.9484,0.8976,Control,Cheapest,Low-cost way to reduce standby and schedule usage.,high,Consider Smart Plug With Timer from Kmart for Bread-maker. Estimated saving: $14.55/month with about 591.4 kWh/year reduction.,generic,3.5444526086956527,1.83936,31.899565217391302,52.2,-48.1,Average,"peak-hour usage, frequent usage","Bread-maker is classified as Average. It is 48.1% below the REFIT similar-appliance average, with 2735 detected events and 25.2% peak-hour activity.",0.4067,0.6697,0.2092,0.6303,"Matched because this appliance is average, peak-hour usage, frequent usage, and the option balances price, energy reduction, savings and payback."
19,Bread-maker,Bread-maker,generic,Appliance7,1.83936,671.37,16.55,201.41,Bunnings,Timer Plug / Standby Saver,Arlec,24.0,75.0,1.88,596.37,14.68,176.15,1.63,0.8867,0.8883,0.9124,0.9362,0.8985,Control,Best Value,Useful for appliance groups and plug loads.,high,Consider Timer Plug / Standby Saver from Bunnings for Bread-maker. Estimated saving: $14.68/month with about 596.4 kWh/year reduction.,generic,3.5444526086956527,1.83936,31.899565217391302,52.2,-48.1,Average,"peak-hour usage, frequent usage","Bread-maker is classified as Average. It is 48.1% below the REFIT similar-appliance average, with 2735 detected events and 25.2% peak-hour activity.",0.4018,0.6592,0.2083,0.622,"Matched because this appliance is average, peak-hour usage, frequent usage, and the option balances price, energy reduction, savings and payback."
19,Bread-maker,Bread-maker,generic,Appliance7,1.83936,671.37,16.55,201.41,JB Hi-Fi,Energy Monitoring Smart Plug,TP-Link Tapo,29.0,70.0,1.75,601.37,14.8,177.65,1.96,0.8943,0.8957,0.8961,0.9245,0.8995,Monitoring,Overall,Adds monitoring so recommendations can be updated later.,high,Consider Energy Monitoring Smart Plug from JB Hi-Fi for Bread-maker. Estimated saving: $14.80/month with about 601.4 kWh/year reduction.,generic,3.5444526086956527,1.83936,31.899565217391302,52.2,-48.1,Average,"peak-hour usage, frequent usage","Bread-maker is classified as Average. It is 48.1% below the REFIT similar-appliance average, with 2735 detected events and 25.2% peak-hour activity.",0.397,0.649,0.2074,0.6138,"Matched because this appliance is average, peak-hour usage, frequent usage, and the option balances price, energy reduction, savings and payback."
19,Fridge and Freezer,Fridge and Freezer,fridge,Appliance1,0.80351,293.28,7.23,87.98,Kmart,Smart Plug With Timer,Generic,19.0,80.0,2.0,213.28,5.23,62.78,3.63,0.7234,0.7272,0.9294,0.8686,0.7772,Control,Cheapest,Low-cost way to reduce standby and schedule usage.,high,Consider Smart Plug With Timer from Kmart for Fridge and Freezer. Estimated saving: $5.23/month with about 213.3 kWh/year reduction.,fridge,0.8247209090909091,0.62875,7.422727272727273,68.2,-2.6,Average,frequent usage,"Fridge and Freezer is classified as Average. It is 2.6% below the REFIT similar-appliance average, with 3054 detected events and 24.1% peak-hour activity.",0.3939,0.6406,0.2022,0.5798,"Matched because this appliance is average, frequent usage, and the option balances price, energy reduction, savings and payback."
19,Fridge and Freezer,Fridge and Freezer,fridge,Appliance1,0.80351,293.28,7.23,87.98,Bunnings,Timer Plug / Standby Saver,Arlec,24.0,75.0,1.88,218.28,5.36,64.28,4.48,0.7407,0.7443,0.9124,0.8427,0.7828,Control,Best Value,Useful for appliance groups and plug loads.,high,Consider Timer Plug / Standby Saver from Bunnings for Fridge and Freezer. Estimated saving: $5.36/month with about 218.3 kWh/year reduction.,fridge,0.8247209090909091,0.62875,7.422727272727273,68.2,-2.6,Average,frequent usage,"Fridge and Freezer is classified as Average. It is 2.6% below the REFIT similar-appliance average, with 3054 detected events and 24.1% peak-hour activity.",0.3868,0.6266,0.1999,0.5644,"Matched because this appliance is average, frequent usage, and the option balances price, energy reduction, savings and payback."
19,Fridge and Freezer,Fridge and Freezer,fridge,Appliance1,0.80351,293.28,7.23,87.98,JB Hi-Fi,Energy Monitoring Smart Plug,TP-Link Tapo,29.0,70.0,1.75,223.28,5.48,65.78,5.29,0.758,0.7613,0.8961,0.8194,0.7889,Monitoring,Overall,Adds monitoring so recommendations can be updated later.,high,Consider Energy Monitoring Smart Plug from JB Hi-Fi for Fridge and Freezer. Estimated saving: $5.48/month with about 223.3 kWh/year reduction.,fridge,0.8247209090909091,0.62875,7.422727272727273,68.2,-2.6,Average,frequent usage,"Fridge and Freezer is classified as Average. It is 2.6% below the REFIT similar-appliance average, with 3054 detected events and 24.1% peak-hour activity.",0.3803,0.6135,0.1978,0.5504,"Matched because this appliance is average, frequent usage, and the option balances price, energy reduction, savings and payback."
19,Fridge and Freezer,Fridge and Freezer,fridge,Appliance1,0.80351,293.28,7.23,87.98,JB Hi-Fi,Compact Efficient Fridge,CHiQ,449.0,285.0,7.12,8.28,0.11,1.28,4213.19,0.0147,0.0282,0.3577,0.0057,0.0689,Standard,Cheapest,Lower upfront price for smaller households.,low,Consider Compact Efficient Fridge from JB Hi-Fi for Fridge and Freezer. Estimated saving: $0.11/month with about 8.3 kWh/year reduction.,fridge,0.8247209090909091,0.62875,7.422727272727273,68.2,-2.6,Average,frequent usage,"Fridge and Freezer is classified as Average. It is 2.6% below the REFIT similar-appliance average, with 3054 detected events and 24.1% peak-hour activity.",0.1409,0.1625,0.1033,0.0566,"Matched because this appliance is average, frequent usage, and the option balances price, energy reduction, savings and payback."
19,Fridge and Freezer,Fridge and Freezer,fridge,Appliance1,0.80351,293.28,7.23,87.98,The Good Guys,Energy Efficient Fridge-Freezer,Hisense,699.0,260.0,6.5,33.28,0.73,8.78,955.48,0.1012,0.1135,0.2634,0.0245,0.1177,High,Best Value,Balanced replacement for continuous loads.,low,Consider Energy Efficient Fridge-Freezer from The Good Guys for Fridge and Freezer. Estimated saving: $0.73/month with about 33.3 kWh/year reduction.,fridge,0.8247209090909091,0.62875,7.422727272727273,68.2,-2.6,Average,frequent usage,"Fridge and Freezer is classified as Average. It is 2.6% below the REFIT similar-appliance average, with 3054 detected events and 24.1% peak-hour activity.",0.126,0.1254,0.1067,0.0526,"Matched because this appliance is average, frequent usage, and the option balances price, energy reduction, savings and payback."
19,Fridge and Freezer,Fridge and Freezer,fridge,Appliance1,0.80351,293.28,7.23,87.98,Harvey Norman,Inverter Fridge-Freezer,Samsung,999.0,220.0,5.5,73.28,1.73,20.78,576.93,0.2394,0.2499,0.2002,0.0399,0.2068,Premium,Energy Wise,Inverter compressor suited to always-on refrigeration.,medium,Consider Inverter Fridge-Freezer from Harvey Norman for Fridge and Freezer. Estimated saving: $1.73/month with about 73.3 kWh/year reduction.,fridge,0.8247209090909091,0.62875,7.422727272727273,68.2,-2.6,Average,frequent usage,"Fridge and Freezer is classified as Average. It is 2.6% below the REFIT similar-appliance average, with 3054 detected events and 24.1% peak-hour activity.",0.1174,0.1018,0.1107,0.052,"Matched because this appliance is average, frequent usage, and the option balances price, energy reduction, savings and payback."
19,Hi-Fi,Hi-Fi,computer,Appliance9,0.04213,15.38,0.38,4.61,Kmart,Smart Plug With Timer,Generic,19.0,80.0,2.0,0.0,0.0,0.0,,0.0,0.0,0.9294,0.0,0.1394,Control,Cheapest,Low-cost way to reduce standby and schedule usage.,low,Consider Smart Plug With Timer from Kmart for Hi-Fi. Estimated saving: $0.00/month with about 0.0 kWh/year reduction.,computer,0.41818333333333335,0.179285,3.763888888888889,16.7,-89.9,Needs attention,peak-hour usage,"Hi-Fi is classified as Needs attention. It is 89.9% below the REFIT similar-appliance average, with 33 detected events and 61.0% peak-hour activity.",0.2454,0.4896,0.0536,0.2823,"Matched because this appliance is needs attention, peak-hour usage, and the option balances price, energy reduction, savings and payback."
19,Hi-Fi,Hi-Fi,computer,Appliance9,0.04213,15.38,0.38,4.61,Bunnings,Timer Plug / Standby Saver,Arlec,24.0,75.0,1.88,0.0,0.0,0.0,,0.0,0.0,0.9124,0.0,0.1369,Control,Best Value,Useful for appliance groups and plug loads.,low,Consider Timer Plug / Standby Saver from Bunnings for Hi-Fi. Estimated saving: $0.00/month with about 0.0 kWh/year reduction.,computer,0.41818333333333335,0.179285,3.763888888888889,16.7,-89.9,Needs attention,peak-hour usage,"Hi-Fi is classified as Needs attention. It is 89.9% below the REFIT similar-appliance average, with 33 detected events and 61.0% peak-hour activity.",0.242,0.482,0.0536,0.2797,"Matched because this appliance is needs attention, peak-hour usage, and the option balances price, energy reduction, savings and payback."
19,Hi-Fi,Hi-Fi,computer,Appliance9,0.04213,15.38,0.38,4.61,JB Hi-Fi,Energy Monitoring Smart Plug,TP-Link Tapo,29.0,70.0,1.75,0.0,0.0,0.0,,0.0,0.0,0.8961,0.0,0.1344,Monitoring,Overall,Adds monitoring so recommendations can be updated later.,low,Consider Energy Monitoring Smart Plug from JB Hi-Fi for Hi-Fi. Estimated saving: $0.00/month with about 0.0 kWh/year reduction.,computer,0.41818333333333335,0.179285,3.763888888888889,16.7,-89.9,Needs attention,peak-hour usage,"Hi-Fi is classified as Needs attention. It is 89.9% below the REFIT similar-appliance average, with 33 detected events and 61.0% peak-hour activity.",0.2388,0.4747,0.0536,0.2773,"Matched because this appliance is needs attention, peak-hour usage, and the option balances price, energy reduction, savings and payback."
19,Hi-Fi,Hi-Fi,computer,Appliance9,0.04213,15.38,0.38,4.61,Officeworks,Smart Standby Powerboard,Jackson,39.0,135.0,3.38,0.0,0.0,0.0,,0.0,0.0,0.8651,0.0,0.1298,Control,Best Value,"Reduces standby waste from monitors, printers and routers.",low,Consider Smart Standby Powerboard from Officeworks for Hi-Fi. Estimated saving: $0.00/month with about 0.0 kWh/year reduction.,computer,0.41818333333333335,0.179285,3.763888888888889,16.7,-89.9,Needs attention,peak-hour usage,"Hi-Fi is classified as Needs attention. It is 89.9% below the REFIT similar-appliance average, with 33 detected events and 61.0% peak-hour activity.",0.2326,0.4607,0.0536,0.2726,"Matched because this appliance is needs attention, peak-hour usage, and the option balances price, energy reduction, savings and payback."
19,Hi-Fi,Hi-Fi,computer,Appliance9,0.04213,15.38,0.38,4.61,JB Hi-Fi,Energy Efficient Mini PC Setup,Generic,699.0,105.0,2.62,0.0,0.0,0.0,,0.0,0.0,0.2634,0.0,0.0395,High,Energy Wise,Lower-power option for desktop computer sites.,low,Consider Energy Efficient Mini PC Setup from JB Hi-Fi for Hi-Fi. Estimated saving: $0.00/month with about 0.0 kWh/year reduction.,computer,0.41818333333333335,0.179285,3.763888888888889,16.7,-89.9,Needs attention,peak-hour usage,"Hi-Fi is classified as Needs attention. It is 89.9% below the REFIT similar-appliance average, with 33 detected events and 61.0% peak-hour activity.",0.1122,0.19,0.0536,0.1824,"Matched because this appliance is needs attention, peak-hour usage, and the option balances price, energy reduction, savings and payback."
19,Kettle,Kettle,kettle,Appliance5,11.83567,4320.02,106.52,1296.01,Kmart,Smart Plug With Timer,Generic,19.0,80.0,2.0,4240.02,104.52,1254.25,0.18,0.9812,0.9815,0.9294,0.9925,0.9752,Control,Cheapest,Low-cost way to reduce standby and schedule usage.,high,Consider Smart Plug With Timer from Kmart for Kettle. Estimated saving: $104.52/month with about 4240.0 kWh/year reduction.,kettle,16.07417125,13.334344999999999,144.66750000000002,50.0,-26.4,Efficient,normal usage pattern,"Kettle is classified as Efficient. It is 26.4% below the REFIT similar-appliance average, with 703 detected events and 24.5% peak-hour activity.",0.5745,0.7698,0.433,0.7564,"Matched because this appliance is efficient, normal usage pattern, and the option balances price, energy reduction, savings and payback."
19,Kettle,Kettle,kettle,Appliance5,11.83567,4320.02,106.52,1296.01,Kmart,1.7L Auto-Off Kettle,Anko,25.0,32.0,0.8,4288.02,105.72,1268.65,0.24,0.9925,0.9926,0.9091,0.9902,0.9797,Efficient,Cheapest,Low-cost replacement with auto shut-off.,high,Consider 1.7L Auto-Off Kettle from Kmart for Kettle. Estimated saving: $105.72/month with about 4288.0 kWh/year reduction.,kettle,16.07417125,13.334344999999999,144.66750000000002,50.0,-26.4,Efficient,normal usage pattern,"Kettle is classified as Efficient. It is 26.4% below the REFIT similar-appliance average, with 703 detected events and 24.5% peak-hour activity.",0.5722,0.7613,0.4357,0.7535,"Matched because this appliance is efficient, normal usage pattern, and the option balances price, energy reduction, savings and payback."
19,Kettle,Kettle,kettle,Appliance5,11.83567,4320.02,106.52,1296.01,Bunnings,Timer Plug / Standby Saver,Arlec,24.0,75.0,1.88,4245.02,104.65,1255.75,0.23,0.9824,0.9826,0.9124,0.9905,0.9732,Control,Best Value,Useful for appliance groups and plug loads.,high,Consider Timer Plug / Standby Saver from Bunnings for Kettle. Estimated saving: $104.65/month with about 4245.0 kWh/year reduction.,kettle,16.07417125,13.334344999999999,144.66750000000002,50.0,-26.4,Efficient,normal usage pattern,"Kettle is classified as Efficient. It is 26.4% below the REFIT similar-appliance average, with 703 detected events and 24.5% peak-hour activity.",0.571,0.7618,0.4331,0.753,"Matched because this appliance is efficient, normal usage pattern, and the option balances price, energy reduction, savings and payback."
19,Kettle,Kettle,kettle,Appliance5,11.83567,4320.02,106.52,1296.01,JB Hi-Fi,Energy Monitoring Smart Plug,TP-Link Tapo,29.0,70.0,1.75,4250.02,104.77,1257.25,0.28,0.9836,0.9838,0.8961,0.9886,0.9713,Monitoring,Overall,Adds monitoring so recommendations can be updated later.,high,Consider Energy Monitoring Smart Plug from JB Hi-Fi for Kettle. Estimated saving: $104.77/month with about 4250.0 kWh/year reduction.,kettle,16.07417125,13.334344999999999,144.66750000000002,50.0,-26.4,Efficient,normal usage pattern,"Kettle is classified as Efficient. It is 26.4% below the REFIT similar-appliance average, with 703 detected events and 24.5% peak-hour activity.",0.5676,0.7541,0.4332,0.7496,"Matched because this appliance is efficient, normal usage pattern, and the option balances price, energy reduction, savings and payback."
19,Kettle,Kettle,kettle,Appliance5,11.83567,4320.02,106.52,1296.01,Big W,Energy Efficient Kettle,Russell Hobbs,49.0,28.0,0.7,4292.02,105.82,1269.85,0.46,0.9934,0.9935,0.8361,0.9811,0.968,High,Best Value,Balanced price and energy use.,high,Consider Energy Efficient Kettle from Big W for Kettle. Estimated saving: $105.82/month with about 4292.0 kWh/year reduction.,kettle,16.07417125,13.334344999999999,144.66750000000002,50.0,-26.4,Efficient,normal usage pattern,"Kettle is classified as Efficient. It is 26.4% below the REFIT similar-appliance average, with 703 detected events and 24.5% peak-hour activity.",0.5565,0.7263,0.435,0.7382,"Matched because this appliance is efficient, normal usage pattern, and the option balances price, energy reduction, savings and payback."
19,Kettle,Kettle,kettle,Appliance5,11.83567,4320.02,106.52,1296.01,JB Hi-Fi,Smart Temperature Control Kettle,Breville,109.0,24.0,0.6,4296.02,105.92,1271.05,1.03,0.9944,0.9944,0.6964,0.9589,0.9444,Premium,Energy Wise,Temperature control helps reduce repeated boiling.,high,Consider Smart Temperature Control Kettle from JB Hi-Fi for Kettle. Estimated saving: $105.92/month with about 4296.0 kWh/year reduction.,kettle,16.07417125,13.334344999999999,144.66750000000002,50.0,-26.4,Efficient,normal usage pattern,"Kettle is classified as Efficient. It is 26.4% below the REFIT similar-appliance average, with 703 detected events and 24.5% peak-hour activity.",0.5253,0.6579,0.433,0.7062,"Matched because this appliance is efficient, normal usage pattern, and the option balances price, energy reduction, savings and payback."
19,Lamp 80W,Lamp 80W,generic,Appliance8,0.96074,350.67,8.65,105.2,Kmart,Smart Plug With Timer,Generic,19.0,80.0,2.0,270.67,6.65,79.76,2.86,0.7687,0.7719,0.9294,0.8936,0.8125,Control,Cheapest,Low-cost way to reduce standby and schedule usage.,high,Consider Smart Plug With Timer from Kmart for Lamp 80W. Estimated saving: $6.65/month with about 270.7 kWh/year reduction.,generic,3.5444526086956527,1.83936,31.899565217391302,43.5,-72.9,Efficient,normal usage pattern,"Lamp 80W is classified as Efficient. It is 72.9% below the REFIT similar-appliance average, with 434 detected events and 21.7% peak-hour activity.",0.3755,0.6482,0.1711,0.5939,"Matched because this appliance is efficient, normal usage pattern, and the option balances price, energy reduction, savings and payback."
19,Lamp 80W,Lamp 80W,generic,Appliance8,0.96074,350.67,8.65,105.2,Bunnings,Timer Plug / Standby Saver,Arlec,24.0,75.0,1.88,275.67,6.77,81.26,3.54,0.7832,0.7861,0.9124,0.8713,0.8167,Control,Best Value,Useful for appliance groups and plug loads.,high,Consider Timer Plug / Standby Saver from Bunnings for Lamp 80W. Estimated saving: $6.77/month with about 275.7 kWh/year reduction.,generic,3.5444526086956527,1.83936,31.899565217391302,43.5,-72.9,Efficient,normal usage pattern,"Lamp 80W is classified as Efficient. It is 72.9% below the REFIT similar-appliance average, with 434 detected events and 21.7% peak-hour activity.",0.369,0.6352,0.1692,0.5804,"Matched because this appliance is efficient, normal usage pattern, and the option balances price, energy reduction, savings and payback."
19,Lamp 80W,Lamp 80W,generic,Appliance8,0.96074,350.67,8.65,105.2,JB Hi-Fi,Energy Monitoring Smart Plug,TP-Link Tapo,29.0,70.0,1.75,280.67,6.9,82.76,4.2,0.7976,0.8004,0.8961,0.8509,0.8212,Monitoring,Overall,Adds monitoring so recommendations can be updated later.,high,Consider Energy Monitoring Smart Plug from JB Hi-Fi for Lamp 80W. Estimated saving: $6.90/month with about 280.7 kWh/year reduction.,generic,3.5444526086956527,1.83936,31.899565217391302,43.5,-72.9,Efficient,normal usage pattern,"Lamp 80W is classified as Efficient. It is 72.9% below the REFIT similar-appliance average, with 434 detected events and 21.7% peak-hour activity.",0.3629,0.6228,0.1675,0.5679,"Matched because this appliance is efficient, normal usage pattern, and the option balances price, energy reduction, savings and payback."
19,Microwave,Microwave,microwave,Appliance4,1.54798,565.01,13.93,169.5,Kmart,Smart Plug With Timer,Generic,19.0,80.0,2.0,485.01,11.93,143.18,1.59,0.8564,0.8584,0.9294,0.9378,0.8802,Control,Cheapest,Low-cost way to reduce standby and schedule usage.,high,Consider Smart Plug With Timer from Kmart for Microwave. Estimated saving: $11.93/month with about 485.0 kWh/year reduction.,microwave,1.693406875,0.12358,15.23875,68.8,-8.6,Average,normal usage pattern,"Microwave is classified as Average. It is 8.6% below the REFIT similar-appliance average, with 339 detected events and 24.0% peak-hour activity.",0.417,0.6645,0.2266,0.6221,"Matched because this appliance is average, normal usage pattern, and the option balances price, energy reduction, savings and payback."
19,Microwave,Microwave,microwave,Appliance4,1.54798,565.01,13.93,169.5,Bunnings,Timer Plug / Standby Saver,Arlec,24.0,75.0,1.88,490.01,12.06,144.68,1.99,0.8654,0.8673,0.9124,0.9234,0.8817,Control,Best Value,Useful for appliance groups and plug loads.,high,Consider Timer Plug / Standby Saver from Bunnings for Microwave. Estimated saving: $12.06/month with about 490.0 kWh/year reduction.,microwave,1.693406875,0.12358,15.23875,68.8,-8.6,Average,normal usage pattern,"Microwave is classified as Average. It is 8.6% below the REFIT similar-appliance average, with 339 detected events and 24.0% peak-hour activity.",0.4117,0.6534,0.2254,0.6125,"Matched because this appliance is average, normal usage pattern, and the option balances price, energy reduction, savings and payback."
19,Microwave,Microwave,microwave,Appliance4,1.54798,565.01,13.93,169.5,JB Hi-Fi,Energy Monitoring Smart Plug,TP-Link Tapo,29.0,70.0,1.75,495.01,12.18,146.18,2.38,0.8744,0.8761,0.8961,0.9098,0.8835,Monitoring,Overall,Adds monitoring so recommendations can be updated later.,high,Consider Energy Monitoring Smart Plug from JB Hi-Fi for Microwave. Estimated saving: $12.18/month with about 495.0 kWh/year reduction.,microwave,1.693406875,0.12358,15.23875,68.8,-8.6,Average,normal usage pattern,"Microwave is classified as Average. It is 8.6% below the REFIT similar-appliance average, with 339 detected events and 24.0% peak-hour activity.",0.4066,0.6427,0.2244,0.6034,"Matched because this appliance is average, normal usage pattern, and the option balances price, energy reduction, savings and payback."
19,Microwave,Microwave,microwave,Appliance4,1.54798,565.01,13.93,169.5,Kmart,Compact Microwave,Anko,99.0,96.0,2.4,469.01,11.53,138.38,8.58,0.8277,0.8301,0.7163,0.7365,0.7981,Standard,Cheapest,Lowest upfront price.,high,Consider Compact Microwave from Kmart for Microwave. Estimated saving: $11.53/month with about 469.0 kWh/year reduction.,microwave,1.693406875,0.12358,15.23875,68.8,-8.6,Average,normal usage pattern,"Microwave is classified as Average. It is 8.6% below the REFIT similar-appliance average, with 339 detected events and 24.0% peak-hour activity.",0.3435,0.5179,0.2055,0.4891,"Matched because this appliance is average, normal usage pattern, and the option balances price, energy reduction, savings and payback."
19,Microwave,Microwave,microwave,Appliance4,1.54798,565.01,13.93,169.5,The Good Guys,900W Efficient Microwave,LG,179.0,82.0,2.05,483.01,11.88,142.58,15.06,0.8529,0.8549,0.5828,0.6144,0.7772,High,Best Value,Good balance of price and energy use.,high,Consider 900W Efficient Microwave from The Good Guys for Microwave. Estimated saving: $11.88/month with about 483.0 kWh/year reduction.,microwave,1.693406875,0.12358,15.23875,68.8,-8.6,Average,normal usage pattern,"Microwave is classified as Average. It is 8.6% below the REFIT similar-appliance average, with 339 detected events and 24.0% peak-hour activity.",0.2991,0.4276,0.1941,0.4084,"Matched because this appliance is average, normal usage pattern, and the option balances price, energy reduction, savings and payback."
19,Microwave,Microwave,microwave,Appliance4,1.54798,565.01,13.93,169.5,JB Hi-Fi,Compact Inverter Microwave,Panasonic,219.0,76.0,1.9,489.01,12.03,144.38,18.2,0.8636,0.8655,0.533,0.5687,0.7704,Premium,Energy Wise,Inverter control is suitable for repeated cooking events.,high,Consider Compact Inverter Microwave from JB Hi-Fi for Microwave. Estimated saving: $12.03/month with about 489.0 kWh/year reduction.,microwave,1.693406875,0.12358,15.23875,68.8,-8.6,Average,normal usage pattern,"Microwave is classified as Average. It is 8.6% below the REFIT similar-appliance average, with 339 detected events and 24.0% peak-hour activity.",0.2826,0.394,0.1899,0.3782,"Matched because this appliance is average, normal usage pattern, and the option balances price, energy reduction, savings and payback."
19,Television Site,Television Site,television,Appliance3,0.11469,41.86,1.03,12.56,Kmart,Standby Saver Powerboard,Generic,19.0,120.0,3.0,0.0,0.0,0.0,,0.0,0.0,0.9294,0.0,0.1394,Control,Cheapest,Useful where TV site has multiple standby devices.,low,Consider Standby Saver Powerboard from Kmart for Television Site. Estimated saving: $0.00/month with about 0.0 kWh/year reduction.,television,0.64669,0.36083,5.819047619047619,23.8,-82.3,Average,peak-hour usage,"Television Site is classified as Average. It is 82.3% below the REFIT similar-appliance average, with 520 detected events and 34.7% peak-hour activity.",0.2525,0.4896,0.0643,0.2823,"Matched because this appliance is average, peak-hour usage, and the option balances price, energy reduction, savings and payback."
19,Television Site,Television Site,television,Appliance3,0.11469,41.86,1.03,12.56,Kmart,Smart Plug With Timer,Generic,19.0,80.0,2.0,0.0,0.0,0.0,,0.0,0.0,0.9294,0.0,0.1394,Control,Cheapest,Low-cost way to reduce standby and schedule usage.,low,Consider Smart Plug With Timer from Kmart for Television Site. Estimated saving: $0.00/month with about 0.0 kWh/year reduction.,television,0.64669,0.36083,5.819047619047619,23.8,-82.3,Average,peak-hour usage,"Television Site is classified as Average. It is 82.3% below the REFIT similar-appliance average, with 520 detected events and 34.7% peak-hour activity.",0.2525,0.4896,0.0643,0.2823,"Matched because this appliance is average, peak-hour usage, and the option balances price, energy reduction, savings and payback."
19,Television Site,Television Site,television,Appliance3,0.11469,41.86,1.03,12.56,Bunnings,Timer Plug / Standby Saver,Arlec,24.0,75.0,1.88,0.0,0.0,0.0,,0.0,0.0,0.9124,0.0,0.1369,Control,Best Value,Useful for appliance groups and plug loads.,low,Consider Timer Plug / Standby Saver from Bunnings for Television Site. Estimated saving: $0.00/month with about 0.0 kWh/year reduction.,television,0.64669,0.36083,5.819047619047619,23.8,-82.3,Average,peak-hour usage,"Television Site is classified as Average. It is 82.3% below the REFIT similar-appliance average, with 520 detected events and 34.7% peak-hour activity.",0.2491,0.482,0.0643,0.2797,"Matched because this appliance is average, peak-hour usage, and the option balances price, energy reduction, savings and payback."
19,Television Site,Television Site,television,Appliance3,0.11469,41.86,1.03,12.56,JB Hi-Fi,Energy Monitoring Smart Plug,TP-Link Tapo,29.0,70.0,1.75,0.0,0.0,0.0,,0.0,0.0,0.8961,0.0,0.1344,Monitoring,Overall,Adds monitoring so recommendations can be updated later.,low,Consider Energy Monitoring Smart Plug from JB Hi-Fi for Television Site. Estimated saving: $0.00/month with about 0.0 kWh/year reduction.,television,0.64669,0.36083,5.819047619047619,23.8,-82.3,Average,peak-hour usage,"Television Site is classified as Average. It is 82.3% below the REFIT similar-appliance average, with 520 detected events and 34.7% peak-hour activity.",0.2459,0.4747,0.0643,0.2773,"Matched because this appliance is average, peak-hour usage, and the option balances price, energy reduction, savings and payback."
19,Television Site,Television Site,television,Appliance3,0.11469,41.86,1.03,12.56,JB Hi-Fi,Energy Efficient LED TV,TCL,599.0,95.0,2.38,0.0,0.0,0.0,,0.0,0.0,0.2945,0.0,0.0442,High,Best Value,LED replacement for high TV-site consumption.,low,Consider Energy Efficient LED TV from JB Hi-Fi for Television Site. Estimated saving: $0.00/month with about 0.0 kWh/year reduction.,television,0.64669,0.36083,5.819047619047619,23.8,-82.3,Average,peak-hour usage,"Television Site is classified as Average. It is 82.3% below the REFIT similar-appliance average, with 520 detected events and 34.7% peak-hour activity.",0.1255,0.2039,0.0643,0.187,"Matched because this appliance is average, peak-hour usage, and the option balances price, energy reduction, savings and payback."
19,Television Site,Television Site,television,Appliance3,0.11469,41.86,1.03,12.56,The Good Guys,Low Energy QLED TV,Samsung,899.0,80.0,2.0,0.0,0.0,0.0,,0.0,0.0,0.2176,0.0,0.0326,Premium,Energy Wise,Lower annual kWh for heavy TV use.,low,Consider Low Energy QLED TV from The Good Guys for Television Site. Estimated saving: $0.00/month with about 0.0 kWh/year reduction.,television,0.64669,0.36083,5.819047619047619,23.8,-82.3,Average,peak-hour usage,"Television Site is classified as Average. It is 82.3% below the REFIT similar-appliance average, with 520 detected events and 34.7% peak-hour activity.",0.1102,0.1693,0.0643,0.1755,"Matched because this appliance is average, peak-hour usage, and the option balances price, energy reduction, savings and payback."
19,Toaster,Toaster,toaster,Appliance6,3.68335,1344.42,33.15,403.33,Kmart,Smart Plug With Timer,Generic,19.0,80.0,2.0,1264.42,31.15,373.8,0.61,0.9397,0.9405,0.9294,0.9752,0.9437,Control,Cheapest,Low-cost way to reduce standby and schedule usage.,high,Consider Smart Plug With Timer from Kmart for Toaster. Estimated saving: $31.15/month with about 1264.4 kWh/year reduction.,toaster,6.3147199999999994,4.68782,56.83111111111111,33.3,-41.7,Average,peak-hour usage,"Toaster is classified as Average. It is 41.7% below the REFIT similar-appliance average, with 149 detected events and 26.0% peak-hour activity.",0.422,0.6929,0.2246,0.663,"Matched because this appliance is average, peak-hour usage, and the option balances price, energy reduction, savings and payback."
19,Toaster,Toaster,toaster,Appliance6,3.68335,1344.42,33.15,403.33,Bunnings,Timer Plug / Standby Saver,Arlec,24.0,75.0,1.88,1269.42,31.28,375.3,0.77,0.9434,0.9442,0.9124,0.969,0.9429,Control,Best Value,Useful for appliance groups and plug loads.,high,Consider Timer Plug / Standby Saver from Bunnings for Toaster. Estimated saving: $31.28/month with about 1269.4 kWh/year reduction.,toaster,6.3147199999999994,4.68782,56.83111111111111,33.3,-41.7,Average,peak-hour usage,"Toaster is classified as Average. It is 41.7% below the REFIT similar-appliance average, with 149 detected events and 26.0% peak-hour activity.",0.4179,0.6838,0.2243,0.6574,"Matched because this appliance is average, peak-hour usage, and the option balances price, energy reduction, savings and payback."
19,Toaster,Toaster,toaster,Appliance6,3.68335,1344.42,33.15,403.33,Kmart,Auto-Off 2 Slice Toaster,Anko,29.0,18.0,0.45,1326.42,32.7,392.4,0.89,0.9864,0.9866,0.8961,0.9644,0.9696,Efficient,Cheapest,Budget option for low-use cooking loads.,high,Consider Auto-Off 2 Slice Toaster from Kmart for Toaster. Estimated saving: $32.70/month with about 1326.4 kWh/year reduction.,toaster,6.3147199999999994,4.68782,56.83111111111111,33.3,-41.7,Average,peak-hour usage,"Toaster is classified as Average. It is 41.7% below the REFIT similar-appliance average, with 149 detected events and 26.0% peak-hour activity.",0.4165,0.6767,0.2273,0.6543,"Matched because this appliance is average, peak-hour usage, and the option balances price, energy reduction, savings and payback."
19,Toaster,Toaster,toaster,Appliance6,3.68335,1344.42,33.15,403.33,JB Hi-Fi,Energy Monitoring Smart Plug,TP-Link Tapo,29.0,70.0,1.75,1274.42,31.4,376.8,0.92,0.9472,0.9479,0.8961,0.9629,0.9421,Monitoring,Overall,Adds monitoring so recommendations can be updated later.,high,Consider Energy Monitoring Smart Plug from JB Hi-Fi for Toaster. Estimated saving: $31.40/month with about 1274.4 kWh/year reduction.,toaster,6.3147199999999994,4.68782,56.83111111111111,33.3,-41.7,Average,peak-hour usage,"Toaster is classified as Average. It is 41.7% below the REFIT similar-appliance average, with 149 detected events and 26.0% peak-hour activity.",0.414,0.6751,0.224,0.6522,"Matched because this appliance is average, peak-hour usage, and the option balances price, energy reduction, savings and payback."
19,Toaster,Toaster,toaster,Appliance6,3.68335,1344.42,33.15,403.33,Big W,Variable Browning Toaster,Sunbeam,59.0,16.0,0.4,1328.42,32.75,393.0,1.8,0.9879,0.9881,0.8091,0.9302,0.9525,High,Best Value,Better controls can reduce repeated use.,high,Consider Variable Browning Toaster from Big W for Toaster. Estimated saving: $32.75/month with about 1328.4 kWh/year reduction.,toaster,6.3147199999999994,4.68782,56.83111111111111,33.3,-41.7,Average,peak-hour usage,"Toaster is classified as Average. It is 41.7% below the REFIT similar-appliance average, with 149 detected events and 26.0% peak-hour activity.",0.3941,0.6291,0.224,0.6243,"Matched because this appliance is average, peak-hour usage, and the option balances price, energy reduction, savings and payback."
19,Washing Machine,Washing Machine,washing machine,Appliance2,0.5732,209.22,5.16,62.77,Kmart,Smart Plug With Timer,Generic,19.0,80.0,2.0,129.22,3.16,37.91,6.01,0.6123,0.6176,0.9294,0.7996,0.6896,Control,Cheapest,Low-cost way to reduce standby and schedule usage.,high,Consider Smart Plug With Timer from Kmart for Washing Machine. Estimated saving: $3.16/month with about 129.2 kWh/year reduction.,washing machine,1.958721081081081,1.22083,17.62810810810811,24.3,-70.7,Efficient,frequent usage,"Washing Machine is classified as Efficient. It is 70.7% below the REFIT similar-appliance average, with 9197 detected events and 23.9% peak-hour activity.",0.3359,0.6213,0.1243,0.5429,"Matched because this appliance is efficient, frequent usage, and the option balances price, energy reduction, savings and payback."
19,Washing Machine,Washing Machine,washing machine,Appliance2,0.5732,209.22,5.16,62.77,Bunnings,Timer Plug / Standby Saver,Arlec,24.0,75.0,1.88,134.22,3.28,39.41,7.31,0.6365,0.6415,0.9124,0.7666,0.6989,Control,Best Value,Useful for appliance groups and plug loads.,high,Consider Timer Plug / Standby Saver from Bunnings for Washing Machine. Estimated saving: $3.28/month with about 134.2 kWh/year reduction.,washing machine,1.958721081081081,1.22083,17.62810810810811,24.3,-70.7,Efficient,frequent usage,"Washing Machine is classified as Efficient. It is 70.7% below the REFIT similar-appliance average, with 9197 detected events and 23.9% peak-hour activity.",0.3277,0.6055,0.1213,0.5239,"Matched because this appliance is efficient, frequent usage, and the option balances price, energy reduction, savings and payback."
19,Washing Machine,Washing Machine,washing machine,Appliance2,0.5732,209.22,5.16,62.77,JB Hi-Fi,Energy Monitoring Smart Plug,TP-Link Tapo,29.0,70.0,1.75,139.22,3.41,40.91,8.51,0.6608,0.6654,0.8961,0.7383,0.7091,Monitoring,Overall,Adds monitoring so recommendations can be updated later.,high,Consider Energy Monitoring Smart Plug from JB Hi-Fi for Washing Machine. Estimated saving: $3.41/month with about 139.2 kWh/year reduction.,washing machine,1.958721081081081,1.22083,17.62810810810811,24.3,-70.7,Efficient,frequent usage,"Washing Machine is classified as Efficient. It is 70.7% below the REFIT similar-appliance average, with 9197 detected events and 23.9% peak-hour activity.",0.3205,0.5912,0.1187,0.5075,"Matched because this appliance is efficient, frequent usage, and the option balances price, energy reduction, savings and payback."
19,Washing Machine,Washing Machine,washing machine,Appliance2,0.5732,209.22,5.16,62.77,Big W,Laundry Smart Timer Plug,Generic,29.0,180.0,4.5,29.22,0.66,7.91,44.02,0.1277,0.1397,0.8961,0.3528,0.2803,Control,Cheapest,Low-cost option to shift laundry away from peak hours.,low,Consider Laundry Smart Timer Plug from Big W for Washing Machine. Estimated saving: $0.66/month with about 29.2 kWh/year reduction.,washing machine,1.958721081081081,1.22083,17.62810810810811,24.3,-70.7,Efficient,frequent usage,"Washing Machine is classified as Efficient. It is 70.7% below the REFIT similar-appliance average, with 9197 detected events and 23.9% peak-hour activity.",0.2577,0.4921,0.0735,0.3116,"Matched because this appliance is efficient, frequent usage, and the option balances price, energy reduction, savings and payback."
19,Washing Machine,Washing Machine,washing machine,Appliance2,0.5732,209.22,5.16,62.77,JB Hi-Fi,Inverter Front Loader,LG,799.0,145.0,3.62,64.22,1.53,18.41,520.92,0.2973,0.3069,0.2383,0.044,0.2534,High,Best Value,Good value inverter option for repeated laundry use.,medium,Consider Inverter Front Loader from JB Hi-Fi for Washing Machine. Estimated saving: $1.53/month with about 64.2 kWh/year reduction.,washing machine,1.958721081081081,1.22083,17.62810810810811,24.3,-70.7,Efficient,frequent usage,"Washing Machine is classified as Efficient. It is 70.7% below the REFIT similar-appliance average, with 9197 detected events and 23.9% peak-hour activity.",0.0814,0.1198,0.0447,0.0596,"Matched because this appliance is efficient, frequent usage, and the option balances price, energy reduction, savings and payback."
19,Washing Machine,Washing Machine,washing machine,Appliance2,0.5732,209.22,5.16,62.77,The Good Guys,Front Load Washing Machine,Bosch,849.0,135.0,3.38,74.22,1.78,21.41,475.94,0.3458,0.3547,0.2275,0.048,0.2861,Premium,Energy Wise,Front loaders are suited to lower water and energy use.,high,Consider Front Load Washing Machine from The Good Guys for Washing Machine. Estimated saving: $1.78/month with about 74.2 kWh/year reduction.,washing machine,1.958721081081081,1.22083,17.62810810810811,24.3,-70.7,Efficient,frequent usage,"Washing Machine is classified as Efficient. It is 70.7% below the REFIT similar-appliance average, with 9197 detected events and 23.9% peak-hour activity.",0.0803,0.1161,0.0457,0.0602,"Matched because this appliance is efficient, frequent usage, and the option balances price, energy reduction, savings and payback."
20,Computer Site,Computer Site,computer,Appliance6,1.46121,533.34,13.15,160.0,Kmart,Smart Plug With Timer,Generic,19.0,80.0,2.0,453.34,11.15,133.81,1.7,0.8479,0.85,0.9294,0.9337,0.8736,Control,Cheapest,Low-cost way to reduce standby and schedule usage.,high,Consider Smart Plug With Timer from Kmart for Computer Site. Estimated saving: $11.15/month with about 453.3 kWh/year reduction.,computer,0.41818333333333335,0.179285,3.763888888888889,100.0,249.4,Needs attention,"above similar-house benchmark, peak-hour usage, higher monthly cost","Computer Site is classified as Needs attention. It is 249.4% above the REFIT similar-appliance average, with 5776 detected events and 36.3% peak-hour activity.",0.4462,0.6627,0.271,0.6192,"Matched because this appliance is needs attention, above similar-house benchmark, peak-hour usage, higher monthly cost, and the option balances price, energy reduction, savings and payback."
20,Computer Site,Computer Site,computer,Appliance6,1.46121,533.34,13.15,160.0,Bunnings,Timer Plug / Standby Saver,Arlec,24.0,75.0,1.88,458.34,11.28,135.31,2.13,0.8574,0.8594,0.9124,0.9185,0.8754,Control,Best Value,Useful for appliance groups and plug loads.,high,Consider Timer Plug / Standby Saver from Bunnings for Computer Site. Estimated saving: $11.28/month with about 458.3 kWh/year reduction.,computer,0.41818333333333335,0.179285,3.763888888888889,100.0,249.4,Needs attention,"above similar-house benchmark, peak-hour usage, higher monthly cost","Computer Site is classified as Needs attention. It is 249.4% above the REFIT similar-appliance average, with 5776 detected events and 36.3% peak-hour activity.",0.4407,0.6514,0.2698,0.6091,"Matched because this appliance is needs attention, above similar-house benchmark, peak-hour usage, higher monthly cost, and the option balances price, energy reduction, savings and payback."
20,Computer Site,Computer Site,computer,Appliance6,1.46121,533.34,13.15,160.0,JB Hi-Fi,Energy Monitoring Smart Plug,TP-Link Tapo,29.0,70.0,1.75,463.34,11.4,136.81,2.54,0.8669,0.8688,0.8961,0.9042,0.8774,Monitoring,Overall,Adds monitoring so recommendations can be updated later.,high,Consider Energy Monitoring Smart Plug from JB Hi-Fi for Computer Site. Estimated saving: $11.40/month with about 463.3 kWh/year reduction.,computer,0.41818333333333335,0.179285,3.763888888888889,100.0,249.4,Needs attention,"above similar-house benchmark, peak-hour usage, higher monthly cost","Computer Site is classified as Needs attention. It is 249.4% above the REFIT similar-appliance average, with 5776 detected events and 36.3% peak-hour activity.",0.4356,0.6406,0.2687,0.5997,"Matched because this appliance is needs attention, above similar-house benchmark, peak-hour usage, higher monthly cost, and the option balances price, energy reduction, savings and payback."
20,Computer Site,Computer Site,computer,Appliance6,1.46121,533.34,13.15,160.0,Officeworks,Smart Standby Powerboard,Jackson,39.0,135.0,3.38,398.34,9.78,117.31,3.99,0.7434,0.7469,0.8651,0.8575,0.7798,Control,Best Value,"Reduces standby waste from monitors, printers and routers.",high,Consider Smart Standby Powerboard from Officeworks for Computer Site. Estimated saving: $9.78/month with about 398.3 kWh/year reduction.,computer,0.41818333333333335,0.179285,3.763888888888889,100.0,249.4,Needs attention,"above similar-house benchmark, peak-hour usage, higher monthly cost","Computer Site is classified as Needs attention. It is 249.4% above the REFIT similar-appliance average, with 5776 detected events and 36.3% peak-hour activity.",0.4194,0.6133,0.26,0.5698,"Matched because this appliance is needs attention, above similar-house benchmark, peak-hour usage, higher monthly cost, and the option balances price, energy reduction, savings and payback."
20,Computer Site,Computer Site,computer,Appliance6,1.46121,533.34,13.15,160.0,JB Hi-Fi,Energy Efficient Mini PC Setup,Generic,699.0,105.0,2.62,428.34,10.53,126.31,66.41,0.8004,0.8031,0.2634,0.2655,0.6404,High,Energy Wise,Lower-power option for desktop computer sites.,high,Consider Energy Efficient Mini PC Setup from JB Hi-Fi for Computer Site. Estimated saving: $10.53/month with about 428.3 kWh/year reduction.,computer,0.41818333333333335,0.179285,3.763888888888889,100.0,249.4,Needs attention,"above similar-house benchmark, peak-hour usage, higher monthly cost","Computer Site is classified as Needs attention. It is 249.4% above the REFIT similar-appliance average, with 5776 detected events and 36.3% peak-hour activity.",0.2116,0.1953,0.2027,0.1844,"Matched because this appliance is needs attention, above similar-house benchmark, peak-hour usage, higher monthly cost, and the option balances price, energy reduction, savings and payback."
20,Dishwasher,Dishwasher,washing machine,Appliance5,3.53365,1289.78,31.8,386.93,Kmart,Smart Plug With Timer,Generic,19.0,80.0,2.0,1209.78,29.8,357.63,0.64,0.9371,0.938,0.9294,0.9741,0.9418,Control,Cheapest,Low-cost way to reduce standby and schedule usage.,high,Consider Smart Plug With Timer from Kmart for Dishwasher. Estimated saving: $29.80/month with about 1209.8 kWh/year reduction.,washing machine,1.958721081081081,1.22083,17.62810810810811,89.2,80.4,Needs attention,"above similar-house benchmark, peak-hour usage, higher monthly cost","Dishwasher is classified as Needs attention. It is 80.4% above the REFIT similar-appliance average, with 1164 detected events and 26.1% peak-hour activity.",0.4753,0.6912,0.305,0.6608,"Matched because this appliance is needs attention, above similar-house benchmark, peak-hour usage, higher monthly cost, and the option balances price, energy reduction, savings and payback."
20,Dishwasher,Dishwasher,washing machine,Appliance5,3.53365,1289.78,31.8,386.93,Bunnings,Timer Plug / Standby Saver,Arlec,24.0,75.0,1.88,1214.78,29.93,359.13,0.8,0.941,0.9419,0.9124,0.9677,0.941,Control,Best Value,Useful for appliance groups and plug loads.,high,Consider Timer Plug / Standby Saver from Bunnings for Dishwasher. Estimated saving: $29.93/month with about 1214.8 kWh/year reduction.,washing machine,1.958721081081081,1.22083,17.62810810810811,89.2,80.4,Needs attention,"above similar-house benchmark, peak-hour usage, higher monthly cost","Dishwasher is classified as Needs attention. It is 80.4% above the REFIT similar-appliance average, with 1164 detected events and 26.1% peak-hour activity.",0.4712,0.6822,0.3047,0.6553,"Matched because this appliance is needs attention, above similar-house benchmark, peak-hour usage, higher monthly cost, and the option balances price, energy reduction, savings and payback."
20,Dishwasher,Dishwasher,washing machine,Appliance5,3.53365,1289.78,31.8,386.93,JB Hi-Fi,Energy Monitoring Smart Plug,TP-Link Tapo,29.0,70.0,1.75,1219.78,30.05,360.63,0.96,0.945,0.9457,0.8961,0.9613,0.9403,Monitoring,Overall,Adds monitoring so recommendations can be updated later.,high,Consider Energy Monitoring Smart Plug from JB Hi-Fi for Dishwasher. Estimated saving: $30.05/month with about 1219.8 kWh/year reduction.,washing machine,1.958721081081081,1.22083,17.62810810810811,89.2,80.4,Needs attention,"above similar-house benchmark, peak-hour usage, higher monthly cost","Dishwasher is classified as Needs attention. It is 80.4% above the REFIT similar-appliance average, with 1164 detected events and 26.1% peak-hour activity.",0.4672,0.6734,0.3044,0.6499,"Matched because this appliance is needs attention, above similar-house benchmark, peak-hour usage, higher monthly cost, and the option balances price, energy reduction, savings and payback."
20,Dishwasher,Dishwasher,washing machine,Appliance5,3.53365,1289.78,31.8,386.93,Big W,Laundry Smart Timer Plug,Generic,29.0,180.0,4.5,1109.78,27.3,327.63,1.06,0.8585,0.8604,0.8961,0.9576,0.8796,Control,Cheapest,Low-cost option to shift laundry away from peak hours.,high,Consider Laundry Smart Timer Plug from Big W for Dishwasher. Estimated saving: $27.30/month with about 1109.8 kWh/year reduction.,washing machine,1.958721081081081,1.22083,17.62810810810811,89.2,80.4,Needs attention,"above similar-house benchmark, peak-hour usage, higher monthly cost","Dishwasher is classified as Needs attention. It is 80.4% above the REFIT similar-appliance average, with 1164 detected events and 26.1% peak-hour activity.",0.4617,0.6697,0.2972,0.6448,"Matched because this appliance is needs attention, above similar-house benchmark, peak-hour usage, higher monthly cost, and the option balances price, energy reduction, savings and payback."
20,Dishwasher,Dishwasher,washing machine,Appliance5,3.53365,1289.78,31.8,386.93,JB Hi-Fi,Inverter Front Loader,LG,799.0,145.0,3.62,1144.78,28.18,338.13,28.36,0.886,0.8876,0.2383,0.4584,0.7252,High,Best Value,Good value inverter option for repeated laundry use.,high,Consider Inverter Front Loader from JB Hi-Fi for Dishwasher. Estimated saving: $28.18/month with about 1144.8 kWh/year reduction.,washing machine,1.958721081081081,1.22083,17.62810810810811,89.2,80.4,Needs attention,"above similar-house benchmark, peak-hour usage, higher monthly cost","Dishwasher is classified as Needs attention. It is 80.4% above the REFIT similar-appliance average, with 1164 detected events and 26.1% peak-hour activity.",0.2568,0.2497,0.2495,0.2975,"Matched because this appliance is needs attention, above similar-house benchmark, peak-hour usage, higher monthly cost, and the option balances price, energy reduction, savings and payback."
20,Dishwasher,Dishwasher,washing machine,Appliance5,3.53365,1289.78,31.8,386.93,The Good Guys,Front Load Washing Machine,Bosch,849.0,135.0,3.38,1154.78,28.43,341.13,29.87,0.8939,0.8953,0.2275,0.4456,0.7271,Premium,Energy Wise,Front loaders are suited to lower water and energy use.,high,Consider Front Load Washing Machine from The Good Guys for Dishwasher. Estimated saving: $28.43/month with about 1154.8 kWh/year reduction.,washing machine,1.958721081081081,1.22083,17.62810810810811,89.2,80.4,Needs attention,"above similar-house benchmark, peak-hour usage, higher monthly cost","Dishwasher is classified as Needs attention. It is 80.4% above the REFIT similar-appliance average, with 1164 detected events and 26.1% peak-hour activity.",0.2532,0.2419,0.2488,0.2897,"Matched because this appliance is needs attention, above similar-house benchmark, peak-hour usage, higher monthly cost, and the option balances price, energy reduction, savings and payback."
20,Freezer,Freezer,freezer,Appliance2,1.21868,444.82,10.97,133.45,Kmart,Smart Plug With Timer,Generic,19.0,80.0,2.0,364.82,8.97,107.62,2.12,0.8177,0.8202,0.9294,0.9189,0.8503,Control,Cheapest,Low-cost way to reduce standby and schedule usage.,high,Consider Smart Plug With Timer from Kmart for Freezer. Estimated saving: $8.97/month with about 364.8 kWh/year reduction.,freezer,1.02615,0.92847,9.235384615384616,69.2,18.8,Average,higher monthly cost,"Freezer is classified as Average. It is 18.8% above the REFIT similar-appliance average, with 1624 detected events and 19.4% peak-hour activity.",0.4092,0.6568,0.2179,0.6092,"Matched because this appliance is average, higher monthly cost, and the option balances price, energy reduction, savings and payback."
20,Freezer,Freezer,freezer,Appliance2,1.21868,444.82,10.97,133.45,Bunnings,Timer Plug / Standby Saver,Arlec,24.0,75.0,1.88,369.82,9.09,109.12,2.64,0.829,0.8314,0.9124,0.9009,0.853,Control,Best Value,Useful for appliance groups and plug loads.,high,Consider Timer Plug / Standby Saver from Bunnings for Freezer. Estimated saving: $9.09/month with about 369.8 kWh/year reduction.,freezer,1.02615,0.92847,9.235384615384616,69.2,18.8,Average,higher monthly cost,"Freezer is classified as Average. It is 18.8% above the REFIT similar-appliance average, with 1624 detected events and 19.4% peak-hour activity.",0.4033,0.6448,0.2164,0.5978,"Matched because this appliance is average, higher monthly cost, and the option balances price, energy reduction, savings and payback."
20,Freezer,Freezer,freezer,Appliance2,1.21868,444.82,10.97,133.45,JB Hi-Fi,Energy Monitoring Smart Plug,TP-Link Tapo,29.0,70.0,1.75,374.82,9.22,110.62,3.15,0.8404,0.8426,0.8961,0.8841,0.856,Monitoring,Overall,Adds monitoring so recommendations can be updated later.,high,Consider Energy Monitoring Smart Plug from JB Hi-Fi for Freezer. Estimated saving: $9.22/month with about 374.8 kWh/year reduction.,freezer,1.02615,0.92847,9.235384615384616,69.2,18.8,Average,higher monthly cost,"Freezer is classified as Average. It is 18.8% above the REFIT similar-appliance average, with 1624 detected events and 19.4% peak-hour activity.",0.3978,0.6334,0.2151,0.5871,"Matched because this appliance is average, higher monthly cost, and the option balances price, energy reduction, savings and payback."
20,Freezer,Freezer,freezer,Appliance2,1.21868,444.82,10.97,133.45,Kmart,Freezer Timer Reminder Plug,Generic,19.0,300.0,7.5,144.82,3.47,41.62,5.48,0.3162,0.3256,0.9294,0.8142,0.4857,Control,Cheapest,"Useful for monitoring, not replacing cold storage.",medium,Consider Freezer Timer Reminder Plug from Kmart for Freezer. Estimated saving: $3.47/month with about 144.8 kWh/year reduction.,freezer,1.02615,0.92847,9.235384615384616,69.2,18.8,Average,higher monthly cost,"Freezer is classified as Average. It is 18.8% above the REFIT similar-appliance average, with 1624 detected events and 19.4% peak-hour activity.",0.3836,0.6252,0.194,0.5505,"Matched because this appliance is average, higher monthly cost, and the option balances price, energy reduction, savings and payback."
20,Freezer,Freezer,freezer,Appliance2,1.21868,444.82,10.97,133.45,Harvey Norman,Low Energy Chest Freezer,Haier,499.0,210.0,5.25,234.82,5.72,68.62,87.27,0.5213,0.5279,0.3338,0.2157,0.4493,Premium,Energy Wise,Chest freezer style can reduce energy loss.,high,Consider Low Energy Chest Freezer from Harvey Norman for Freezer. Estimated saving: $5.72/month with about 234.8 kWh/year reduction.,freezer,1.02615,0.92847,9.235384615384616,69.2,18.8,Average,higher monthly cost,"Freezer is classified as Average. It is 18.8% above the REFIT similar-appliance average, with 1624 detected events and 19.4% peak-hour activity.",0.1787,0.2098,0.1396,0.1645,"Matched because this appliance is average, higher monthly cost, and the option balances price, energy reduction, savings and payback."
20,Freezer,Freezer,freezer,Appliance2,1.21868,444.82,10.97,133.45,The Good Guys,Efficient Upright Freezer,Westinghouse,849.0,250.0,6.25,194.82,4.72,56.62,179.95,0.4302,0.438,0.2275,0.1177,0.3552,High,Best Value,Good for high continuous freezer loads.,high,Consider Efficient Upright Freezer from The Good Guys for Freezer. Estimated saving: $4.72/month with about 194.8 kWh/year reduction.,freezer,1.02615,0.92847,9.235384615384616,69.2,18.8,Average,higher monthly cost,"Freezer is classified as Average. It is 18.8% above the REFIT similar-appliance average, with 1624 detected events and 19.4% peak-hour activity.",0.141,0.1365,0.1274,0.0984,"Matched because this appliance is average, higher monthly cost, and the option balances price, energy reduction, savings and payback."
20,Fridge,Fridge,fridge,Appliance1,2.17682,794.54,19.59,238.36,Kmart,Smart Plug With Timer,Generic,19.0,80.0,2.0,714.54,17.59,211.1,1.08,0.8979,0.8993,0.9294,0.9569,0.9119,Control,Cheapest,Low-cost way to reduce standby and schedule usage.,high,Consider Smart Plug With Timer from Kmart for Fridge. Estimated saving: $17.59/month with about 714.5 kWh/year reduction.,fridge,0.8247209090909091,0.62875,7.422727272727273,100.0,163.9,Needs attention,"above similar-house benchmark, frequent usage, higher monthly cost","Fridge is classified as Needs attention. It is 163.9% above the REFIT similar-appliance average, with 7169 detected events and 17.9% peak-hour activity.",0.4614,0.6749,0.2893,0.6382,"Matched because this appliance is needs attention, above similar-house benchmark, frequent usage, higher monthly cost, and the option balances price, energy reduction, savings and payback."
20,Fridge,Fridge,fridge,Appliance1,2.17682,794.54,19.59,238.36,Bunnings,Timer Plug / Standby Saver,Arlec,24.0,75.0,1.88,719.54,17.72,212.6,1.35,0.9043,0.9056,0.9124,0.9466,0.9122,Control,Best Value,Useful for appliance groups and plug loads.,high,Consider Timer Plug / Standby Saver from Bunnings for Fridge. Estimated saving: $17.72/month with about 719.5 kWh/year reduction.,fridge,0.8247209090909091,0.62875,7.422727272727273,100.0,163.9,Needs attention,"above similar-house benchmark, frequent usage, higher monthly cost","Fridge is classified as Needs attention. It is 163.9% above the REFIT similar-appliance average, with 7169 detected events and 17.9% peak-hour activity.",0.4567,0.6648,0.2886,0.6307,"Matched because this appliance is needs attention, above similar-house benchmark, frequent usage, higher monthly cost, and the option balances price, energy reduction, savings and payback."
20,Fridge,Fridge,fridge,Appliance1,2.17682,794.54,19.59,238.36,JB Hi-Fi,Energy Monitoring Smart Plug,TP-Link Tapo,29.0,70.0,1.75,724.54,17.84,214.1,1.63,0.9107,0.9119,0.8961,0.9366,0.9127,Monitoring,Overall,Adds monitoring so recommendations can be updated later.,high,Consider Energy Monitoring Smart Plug from JB Hi-Fi for Fridge. Estimated saving: $17.84/month with about 724.5 kWh/year reduction.,fridge,0.8247209090909091,0.62875,7.422727272727273,100.0,163.9,Needs attention,"above similar-house benchmark, frequent usage, higher monthly cost","Fridge is classified as Needs attention. It is 163.9% above the REFIT similar-appliance average, with 7169 detected events and 17.9% peak-hour activity.",0.4521,0.655,0.2878,0.6232,"Matched because this appliance is needs attention, above similar-house benchmark, frequent usage, higher monthly cost, and the option balances price, energy reduction, savings and payback."
20,Fridge,Fridge,fridge,Appliance1,2.17682,794.54,19.59,238.36,JB Hi-Fi,Compact Efficient Fridge,CHiQ,449.0,285.0,7.12,509.54,12.47,149.6,36.02,0.6363,0.6413,0.3577,0.3999,0.5605,Standard,Cheapest,Lower upfront price for smaller households.,high,Consider Compact Efficient Fridge from JB Hi-Fi for Fridge. Estimated saving: $12.47/month with about 509.5 kWh/year reduction.,fridge,0.8247209090909091,0.62875,7.422727272727273,100.0,163.9,Needs attention,"above similar-house benchmark, frequent usage, higher monthly cost","Fridge is classified as Needs attention. It is 163.9% above the REFIT similar-appliance average, with 7169 detected events and 17.9% peak-hour activity.",0.2542,0.2733,0.221,0.268,"Matched because this appliance is needs attention, above similar-house benchmark, frequent usage, higher monthly cost, and the option balances price, energy reduction, savings and payback."
20,Fridge,Fridge,fridge,Appliance1,2.17682,794.54,19.59,238.36,The Good Guys,Energy Efficient Fridge-Freezer,Hisense,699.0,260.0,6.5,534.54,13.09,157.1,53.39,0.6682,0.6728,0.2634,0.3101,0.5551,High,Best Value,Balanced replacement for continuous loads.,high,Consider Energy Efficient Fridge-Freezer from The Good Guys for Fridge. Estimated saving: $13.09/month with about 534.5 kWh/year reduction.,fridge,0.8247209090909091,0.62875,7.422727272727273,100.0,163.9,Needs attention,"above similar-house benchmark, frequent usage, higher monthly cost","Fridge is classified as Needs attention. It is 163.9% above the REFIT similar-appliance average, with 7169 detected events and 17.9% peak-hour activity.",0.223,0.2091,0.2136,0.2097,"Matched because this appliance is needs attention, above similar-house benchmark, frequent usage, higher monthly cost, and the option balances price, energy reduction, savings and payback."
20,Fridge,Fridge,fridge,Appliance1,2.17682,794.54,19.59,238.36,Harvey Norman,Inverter Fridge-Freezer,Samsung,999.0,220.0,5.5,574.54,14.09,169.1,70.89,0.7193,0.7231,0.2002,0.2529,0.5726,Premium,Energy Wise,Inverter compressor suited to always-on refrigeration.,high,Consider Inverter Fridge-Freezer from Harvey Norman for Fridge. Estimated saving: $14.09/month with about 574.5 kWh/year reduction.,fridge,0.8247209090909091,0.62875,7.422727272727273,100.0,163.9,Needs attention,"above similar-house benchmark, frequent usage, higher monthly cost","Fridge is classified as Needs attention. It is 163.9% above the REFIT similar-appliance average, with 7169 detected events and 17.9% peak-hour activity.",0.2036,0.1673,0.2103,0.1728,"Matched because this appliance is needs attention, above similar-house benchmark, frequent usage, higher monthly cost, and the option balances price, energy reduction, savings and payback."
20,Kettle,Kettle,kettle,Appliance9,33.73954,12314.93,303.66,3694.48,Kmart,Smart Plug With Timer,Generic,19.0,80.0,2.0,12234.93,301.66,3619.87,0.06,0.9934,0.9935,0.9294,0.9974,0.9844,Control,Cheapest,Low-cost way to reduce standby and schedule usage.,high,Consider Smart Plug With Timer from Kmart for Kettle. Estimated saving: $301.66/month with about 12234.9 kWh/year reduction.,kettle,16.07417125,13.334344999999999,144.66750000000002,100.0,109.9,Needs attention,"above similar-house benchmark, frequent usage, higher monthly cost","Kettle is classified as Needs attention. It is 109.9% above the REFIT similar-appliance average, with 1485 detected events and 24.3% peak-hour activity.",0.983,0.9662,0.9963,0.9865,"Matched because this appliance is needs attention, above similar-house benchmark, frequent usage, higher monthly cost, and the option balances price, energy reduction, savings and payback."
20,Kettle,Kettle,kettle,Appliance9,33.73954,12314.93,303.66,3694.48,Kmart,1.7L Auto-Off Kettle,Anko,25.0,32.0,0.8,12282.93,302.86,3634.27,0.08,0.9974,0.9974,0.9091,0.9966,0.984,Efficient,Cheapest,Low-cost replacement with auto shut-off.,high,Consider 1.7L Auto-Off Kettle from Kmart for Kettle. Estimated saving: $302.86/month with about 12282.9 kWh/year reduction.,kettle,16.07417125,13.334344999999999,144.66750000000002,100.0,109.9,Needs attention,"above similar-house benchmark, frequent usage, higher monthly cost","Kettle is classified as Needs attention. It is 109.9% above the REFIT similar-appliance average, with 1485 detected events and 24.3% peak-hour activity.",0.981,0.9581,0.9992,0.9845,"Matched because this appliance is needs attention, above similar-house benchmark, frequent usage, higher monthly cost, and the option balances price, energy reduction, savings and payback."
20,Kettle,Kettle,kettle,Appliance9,33.73954,12314.93,303.66,3694.48,Bunnings,Timer Plug / Standby Saver,Arlec,24.0,75.0,1.88,12239.93,301.78,3621.37,0.08,0.9938,0.9939,0.9124,0.9967,0.9821,Control,Best Value,Useful for appliance groups and plug loads.,high,Consider Timer Plug / Standby Saver from Bunnings for Kettle. Estimated saving: $301.78/month with about 12239.9 kWh/year reduction.,kettle,16.07417125,13.334344999999999,144.66750000000002,100.0,109.9,Needs attention,"above similar-house benchmark, frequent usage, higher monthly cost","Kettle is classified as Needs attention. It is 109.9% above the REFIT similar-appliance average, with 1485 detected events and 24.3% peak-hour activity.",0.9797,0.9585,0.9965,0.9837,"Matched because this appliance is needs attention, above similar-house benchmark, frequent usage, higher monthly cost, and the option balances price, energy reduction, savings and payback."
20,Kettle,Kettle,kettle,Appliance9,33.73954,12314.93,303.66,3694.48,JB Hi-Fi,Energy Monitoring Smart Plug,TP-Link Tapo,29.0,70.0,1.75,12244.93,301.91,3622.87,0.1,0.9942,0.9943,0.8961,0.996,0.9798,Monitoring,Overall,Adds monitoring so recommendations can be updated later.,high,Consider Energy Monitoring Smart Plug from JB Hi-Fi for Kettle. Estimated saving: $301.91/month with about 12244.9 kWh/year reduction.,kettle,16.07417125,13.334344999999999,144.66750000000002,100.0,109.9,Needs attention,"above similar-house benchmark, frequent usage, higher monthly cost","Kettle is classified as Needs attention. It is 109.9% above the REFIT similar-appliance average, with 1485 detected events and 24.3% peak-hour activity.",0.9765,0.9511,0.9968,0.981,"Matched because this appliance is needs attention, above similar-house benchmark, frequent usage, higher monthly cost, and the option balances price, energy reduction, savings and payback."
20,Kettle,Kettle,kettle,Appliance9,33.73954,12314.93,303.66,3694.48,Big W,Energy Efficient Kettle,Russell Hobbs,49.0,28.0,0.7,12286.93,302.96,3635.47,0.16,0.9977,0.9977,0.8361,0.9933,0.9728,High,Best Value,Balanced price and energy use.,high,Consider Energy Efficient Kettle from Big W for Kettle. Estimated saving: $302.96/month with about 12286.9 kWh/year reduction.,kettle,16.07417125,13.334344999999999,144.66750000000002,100.0,109.9,Needs attention,"above similar-house benchmark, frequent usage, higher monthly cost","Kettle is classified as Needs attention. It is 109.9% above the REFIT similar-appliance average, with 1485 detected events and 24.3% peak-hour activity.",0.9661,0.9245,0.9991,0.972,"Matched because this appliance is needs attention, above similar-house benchmark, frequent usage, higher monthly cost, and the option balances price, energy reduction, savings and payback."
20,Kettle,Kettle,kettle,Appliance9,33.73954,12314.93,303.66,3694.48,JB Hi-Fi,Smart Temperature Control Kettle,Breville,109.0,24.0,0.6,12290.93,303.06,3636.67,0.36,0.998,0.9981,0.6964,0.9852,0.9509,Premium,Energy Wise,Temperature control helps reduce repeated boiling.,high,Consider Smart Temperature Control Kettle from JB Hi-Fi for Kettle. Estimated saving: $303.06/month with about 12290.9 kWh/year reduction.,kettle,16.07417125,13.334344999999999,144.66750000000002,100.0,109.9,Needs attention,"above similar-house benchmark, frequent usage, higher monthly cost","Kettle is classified as Needs attention. It is 109.9% above the REFIT similar-appliance average, with 1485 detected events and 24.3% peak-hour activity.",0.9371,0.8597,0.9985,0.9471,"Matched because this appliance is needs attention, above similar-house benchmark, frequent usage, higher monthly cost, and the option balances price, energy reduction, savings and payback."
20,Microwave,Microwave,microwave,Appliance8,0.16566,60.47,1.49,18.14,Kmart,Smart Plug With Timer,Generic,19.0,80.0,2.0,0.0,0.0,0.0,,0.0,0.0,0.9294,0.0,0.1394,Control,Cheapest,Low-cost way to reduce standby and schedule usage.,low,Consider Smart Plug With Timer from Kmart for Microwave. Estimated saving: $0.00/month with about 0.0 kWh/year reduction.,microwave,1.693406875,0.12358,15.23875,56.2,-90.2,Average,"peak-hour usage, frequent usage","Microwave is classified as Average. It is 90.2% below the REFIT similar-appliance average, with 976 detected events and 25.8% peak-hour activity.",0.2849,0.4896,0.1129,0.2823,"Matched because this appliance is average, peak-hour usage, frequent usage, and the option balances price, energy reduction, savings and payback."
20,Microwave,Microwave,microwave,Appliance8,0.16566,60.47,1.49,18.14,Bunnings,Timer Plug / Standby Saver,Arlec,24.0,75.0,1.88,0.0,0.0,0.0,,0.0,0.0,0.9124,0.0,0.1369,Control,Best Value,Useful for appliance groups and plug loads.,low,Consider Timer Plug / Standby Saver from Bunnings for Microwave. Estimated saving: $0.00/month with about 0.0 kWh/year reduction.,microwave,1.693406875,0.12358,15.23875,56.2,-90.2,Average,"peak-hour usage, frequent usage","Microwave is classified as Average. It is 90.2% below the REFIT similar-appliance average, with 976 detected events and 25.8% peak-hour activity.",0.2815,0.482,0.1129,0.2797,"Matched because this appliance is average, peak-hour usage, frequent usage, and the option balances price, energy reduction, savings and payback."
20,Microwave,Microwave,microwave,Appliance8,0.16566,60.47,1.49,18.14,JB Hi-Fi,Energy Monitoring Smart Plug,TP-Link Tapo,29.0,70.0,1.75,0.0,0.0,0.0,,0.0,0.0,0.8961,0.0,0.1344,Monitoring,Overall,Adds monitoring so recommendations can be updated later.,low,Consider Energy Monitoring Smart Plug from JB Hi-Fi for Microwave. Estimated saving: $0.00/month with about 0.0 kWh/year reduction.,microwave,1.693406875,0.12358,15.23875,56.2,-90.2,Average,"peak-hour usage, frequent usage","Microwave is classified as Average. It is 90.2% below the REFIT similar-appliance average, with 976 detected events and 25.8% peak-hour activity.",0.2783,0.4747,0.1129,0.2773,"Matched because this appliance is average, peak-hour usage, frequent usage, and the option balances price, energy reduction, savings and payback."
20,Microwave,Microwave,microwave,Appliance8,0.16566,60.47,1.49,18.14,Kmart,Compact Microwave,Anko,99.0,96.0,2.4,0.0,0.0,0.0,,0.0,0.0,0.7163,0.0,0.1074,Standard,Cheapest,Lowest upfront price.,low,Consider Compact Microwave from Kmart for Microwave. Estimated saving: $0.00/month with about 0.0 kWh/year reduction.,microwave,1.693406875,0.12358,15.23875,56.2,-90.2,Average,"peak-hour usage, frequent usage","Microwave is classified as Average. It is 90.2% below the REFIT similar-appliance average, with 976 detected events and 25.8% peak-hour activity.",0.2423,0.3938,0.1129,0.2503,"Matched because this appliance is average, peak-hour usage, frequent usage, and the option balances price, energy reduction, savings and payback."
20,Microwave,Microwave,microwave,Appliance8,0.16566,60.47,1.49,18.14,The Good Guys,900W Efficient Microwave,LG,179.0,82.0,2.05,0.0,0.0,0.0,,0.0,0.0,0.5828,0.0,0.0874,High,Best Value,Good balance of price and energy use.,low,Consider 900W Efficient Microwave from The Good Guys for Microwave. Estimated saving: $0.00/month with about 0.0 kWh/year reduction.,microwave,1.693406875,0.12358,15.23875,56.2,-90.2,Average,"peak-hour usage, frequent usage","Microwave is classified as Average. It is 90.2% below the REFIT similar-appliance average, with 976 detected events and 25.8% peak-hour activity.",0.2156,0.3337,0.1129,0.2303,"Matched because this appliance is average, peak-hour usage, frequent usage, and the option balances price, energy reduction, savings and payback."
20,Microwave,Microwave,microwave,Appliance8,0.16566,60.47,1.49,18.14,JB Hi-Fi,Compact Inverter Microwave,Panasonic,219.0,76.0,1.9,0.0,0.0,0.0,,0.0,0.0,0.533,0.0,0.08,Premium,Energy Wise,Inverter control is suitable for repeated cooking events.,low,Consider Compact Inverter Microwave from JB Hi-Fi for Microwave. Estimated saving: $0.00/month with about 0.0 kWh/year reduction.,microwave,1.693406875,0.12358,15.23875,56.2,-90.2,Average,"peak-hour usage, frequent usage","Microwave is classified as Average. It is 90.2% below the REFIT similar-appliance average, with 976 detected events and 25.8% peak-hour activity.",0.2057,0.3113,0.1129,0.2228,"Matched because this appliance is average, peak-hour usage, frequent usage, and the option balances price, energy reduction, savings and payback."
20,Television Site,Television Site,television,Appliance7,0.36083,131.7,3.25,39.51,Kmart,Smart Plug With Timer,Generic,19.0,80.0,2.0,51.7,1.25,14.97,15.23,0.3841,0.3926,0.9294,0.6118,0.5026,Control,Cheapest,Low-cost way to reduce standby and schedule usage.,high,Consider Smart Plug With Timer from Kmart for Television Site. Estimated saving: $1.25/month with about 51.7 kWh/year reduction.,television,0.64669,0.36083,5.819047619047619,52.4,-44.2,Needs attention,"peak-hour usage, frequent usage","Television Site is classified as Needs attention. It is 44.2% below the REFIT similar-appliance average, with 4364 detected events and 63.2% peak-hour activity.",0.3323,0.5724,0.1429,0.4467,"Matched because this appliance is needs attention, peak-hour usage, frequent usage, and the option balances price, energy reduction, savings and payback."
20,Television Site,Television Site,television,Appliance7,0.36083,131.7,3.25,39.51,Bunnings,Timer Plug / Standby Saver,Arlec,24.0,75.0,1.88,56.7,1.37,16.47,17.49,0.4226,0.4305,0.9124,0.5785,0.5218,Control,Best Value,Useful for appliance groups and plug loads.,high,Consider Timer Plug / Standby Saver from Bunnings for Television Site. Estimated saving: $1.37/month with about 56.7 kWh/year reduction.,television,0.64669,0.36083,5.819047619047619,52.4,-44.2,Needs attention,"peak-hour usage, frequent usage","Television Site is classified as Needs attention. It is 44.2% below the REFIT similar-appliance average, with 4364 detected events and 63.2% peak-hour activity.",0.3242,0.5566,0.1399,0.4277,"Matched because this appliance is needs attention, peak-hour usage, frequent usage, and the option balances price, energy reduction, savings and payback."
20,Television Site,Television Site,television,Appliance7,0.36083,131.7,3.25,39.51,JB Hi-Fi,Energy Monitoring Smart Plug,TP-Link Tapo,29.0,70.0,1.75,61.7,1.5,17.97,19.37,0.4611,0.4685,0.8961,0.5534,0.5424,Monitoring,Overall,Adds monitoring so recommendations can be updated later.,high,Consider Energy Monitoring Smart Plug from JB Hi-Fi for Television Site. Estimated saving: $1.50/month with about 61.7 kWh/year reduction.,television,0.64669,0.36083,5.819047619047619,52.4,-44.2,Needs attention,"peak-hour usage, frequent usage","Television Site is classified as Needs attention. It is 44.2% below the REFIT similar-appliance average, with 4364 detected events and 63.2% peak-hour activity.",0.3174,0.5431,0.1377,0.4128,"Matched because this appliance is needs attention, peak-hour usage, frequent usage, and the option balances price, energy reduction, savings and payback."
20,Television Site,Television Site,television,Appliance7,0.36083,131.7,3.25,39.51,Kmart,Standby Saver Powerboard,Generic,19.0,120.0,3.0,11.7,0.25,2.97,76.77,0.0762,0.0889,0.9294,0.2382,0.2323,Control,Cheapest,Useful where TV site has multiple standby devices.,low,Consider Standby Saver Powerboard from Kmart for Television Site. Estimated saving: $0.25/month with about 11.7 kWh/year reduction.,television,0.64669,0.36083,5.819047619047619,52.4,-44.2,Needs attention,"peak-hour usage, frequent usage","Television Site is classified as Needs attention. It is 44.2% below the REFIT similar-appliance average, with 4364 detected events and 63.2% peak-hour activity.",0.2745,0.478,0.1031,0.2588,"Matched because this appliance is needs attention, peak-hour usage, frequent usage, and the option balances price, energy reduction, savings and payback."
20,Television Site,Television Site,television,Appliance7,0.36083,131.7,3.25,39.51,JB Hi-Fi,Energy Efficient LED TV,TCL,599.0,95.0,2.38,36.7,0.87,10.47,686.55,0.2687,0.2787,0.2945,0.0338,0.2403,High,Best Value,LED replacement for high TV-site consumption.,medium,Consider Energy Efficient LED TV from JB Hi-Fi for Television Site. Estimated saving: $0.87/month with about 36.7 kWh/year reduction.,television,0.64669,0.36083,5.819047619047619,52.4,-44.2,Needs attention,"peak-hour usage, frequent usage","Television Site is classified as Needs attention. It is 44.2% below the REFIT similar-appliance average, with 4364 detected events and 63.2% peak-hour activity.",0.118,0.1418,0.0842,0.0621,"Matched because this appliance is needs attention, peak-hour usage, frequent usage, and the option balances price, energy reduction, savings and payback."
20,Television Site,Television Site,television,Appliance7,0.36083,131.7,3.25,39.51,The Good Guys,Low Energy QLED TV,Samsung,899.0,80.0,2.0,51.7,1.25,14.97,720.65,0.3841,0.3926,0.2176,0.0322,0.3089,Premium,Energy Wise,Lower annual kWh for heavy TV use.,high,Consider Low Energy QLED TV from The Good Guys for Television Site. Estimated saving: $1.25/month with about 51.7 kWh/year reduction.,television,0.64669,0.36083,5.819047619047619,52.4,-44.2,Needs attention,"peak-hour usage, frequent usage","Television Site is classified as Needs attention. It is 44.2% below the REFIT similar-appliance average, with 4364 detected events and 63.2% peak-hour activity.",0.103,0.1072,0.085,0.0502,"Matched because this appliance is needs attention, peak-hour usage, frequent usage, and the option balances price, energy reduction, savings and payback."
20,Tumble Dryer,Tumble Dryer,generic,Appliance3,12.24248,4468.51,110.18,1340.55,Kmart,Smart Plug With Timer,Generic,19.0,80.0,2.0,4388.51,108.18,1298.19,0.18,0.9818,0.9821,0.9294,0.9927,0.9757,Control,Cheapest,Low-cost way to reduce standby and schedule usage.,high,Consider Smart Plug With Timer from Kmart for Tumble Dryer. Estimated saving: $108.18/month with about 4388.5 kWh/year reduction.,generic,3.5444526086956527,1.83936,31.899565217391302,91.3,245.4,Needs attention,"above similar-house benchmark, higher monthly cost","Tumble Dryer is classified as Needs attention. It is 245.4% above the REFIT similar-appliance average, with 1854 detected events and 23.7% peak-hour activity.",0.6224,0.7735,0.504,0.7606,"Matched because this appliance is needs attention, above similar-house benchmark, higher monthly cost, and the option balances price, energy reduction, savings and payback."
20,Tumble Dryer,Tumble Dryer,generic,Appliance3,12.24248,4468.51,110.18,1340.55,Bunnings,Timer Plug / Standby Saver,Arlec,24.0,75.0,1.88,4393.51,108.31,1299.69,0.22,0.983,0.9832,0.9124,0.9909,0.9736,Control,Best Value,Useful for appliance groups and plug loads.,high,Consider Timer Plug / Standby Saver from Bunnings for Tumble Dryer. Estimated saving: $108.31/month with about 4393.5 kWh/year reduction.,generic,3.5444526086956527,1.83936,31.899565217391302,91.3,245.4,Needs attention,"above similar-house benchmark, higher monthly cost","Tumble Dryer is classified as Needs attention. It is 245.4% above the REFIT similar-appliance average, with 1854 detected events and 23.7% peak-hour activity.",0.619,0.7655,0.5041,0.7574,"Matched because this appliance is needs attention, above similar-house benchmark, higher monthly cost, and the option balances price, energy reduction, savings and payback."
20,Tumble Dryer,Tumble Dryer,generic,Appliance3,12.24248,4468.51,110.18,1340.55,JB Hi-Fi,Energy Monitoring Smart Plug,TP-Link Tapo,29.0,70.0,1.75,4398.51,108.43,1301.19,0.27,0.9841,0.9843,0.8961,0.989,0.9717,Monitoring,Overall,Adds monitoring so recommendations can be updated later.,high,Consider Energy Monitoring Smart Plug from JB Hi-Fi for Tumble Dryer. Estimated saving: $108.43/month with about 4398.5 kWh/year reduction.,generic,3.5444526086956527,1.83936,31.899565217391302,91.3,245.4,Needs attention,"above similar-house benchmark, higher monthly cost","Tumble Dryer is classified as Needs attention. It is 245.4% above the REFIT similar-appliance average, with 1854 detected events and 23.7% peak-hour activity.",0.6156,0.7578,0.5042,0.7541,"Matched because this appliance is needs attention, above similar-house benchmark, higher monthly cost, and the option balances price, energy reduction, savings and payback."
20,Washing Machine,Washing Machine,washing machine,Appliance4,3.34432,1220.68,30.1,366.2,Kmart,Smart Plug With Timer,Generic,19.0,80.0,2.0,1140.68,28.1,337.19,0.68,0.9336,0.9345,0.9294,0.9726,0.9391,Control,Cheapest,Low-cost way to reduce standby and schedule usage.,high,Consider Smart Plug With Timer from Kmart for Washing Machine. Estimated saving: $28.10/month with about 1140.7 kWh/year reduction.,washing machine,1.958721081081081,1.22083,17.62810810810811,86.5,70.7,Needs attention,"above similar-house benchmark, peak-hour usage, frequent usage, higher monthly cost","Washing Machine is classified as Needs attention. It is 70.7% above the REFIT similar-appliance average, with 8074 detected events and 26.1% peak-hour activity.",0.4693,0.6892,0.2966,0.6581,"Matched because this appliance is needs attention, above similar-house benchmark, peak-hour usage, frequent usage, higher monthly cost, and the option balances price, energy reduction, savings and payback."
20,Washing Machine,Washing Machine,washing machine,Appliance4,3.34432,1220.68,30.1,366.2,Bunnings,Timer Plug / Standby Saver,Arlec,24.0,75.0,1.88,1145.68,28.22,338.69,0.85,0.9377,0.9386,0.9124,0.9658,0.9384,Control,Best Value,Useful for appliance groups and plug loads.,high,Consider Timer Plug / Standby Saver from Bunnings for Washing Machine. Estimated saving: $28.22/month with about 1145.7 kWh/year reduction.,washing machine,1.958721081081081,1.22083,17.62810810810811,86.5,70.7,Needs attention,"above similar-house benchmark, peak-hour usage, frequent usage, higher monthly cost","Washing Machine is classified as Needs attention. It is 70.7% above the REFIT similar-appliance average, with 8074 detected events and 26.1% peak-hour activity.",0.4651,0.68,0.2962,0.6524,"Matched because this appliance is needs attention, above similar-house benchmark, peak-hour usage, frequent usage, higher monthly cost, and the option balances price, energy reduction, savings and payback."
20,Washing Machine,Washing Machine,washing machine,Appliance4,3.34432,1220.68,30.1,366.2,JB Hi-Fi,Energy Monitoring Smart Plug,TP-Link Tapo,29.0,70.0,1.75,1150.68,28.35,340.19,1.02,0.9419,0.9427,0.8961,0.9591,0.9378,Monitoring,Overall,Adds monitoring so recommendations can be updated later.,high,Consider Energy Monitoring Smart Plug from JB Hi-Fi for Washing Machine. Estimated saving: $28.35/month with about 1150.7 kWh/year reduction.,washing machine,1.958721081081081,1.22083,17.62810810810811,86.5,70.7,Needs attention,"above similar-house benchmark, peak-hour usage, frequent usage, higher monthly cost","Washing Machine is classified as Needs attention. It is 70.7% above the REFIT similar-appliance average, with 8074 detected events and 26.1% peak-hour activity.",0.4611,0.6711,0.2959,0.6468,"Matched because this appliance is needs attention, above similar-house benchmark, peak-hour usage, frequent usage, higher monthly cost, and the option balances price, energy reduction, savings and payback."
20,Washing Machine,Washing Machine,washing machine,Appliance4,3.34432,1220.68,30.1,366.2,Big W,Laundry Smart Timer Plug,Generic,29.0,180.0,4.5,1040.68,25.6,307.19,1.13,0.8505,0.8525,0.8961,0.9549,0.8736,Control,Cheapest,Low-cost option to shift laundry away from peak hours.,high,Consider Laundry Smart Timer Plug from Big W for Washing Machine. Estimated saving: $25.60/month with about 1040.7 kWh/year reduction.,washing machine,1.958721081081081,1.22083,17.62810810810811,86.5,70.7,Needs attention,"above similar-house benchmark, peak-hour usage, frequent usage, higher monthly cost","Washing Machine is classified as Needs attention. It is 70.7% above the REFIT similar-appliance average, with 8074 detected events and 26.1% peak-hour activity.",0.4555,0.6673,0.2887,0.6415,"Matched because this appliance is needs attention, above similar-house benchmark, peak-hour usage, frequent usage, higher monthly cost, and the option balances price, energy reduction, savings and payback."
20,Washing Machine,Washing Machine,washing machine,Appliance4,3.34432,1220.68,30.1,366.2,JB Hi-Fi,Inverter Front Loader,LG,799.0,145.0,3.62,1075.68,26.47,317.69,30.18,0.8796,0.8812,0.2383,0.443,0.7184,High,Best Value,Good value inverter option for repeated laundry use.,high,Consider Inverter Front Loader from JB Hi-Fi for Washing Machine. Estimated saving: $26.47/month with about 1075.7 kWh/year reduction.,washing machine,1.958721081081081,1.22083,17.62810810810811,86.5,70.7,Needs attention,"above similar-house benchmark, peak-hour usage, frequent usage, higher monthly cost","Washing Machine is classified as Needs attention. It is 70.7% above the REFIT similar-appliance average, with 8074 detected events and 26.1% peak-hour activity.",0.2487,0.2442,0.2396,0.2878,"Matched because this appliance is needs attention, above similar-house benchmark, peak-hour usage, frequent usage, higher monthly cost, and the option balances price, energy reduction, savings and payback."
20,Washing Machine,Washing Machine,washing machine,Appliance4,3.34432,1220.68,30.1,366.2,The Good Guys,Front Load Washing Machine,Bosch,849.0,135.0,3.38,1085.68,26.72,320.69,31.77,0.8879,0.8894,0.2275,0.4303,0.7206,Premium,Energy Wise,Front loaders are suited to lower water and energy use.,high,Consider Front Load Washing Machine from The Good Guys for Washing Machine. Estimated saving: $26.72/month with about 1085.7 kWh/year reduction.,washing machine,1.958721081081081,1.22083,17.62810810810811,86.5,70.7,Needs attention,"above similar-house benchmark, peak-hour usage, frequent usage, higher monthly cost","Washing Machine is classified as Needs attention. It is 70.7% above the REFIT similar-appliance average, with 8074 detected events and 26.1% peak-hour activity.",0.2451,0.2364,0.239,0.2802,"Matched because this appliance is needs attention, above similar-house benchmark, peak-hour usage, frequent usage, higher monthly cost, and the option balances price, energy reduction, savings and payback."
21,Dishwasher,Dishwasher,washing machine,Appliance4,1.00112,365.41,9.01,109.62,Kmart,Smart Plug With Timer,Generic,19.0,80.0,2.0,285.41,7.01,84.12,2.71,0.778,0.7811,0.9294,0.8985,0.8197,Control,Cheapest,Low-cost way to reduce standby and schedule usage.,high,Consider Smart Plug With Timer from Kmart for Dishwasher. Estimated saving: $7.01/month with about 285.4 kWh/year reduction.,washing machine,1.958721081081081,1.22083,17.62810810810811,37.8,-48.9,Efficient,normal usage pattern,"Dishwasher is classified as Efficient. It is 48.9% below the REFIT similar-appliance average, with 773 detected events and 24.0% peak-hour activity.",0.3712,0.6498,0.1639,0.5968,"Matched because this appliance is efficient, normal usage pattern, and the option balances price, energy reduction, savings and payback."
21,Dishwasher,Dishwasher,washing machine,Appliance4,1.00112,365.41,9.01,109.62,Bunnings,Timer Plug / Standby Saver,Arlec,24.0,75.0,1.88,290.41,7.14,85.62,3.36,0.7919,0.7948,0.9124,0.8771,0.8236,Control,Best Value,Useful for appliance groups and plug loads.,high,Consider Timer Plug / Standby Saver from Bunnings for Dishwasher. Estimated saving: $7.14/month with about 290.4 kWh/year reduction.,washing machine,1.958721081081081,1.22083,17.62810810810811,37.8,-48.9,Efficient,normal usage pattern,"Dishwasher is classified as Efficient. It is 48.9% below the REFIT similar-appliance average, with 773 detected events and 24.0% peak-hour activity.",0.3648,0.637,0.1621,0.5837,"Matched because this appliance is efficient, normal usage pattern, and the option balances price, energy reduction, savings and payback."
21,Dishwasher,Dishwasher,washing machine,Appliance4,1.00112,365.41,9.01,109.62,JB Hi-Fi,Energy Monitoring Smart Plug,TP-Link Tapo,29.0,70.0,1.75,295.41,7.26,87.12,3.99,0.8058,0.8084,0.8961,0.8573,0.8278,Monitoring,Overall,Adds monitoring so recommendations can be updated later.,high,Consider Energy Monitoring Smart Plug from JB Hi-Fi for Dishwasher. Estimated saving: $7.26/month with about 295.4 kWh/year reduction.,washing machine,1.958721081081081,1.22083,17.62810810810811,37.8,-48.9,Efficient,normal usage pattern,"Dishwasher is classified as Efficient. It is 48.9% below the REFIT similar-appliance average, with 773 detected events and 24.0% peak-hour activity.",0.3588,0.6248,0.1605,0.5715,"Matched because this appliance is efficient, normal usage pattern, and the option balances price, energy reduction, savings and payback."
21,Dishwasher,Dishwasher,washing machine,Appliance4,1.00112,365.41,9.01,109.62,Big W,Laundry Smart Timer Plug,Generic,29.0,180.0,4.5,185.41,4.51,54.12,6.43,0.5006,0.5074,0.8961,0.7887,0.6052,Control,Cheapest,Low-cost option to shift laundry away from peak hours.,high,Consider Laundry Smart Timer Plug from Big W for Dishwasher. Estimated saving: $4.51/month with about 185.4 kWh/year reduction.,washing machine,1.958721081081081,1.22083,17.62810810810811,37.8,-48.9,Efficient,normal usage pattern,"Dishwasher is classified as Efficient. It is 48.9% below the REFIT similar-appliance average, with 773 detected events and 24.0% peak-hour activity.",0.3436,0.6049,0.1468,0.534,"Matched because this appliance is efficient, normal usage pattern, and the option balances price, energy reduction, savings and payback."
21,Dishwasher,Dishwasher,washing machine,Appliance4,1.00112,365.41,9.01,109.62,JB Hi-Fi,Inverter Front Loader,LG,799.0,145.0,3.62,220.41,5.39,64.62,148.37,0.5977,0.6032,0.2383,0.1392,0.4767,High,Best Value,Good value inverter option for repeated laundry use.,high,Consider Inverter Front Loader from JB Hi-Fi for Dishwasher. Estimated saving: $5.39/month with about 220.4 kWh/year reduction.,washing machine,1.958721081081081,1.22083,17.62810810810811,37.8,-48.9,Efficient,normal usage pattern,"Dishwasher is classified as Efficient. It is 48.9% below the REFIT similar-appliance average, with 773 detected events and 24.0% peak-hour activity.",0.1162,0.1474,0.084,0.1116,"Matched because this appliance is efficient, normal usage pattern, and the option balances price, energy reduction, savings and payback."
21,Dishwasher,Dishwasher,washing machine,Appliance4,1.00112,365.41,9.01,109.62,The Good Guys,Front Load Washing Machine,Bosch,849.0,135.0,3.38,230.41,5.64,67.62,150.66,0.6254,0.6306,0.2275,0.1374,0.4941,Premium,Energy Wise,Front loaders are suited to lower water and energy use.,high,Consider Front Load Washing Machine from The Good Guys for Dishwasher. Estimated saving: $5.64/month with about 230.4 kWh/year reduction.,washing machine,1.958721081081081,1.22083,17.62810810810811,37.8,-48.9,Efficient,normal usage pattern,"Dishwasher is classified as Efficient. It is 48.9% below the REFIT similar-appliance average, with 773 detected events and 24.0% peak-hour activity.",0.1142,0.1423,0.0845,0.1094,"Matched because this appliance is efficient, normal usage pattern, and the option balances price, energy reduction, savings and payback."
21,Food Mixer,Food Mixer,generic,Appliance5,0.17611,64.28,1.58,19.28,Kmart,Smart Plug With Timer,Generic,19.0,80.0,2.0,0.0,0.0,0.0,,0.0,0.0,0.9294,0.0,0.1394,Control,Cheapest,Low-cost way to reduce standby and schedule usage.,low,Consider Smart Plug With Timer from Kmart for Food Mixer. Estimated saving: $0.00/month with about 0.0 kWh/year reduction.,generic,3.5444526086956527,1.83936,31.899565217391302,30.4,-95.0,Average,peak-hour usage,"Food Mixer is classified as Average. It is 95.0% below the REFIT similar-appliance average, with 52 detected events and 25.3% peak-hour activity.",0.2591,0.4896,0.0742,0.2823,"Matched because this appliance is average, peak-hour usage, and the option balances price, energy reduction, savings and payback."
21,Food Mixer,Food Mixer,generic,Appliance5,0.17611,64.28,1.58,19.28,Bunnings,Timer Plug / Standby Saver,Arlec,24.0,75.0,1.88,0.0,0.0,0.0,,0.0,0.0,0.9124,0.0,0.1369,Control,Best Value,Useful for appliance groups and plug loads.,low,Consider Timer Plug / Standby Saver from Bunnings for Food Mixer. Estimated saving: $0.00/month with about 0.0 kWh/year reduction.,generic,3.5444526086956527,1.83936,31.899565217391302,30.4,-95.0,Average,peak-hour usage,"Food Mixer is classified as Average. It is 95.0% below the REFIT similar-appliance average, with 52 detected events and 25.3% peak-hour activity.",0.2557,0.482,0.0742,0.2797,"Matched because this appliance is average, peak-hour usage, and the option balances price, energy reduction, savings and payback."
21,Food Mixer,Food Mixer,generic,Appliance5,0.17611,64.28,1.58,19.28,JB Hi-Fi,Energy Monitoring Smart Plug,TP-Link Tapo,29.0,70.0,1.75,0.0,0.0,0.0,,0.0,0.0,0.8961,0.0,0.1344,Monitoring,Overall,Adds monitoring so recommendations can be updated later.,low,Consider Energy Monitoring Smart Plug from JB Hi-Fi for Food Mixer. Estimated saving: $0.00/month with about 0.0 kWh/year reduction.,generic,3.5444526086956527,1.83936,31.899565217391302,30.4,-95.0,Average,peak-hour usage,"Food Mixer is classified as Average. It is 95.0% below the REFIT similar-appliance average, with 52 detected events and 25.3% peak-hour activity.",0.2525,0.4747,0.0742,0.2773,"Matched because this appliance is average, peak-hour usage, and the option balances price, energy reduction, savings and payback."
21,Fridge-Freezer,Fridge-Freezer,fridge,Appliance1,0.29021,105.93,2.61,31.78,Kmart,Smart Plug With Timer,Generic,19.0,80.0,2.0,25.93,0.61,7.34,31.05,0.2343,0.2448,0.9294,0.436,0.3719,Control,Cheapest,Low-cost way to reduce standby and schedule usage.,medium,Consider Smart Plug With Timer from Kmart for Fridge-Freezer. Estimated saving: $0.61/month with about 25.9 kWh/year reduction.,fridge,0.8247209090909091,0.62875,7.422727272727273,27.3,-64.8,Average,peak-hour usage,"Fridge-Freezer is classified as Average. It is 64.8% below the REFIT similar-appliance average, with 380 detected events and 37.3% peak-hour activity.",0.2797,0.5278,0.0861,0.3581,"Matched because this appliance is average, peak-hour usage, and the option balances price, energy reduction, savings and payback."
21,Fridge-Freezer,Fridge-Freezer,fridge,Appliance1,0.29021,105.93,2.61,31.78,Bunnings,Timer Plug / Standby Saver,Arlec,24.0,75.0,1.88,30.93,0.74,8.84,32.57,0.2821,0.292,0.9124,0.4243,0.4009,Control,Best Value,Useful for appliance groups and plug loads.,medium,Consider Timer Plug / Standby Saver from Bunnings for Fridge-Freezer. Estimated saving: $0.74/month with about 30.9 kWh/year reduction.,fridge,0.8247209090909091,0.62875,7.422727272727273,27.3,-64.8,Average,peak-hour usage,"Fridge-Freezer is classified as Average. It is 64.8% below the REFIT similar-appliance average, with 380 detected events and 37.3% peak-hour activity.",0.2748,0.5174,0.0852,0.3498,"Matched because this appliance is average, peak-hour usage, and the option balances price, energy reduction, savings and payback."
21,Fridge-Freezer,Fridge-Freezer,fridge,Appliance1,0.29021,105.93,2.61,31.78,JB Hi-Fi,Energy Monitoring Smart Plug,TP-Link Tapo,29.0,70.0,1.75,35.93,0.86,10.34,33.65,0.33,0.3392,0.8961,0.4163,0.4306,Monitoring,Overall,Adds monitoring so recommendations can be updated later.,medium,Consider Energy Monitoring Smart Plug from JB Hi-Fi for Fridge-Freezer. Estimated saving: $0.86/month with about 35.9 kWh/year reduction.,fridge,0.8247209090909091,0.62875,7.422727272727273,27.3,-64.8,Average,peak-hour usage,"Fridge-Freezer is classified as Average. It is 64.8% below the REFIT similar-appliance average, with 380 detected events and 37.3% peak-hour activity.",0.2705,0.5082,0.0848,0.3436,"Matched because this appliance is average, peak-hour usage, and the option balances price, energy reduction, savings and payback."
21,Fridge-Freezer,Fridge-Freezer,fridge,Appliance1,0.29021,105.93,2.61,31.78,JB Hi-Fi,Compact Efficient Fridge,CHiQ,449.0,285.0,7.12,0.0,0.0,0.0,,0.0,0.0,0.3577,0.0,0.0536,Standard,Cheapest,Lower upfront price for smaller households.,low,Consider Compact Efficient Fridge from JB Hi-Fi for Fridge-Freezer. Estimated saving: $0.00/month with about 0.0 kWh/year reduction.,fridge,0.8247209090909091,0.62875,7.422727272727273,27.3,-64.8,Average,peak-hour usage,"Fridge-Freezer is classified as Average. It is 64.8% below the REFIT similar-appliance average, with 380 detected events and 37.3% peak-hour activity.",0.1417,0.2324,0.0695,0.1965,"Matched because this appliance is average, peak-hour usage, and the option balances price, energy reduction, savings and payback."
21,Fridge-Freezer,Fridge-Freezer,fridge,Appliance1,0.29021,105.93,2.61,31.78,The Good Guys,Energy Efficient Fridge-Freezer,Hisense,699.0,260.0,6.5,0.0,0.0,0.0,,0.0,0.0,0.2634,0.0,0.0395,High,Best Value,Balanced replacement for continuous loads.,low,Consider Energy Efficient Fridge-Freezer from The Good Guys for Fridge-Freezer. Estimated saving: $0.00/month with about 0.0 kWh/year reduction.,fridge,0.8247209090909091,0.62875,7.422727272727273,27.3,-64.8,Average,peak-hour usage,"Fridge-Freezer is classified as Average. It is 64.8% below the REFIT similar-appliance average, with 380 detected events and 37.3% peak-hour activity.",0.1228,0.19,0.0695,0.1824,"Matched because this appliance is average, peak-hour usage, and the option balances price, energy reduction, savings and payback."
21,Fridge-Freezer,Fridge-Freezer,fridge,Appliance1,0.29021,105.93,2.61,31.78,Harvey Norman,Inverter Fridge-Freezer,Samsung,999.0,220.0,5.5,0.0,0.0,0.0,,0.0,0.0,0.2002,0.0,0.03,Premium,Energy Wise,Inverter compressor suited to always-on refrigeration.,low,Consider Inverter Fridge-Freezer from Harvey Norman for Fridge-Freezer. Estimated saving: $0.00/month with about 0.0 kWh/year reduction.,fridge,0.8247209090909091,0.62875,7.422727272727273,27.3,-64.8,Average,peak-hour usage,"Fridge-Freezer is classified as Average. It is 64.8% below the REFIT similar-appliance average, with 380 detected events and 37.3% peak-hour activity.",0.1102,0.1615,0.0695,0.1729,"Matched because this appliance is average, peak-hour usage, and the option balances price, energy reduction, savings and payback."
21,Kettle / Toaster,Kettle / Toaster,kettle,Appliance7,7.83781,2860.8,70.54,858.24,Kmart,Smart Plug With Timer,Generic,19.0,80.0,2.0,2780.8,68.54,822.48,0.28,0.9716,0.972,0.9294,0.9886,0.968,Control,Cheapest,Low-cost way to reduce standby and schedule usage.,high,Consider Smart Plug With Timer from Kmart for Kettle / Toaster. Estimated saving: $68.54/month with about 2780.8 kWh/year reduction.,kettle,16.07417125,13.334344999999999,144.66750000000002,31.2,-51.2,Efficient,normal usage pattern,"Kettle / Toaster is classified as Efficient. It is 51.2% below the REFIT similar-appliance average, with 304 detected events and 24.1% peak-hour activity.",0.4898,0.7332,0.3153,0.7128,"Matched because this appliance is efficient, normal usage pattern, and the option balances price, energy reduction, savings and payback."
21,Kettle / Toaster,Kettle / Toaster,kettle,Appliance7,7.83781,2860.8,70.54,858.24,Kmart,1.7L Auto-Off Kettle,Anko,25.0,32.0,0.8,2828.8,69.74,836.88,0.36,0.9887,0.9888,0.9091,0.9853,0.9763,Efficient,Cheapest,Low-cost replacement with auto shut-off.,high,Consider 1.7L Auto-Off Kettle from Kmart for Kettle / Toaster. Estimated saving: $69.74/month with about 2828.8 kWh/year reduction.,kettle,16.07417125,13.334344999999999,144.66750000000002,31.2,-51.2,Efficient,normal usage pattern,"Kettle / Toaster is classified as Efficient. It is 51.2% below the REFIT similar-appliance average, with 304 detected events and 24.1% peak-hour activity.",0.4874,0.7244,0.3179,0.7095,"Matched because this appliance is efficient, normal usage pattern, and the option balances price, energy reduction, savings and payback."
21,Kettle / Toaster,Kettle / Toaster,kettle,Appliance7,7.83781,2860.8,70.54,858.24,Bunnings,Timer Plug / Standby Saver,Arlec,24.0,75.0,1.88,2785.8,68.67,823.98,0.35,0.9734,0.9738,0.9124,0.9856,0.9662,Control,Best Value,Useful for appliance groups and plug loads.,high,Consider Timer Plug / Standby Saver from Bunnings for Kettle / Toaster. Estimated saving: $68.67/month with about 2785.8 kWh/year reduction.,kettle,16.07417125,13.334344999999999,144.66750000000002,31.2,-51.2,Efficient,normal usage pattern,"Kettle / Toaster is classified as Efficient. It is 51.2% below the REFIT similar-appliance average, with 304 detected events and 24.1% peak-hour activity.",0.4862,0.725,0.3153,0.709,"Matched because this appliance is efficient, normal usage pattern, and the option balances price, energy reduction, savings and payback."
21,Kettle / Toaster,Kettle / Toaster,kettle,Appliance7,7.83781,2860.8,70.54,858.24,JB Hi-Fi,Energy Monitoring Smart Plug,TP-Link Tapo,29.0,70.0,1.75,2790.8,68.79,825.48,0.42,0.9752,0.9755,0.8961,0.9827,0.9646,Monitoring,Overall,Adds monitoring so recommendations can be updated later.,high,Consider Energy Monitoring Smart Plug from JB Hi-Fi for Kettle / Toaster. Estimated saving: $68.79/month with about 2790.8 kWh/year reduction.,kettle,16.07417125,13.334344999999999,144.66750000000002,31.2,-51.2,Efficient,normal usage pattern,"Kettle / Toaster is classified as Efficient. It is 51.2% below the REFIT similar-appliance average, with 304 detected events and 24.1% peak-hour activity.",0.4827,0.717,0.3154,0.7053,"Matched because this appliance is efficient, normal usage pattern, and the option balances price, energy reduction, savings and payback."
21,Kettle / Toaster,Kettle / Toaster,kettle,Appliance7,7.83781,2860.8,70.54,858.24,Big W,Energy Efficient Kettle,Russell Hobbs,49.0,28.0,0.7,2832.8,69.84,838.08,0.7,0.9901,0.9902,0.8361,0.9716,0.9643,High,Best Value,Balanced price and energy use.,high,Consider Energy Efficient Kettle from Big W for Kettle / Toaster. Estimated saving: $69.84/month with about 2832.8 kWh/year reduction.,kettle,16.07417125,13.334344999999999,144.66750000000002,31.2,-51.2,Efficient,normal usage pattern,"Kettle / Toaster is classified as Efficient. It is 51.2% below the REFIT similar-appliance average, with 304 detected events and 24.1% peak-hour activity.",0.4709,0.6883,0.3168,0.6919,"Matched because this appliance is efficient, normal usage pattern, and the option balances price, energy reduction, savings and payback."
21,Kettle / Toaster,Kettle / Toaster,kettle,Appliance7,7.83781,2860.8,70.54,858.24,JB Hi-Fi,Smart Temperature Control Kettle,Breville,109.0,24.0,0.6,2836.8,69.94,839.28,1.56,0.9915,0.9916,0.6964,0.939,0.9394,Premium,Energy Wise,Temperature control helps reduce repeated boiling.,high,Consider Smart Temperature Control Kettle from JB Hi-Fi for Kettle / Toaster. Estimated saving: $69.94/month with about 2836.8 kWh/year reduction.,kettle,16.07417125,13.334344999999999,144.66750000000002,31.2,-51.2,Efficient,normal usage pattern,"Kettle / Toaster is classified as Efficient. It is 51.2% below the REFIT similar-appliance average, with 304 detected events and 24.1% peak-hour activity.",0.4383,0.6173,0.3138,0.6547,"Matched because this appliance is efficient, normal usage pattern, and the option balances price, energy reduction, savings and payback."
21,Pond Pump,Pond Pump,generic,Appliance9,0.30676,111.97,2.76,33.59,Kmart,Smart Plug With Timer,Generic,19.0,80.0,2.0,31.97,0.76,9.13,24.97,0.2756,0.2855,0.9294,0.4901,0.4088,Control,Cheapest,Low-cost way to reduce standby and schedule usage.,medium,Consider Smart Plug With Timer from Kmart for Pond Pump. Estimated saving: $0.76/month with about 32.0 kWh/year reduction.,generic,3.5444526086956527,1.83936,31.899565217391302,34.8,-91.3,Efficient,frequent usage,"Pond Pump is classified as Efficient. It is 91.3% below the REFIT similar-appliance average, with 7304 detected events and 0.9% peak-hour activity.",0.2956,0.5415,0.1031,0.3853,"Matched because this appliance is efficient, frequent usage, and the option balances price, energy reduction, savings and payback."
21,Pond Pump,Pond Pump,generic,Appliance9,0.30676,111.97,2.76,33.59,Bunnings,Timer Plug / Standby Saver,Arlec,24.0,75.0,1.88,36.97,0.89,10.63,27.09,0.3209,0.3302,0.9124,0.4697,0.4347,Control,Best Value,Useful for appliance groups and plug loads.,medium,Consider Timer Plug / Standby Saver from Bunnings for Pond Pump. Estimated saving: $0.89/month with about 37.0 kWh/year reduction.,generic,3.5444526086956527,1.83936,31.899565217391302,34.8,-91.3,Efficient,frequent usage,"Pond Pump is classified as Efficient. It is 91.3% below the REFIT similar-appliance average, with 7304 detected events and 0.9% peak-hour activity.",0.2894,0.5289,0.1014,0.3728,"Matched because this appliance is efficient, frequent usage, and the option balances price, energy reduction, savings and payback."
21,Pond Pump,Pond Pump,generic,Appliance9,0.30676,111.97,2.76,33.59,JB Hi-Fi,Energy Monitoring Smart Plug,TP-Link Tapo,29.0,70.0,1.75,41.97,1.01,12.13,28.69,0.3661,0.3748,0.8961,0.4555,0.4616,Monitoring,Overall,Adds monitoring so recommendations can be updated later.,high,Consider Energy Monitoring Smart Plug from JB Hi-Fi for Pond Pump. Estimated saving: $1.01/month with about 42.0 kWh/year reduction.,generic,3.5444526086956527,1.83936,31.899565217391302,34.8,-91.3,Efficient,frequent usage,"Pond Pump is classified as Efficient. It is 91.3% below the REFIT similar-appliance average, with 7304 detected events and 0.9% peak-hour activity.",0.2842,0.5181,0.1003,0.3633,"Matched because this appliance is efficient, frequent usage, and the option balances price, energy reduction, savings and payback."
21,Television,Television,television,Appliance6,0.29478,107.59,2.65,32.28,Kmart,Smart Plug With Timer,Generic,19.0,80.0,2.0,27.59,0.65,7.84,29.1,0.2461,0.2565,0.9294,0.452,0.3826,Control,Cheapest,Low-cost way to reduce standby and schedule usage.,medium,Consider Smart Plug With Timer from Kmart for Television. Estimated saving: $0.65/month with about 27.6 kWh/year reduction.,television,0.64669,0.36083,5.819047619047619,38.1,-54.4,Average,"peak-hour usage, frequent usage","Television is classified as Average. It is 54.4% below the REFIT similar-appliance average, with 6792 detected events and 28.5% peak-hour activity.",0.293,0.5319,0.104,0.3662,"Matched because this appliance is average, peak-hour usage, frequent usage, and the option balances price, energy reduction, savings and payback."
21,Television,Television,television,Appliance6,0.29478,107.59,2.65,32.28,Bunnings,Timer Plug / Standby Saver,Arlec,24.0,75.0,1.88,32.59,0.78,9.34,30.85,0.2933,0.3029,0.9124,0.4376,0.4107,Control,Best Value,Useful for appliance groups and plug loads.,medium,Consider Timer Plug / Standby Saver from Bunnings for Television. Estimated saving: $0.78/month with about 32.6 kWh/year reduction.,television,0.64669,0.36083,5.819047619047619,38.1,-54.4,Average,"peak-hour usage, frequent usage","Television is classified as Average. It is 54.4% below the REFIT similar-appliance average, with 6792 detected events and 28.5% peak-hour activity.",0.2877,0.5208,0.1029,0.3565,"Matched because this appliance is average, peak-hour usage, frequent usage, and the option balances price, energy reduction, savings and payback."
21,Television,Television,television,Appliance6,0.29478,107.59,2.65,32.28,JB Hi-Fi,Energy Monitoring Smart Plug,TP-Link Tapo,29.0,70.0,1.75,37.59,0.9,10.84,32.11,0.3404,0.3494,0.8961,0.4277,0.4395,Monitoring,Overall,Adds monitoring so recommendations can be updated later.,medium,Consider Energy Monitoring Smart Plug from JB Hi-Fi for Television. Estimated saving: $0.90/month with about 37.6 kWh/year reduction.,television,0.64669,0.36083,5.819047619047619,38.1,-54.4,Average,"peak-hour usage, frequent usage","Television is classified as Average. It is 54.4% below the REFIT similar-appliance average, with 6792 detected events and 28.5% peak-hour activity.",0.2831,0.5111,0.1022,0.3493,"Matched because this appliance is average, peak-hour usage, frequent usage, and the option balances price, energy reduction, savings and payback."
21,Television,Television,television,Appliance6,0.29478,107.59,2.65,32.28,Kmart,Standby Saver Powerboard,Generic,19.0,120.0,3.0,0.0,0.0,0.0,,0.0,0.0,0.9294,0.0,0.1394,Control,Cheapest,Useful where TV site has multiple standby devices.,low,Consider Standby Saver Powerboard from Kmart for Television. Estimated saving: $0.00/month with about 0.0 kWh/year reduction.,television,0.64669,0.36083,5.819047619047619,38.1,-54.4,Average,"peak-hour usage, frequent usage","Television is classified as Average. It is 54.4% below the REFIT similar-appliance average, with 6792 detected events and 28.5% peak-hour activity.",0.2668,0.4896,0.0857,0.2823,"Matched because this appliance is average, peak-hour usage, frequent usage, and the option balances price, energy reduction, savings and payback."
21,Television,Television,television,Appliance6,0.29478,107.59,2.65,32.28,JB Hi-Fi,Energy Efficient LED TV,TCL,599.0,95.0,2.38,12.59,0.28,3.34,2154.62,0.1048,0.1171,0.2945,0.011,0.1229,High,Best Value,LED replacement for high TV-site consumption.,low,Consider Energy Efficient LED TV from JB Hi-Fi for Television. Estimated saving: $0.28/month with about 12.6 kWh/year reduction.,television,0.64669,0.36083,5.819047619047619,38.1,-54.4,Average,"peak-hour usage, frequent usage","Television is classified as Average. It is 54.4% below the REFIT similar-appliance average, with 6792 detected events and 28.5% peak-hour activity.",0.0992,0.1356,0.059,0.05,"Matched because this appliance is average, peak-hour usage, frequent usage, and the option balances price, energy reduction, savings and payback."
21,Television,Television,television,Appliance6,0.29478,107.59,2.65,32.28,The Good Guys,Low Energy QLED TV,Samsung,899.0,80.0,2.0,27.59,0.65,7.84,1376.71,0.2461,0.2565,0.2176,0.0171,0.2106,Premium,Energy Wise,Lower annual kWh for heavy TV use.,medium,Consider Low Energy QLED TV from The Good Guys for Television. Estimated saving: $0.65/month with about 27.6 kWh/year reduction.,television,0.64669,0.36083,5.819047619047619,38.1,-54.4,Average,"peak-hour usage, frequent usage","Television is classified as Average. It is 54.4% below the REFIT similar-appliance average, with 6792 detected events and 28.5% peak-hour activity.",0.0854,0.1028,0.0605,0.042,"Matched because this appliance is average, peak-hour usage, frequent usage, and the option balances price, energy reduction, savings and payback."
21,Tumble Dryer,Tumble Dryer,generic,Appliance2,3.42551,1250.31,30.83,375.09,Kmart,Smart Plug With Timer,Generic,19.0,80.0,2.0,1170.31,28.83,345.96,0.66,0.9351,0.936,0.9294,0.9733,0.9403,Control,Cheapest,Low-cost way to reduce standby and schedule usage.,high,Consider Smart Plug With Timer from Kmart for Tumble Dryer. Estimated saving: $28.83/month with about 1170.3 kWh/year reduction.,generic,3.5444526086956527,1.83936,31.899565217391302,78.3,-3.4,Average,normal usage pattern,"Tumble Dryer is classified as Average. It is 3.4% below the REFIT similar-appliance average, with 161 detected events and 24.6% peak-hour activity.",0.4625,0.6901,0.2862,0.6593,"Matched because this appliance is average, normal usage pattern, and the option balances price, energy reduction, savings and payback."
21,Tumble Dryer,Tumble Dryer,generic,Appliance2,3.42551,1250.31,30.83,375.09,Bunnings,Timer Plug / Standby Saver,Arlec,24.0,75.0,1.88,1175.31,28.95,347.46,0.83,0.9392,0.94,0.9124,0.9666,0.9395,Control,Best Value,Useful for appliance groups and plug loads.,high,Consider Timer Plug / Standby Saver from Bunnings for Tumble Dryer. Estimated saving: $28.95/month with about 1175.3 kWh/year reduction.,generic,3.5444526086956527,1.83936,31.899565217391302,78.3,-3.4,Average,normal usage pattern,"Tumble Dryer is classified as Average. It is 3.4% below the REFIT similar-appliance average, with 161 detected events and 24.6% peak-hour activity.",0.4583,0.6809,0.2858,0.6536,"Matched because this appliance is average, normal usage pattern, and the option balances price, energy reduction, savings and payback."
21,Tumble Dryer,Tumble Dryer,generic,Appliance2,3.42551,1250.31,30.83,375.09,JB Hi-Fi,Energy Monitoring Smart Plug,TP-Link Tapo,29.0,70.0,1.75,1180.31,29.08,348.96,1.0,0.9432,0.944,0.8961,0.9601,0.9389,Monitoring,Overall,Adds monitoring so recommendations can be updated later.,high,Consider Energy Monitoring Smart Plug from JB Hi-Fi for Tumble Dryer. Estimated saving: $29.08/month with about 1180.3 kWh/year reduction.,generic,3.5444526086956527,1.83936,31.899565217391302,78.3,-3.4,Average,normal usage pattern,"Tumble Dryer is classified as Average. It is 3.4% below the REFIT similar-appliance average, with 161 detected events and 24.6% peak-hour activity.",0.4543,0.672,0.2855,0.648,"Matched because this appliance is average, normal usage pattern, and the option balances price, energy reduction, savings and payback."
21,Vivarium,Vivarium,generic,Appliance8,0.13554,49.47,1.22,14.84,Kmart,Smart Plug With Timer,Generic,19.0,80.0,2.0,0.0,0.0,0.0,,0.0,0.0,0.9294,0.0,0.1394,Control,Cheapest,Low-cost way to reduce standby and schedule usage.,low,Consider Smart Plug With Timer from Kmart for Vivarium. Estimated saving: $0.00/month with about 0.0 kWh/year reduction.,generic,3.5444526086956527,1.83936,31.899565217391302,26.1,-96.2,Average,"peak-hour usage, frequent usage","Vivarium is classified as Average. It is 96.2% below the REFIT similar-appliance average, with 28590 detected events and 25.3% peak-hour activity.",0.2548,0.4896,0.0677,0.2823,"Matched because this appliance is average, peak-hour usage, frequent usage, and the option balances price, energy reduction, savings and payback."
21,Vivarium,Vivarium,generic,Appliance8,0.13554,49.47,1.22,14.84,Bunnings,Timer Plug / Standby Saver,Arlec,24.0,75.0,1.88,0.0,0.0,0.0,,0.0,0.0,0.9124,0.0,0.1369,Control,Best Value,Useful for appliance groups and plug loads.,low,Consider Timer Plug / Standby Saver from Bunnings for Vivarium. Estimated saving: $0.00/month with about 0.0 kWh/year reduction.,generic,3.5444526086956527,1.83936,31.899565217391302,26.1,-96.2,Average,"peak-hour usage, frequent usage","Vivarium is classified as Average. It is 96.2% below the REFIT similar-appliance average, with 28590 detected events and 25.3% peak-hour activity.",0.2514,0.482,0.0677,0.2797,"Matched because this appliance is average, peak-hour usage, frequent usage, and the option balances price, energy reduction, savings and payback."
21,Vivarium,Vivarium,generic,Appliance8,0.13554,49.47,1.22,14.84,JB Hi-Fi,Energy Monitoring Smart Plug,TP-Link Tapo,29.0,70.0,1.75,0.0,0.0,0.0,,0.0,0.0,0.8961,0.0,0.1344,Monitoring,Overall,Adds monitoring so recommendations can be updated later.,low,Consider Energy Monitoring Smart Plug from JB Hi-Fi for Vivarium. Estimated saving: $0.00/month with about 0.0 kWh/year reduction.,generic,3.5444526086956527,1.83936,31.899565217391302,26.1,-96.2,Average,"peak-hour usage, frequent usage","Vivarium is classified as Average. It is 96.2% below the REFIT similar-appliance average, with 28590 detected events and 25.3% peak-hour activity.",0.2482,0.4747,0.0677,0.2773,"Matched because this appliance is average, peak-hour usage, frequent usage, and the option balances price, energy reduction, savings and payback."
21,Washing Machine,Washing Machine,washing machine,Appliance3,1.24321,453.77,11.19,136.13,Kmart,Smart Plug With Timer,Generic,19.0,80.0,2.0,373.77,9.19,110.27,2.07,0.8213,0.8237,0.9294,0.9207,0.8531,Control,Cheapest,Low-cost way to reduce standby and schedule usage.,high,Consider Smart Plug With Timer from Kmart for Washing Machine. Estimated saving: $9.19/month with about 373.8 kWh/year reduction.,washing machine,1.958721081081081,1.22083,17.62810810810811,54.1,-36.5,Average,peak-hour usage,"Washing Machine is classified as Average. It is 36.5% below the REFIT similar-appliance average, with 1694 detected events and 25.8% peak-hour activity.",0.3948,0.6575,0.196,0.6103,"Matched because this appliance is average, peak-hour usage, and the option balances price, energy reduction, savings and payback."
21,Washing Machine,Washing Machine,washing machine,Appliance3,1.24321,453.77,11.19,136.13,Bunnings,Timer Plug / Standby Saver,Arlec,24.0,75.0,1.88,378.77,9.31,111.77,2.58,0.8324,0.8347,0.9124,0.903,0.8557,Control,Best Value,Useful for appliance groups and plug loads.,high,Consider Timer Plug / Standby Saver from Bunnings for Washing Machine. Estimated saving: $9.31/month with about 378.8 kWh/year reduction.,washing machine,1.958721081081081,1.22083,17.62810810810811,54.1,-36.5,Average,peak-hour usage,"Washing Machine is classified as Average. It is 36.5% below the REFIT similar-appliance average, with 1694 detected events and 25.8% peak-hour activity.",0.3889,0.6455,0.1945,0.5991,"Matched because this appliance is average, peak-hour usage, and the option balances price, energy reduction, savings and payback."
21,Washing Machine,Washing Machine,washing machine,Appliance3,1.24321,453.77,11.19,136.13,JB Hi-Fi,Energy Monitoring Smart Plug,TP-Link Tapo,29.0,70.0,1.75,383.77,9.44,113.27,3.07,0.8436,0.8457,0.8961,0.8865,0.8585,Monitoring,Overall,Adds monitoring so recommendations can be updated later.,high,Consider Energy Monitoring Smart Plug from JB Hi-Fi for Washing Machine. Estimated saving: $9.44/month with about 383.8 kWh/year reduction.,washing machine,1.958721081081081,1.22083,17.62810810810811,54.1,-36.5,Average,peak-hour usage,"Washing Machine is classified as Average. It is 36.5% below the REFIT similar-appliance average, with 1694 detected events and 25.8% peak-hour activity.",0.3835,0.6342,0.1932,0.5886,"Matched because this appliance is average, peak-hour usage, and the option balances price, energy reduction, savings and payback."
21,Washing Machine,Washing Machine,washing machine,Appliance3,1.24321,453.77,11.19,136.13,Big W,Laundry Smart Timer Plug,Generic,29.0,180.0,4.5,273.77,6.69,80.27,4.34,0.5978,0.6033,0.8961,0.847,0.6816,Control,Cheapest,Low-cost option to shift laundry away from peak hours.,high,Consider Laundry Smart Timer Plug from Big W for Washing Machine. Estimated saving: $6.69/month with about 273.8 kWh/year reduction.,washing machine,1.958721081081081,1.22083,17.62810810810811,54.1,-36.5,Average,peak-hour usage,"Washing Machine is classified as Average. It is 36.5% below the REFIT similar-appliance average, with 1694 detected events and 25.8% peak-hour activity.",0.3725,0.6216,0.1825,0.5656,"Matched because this appliance is average, peak-hour usage, and the option balances price, energy reduction, savings and payback."
21,Washing Machine,Washing Machine,washing machine,Appliance3,1.24321,453.77,11.19,136.13,JB Hi-Fi,Inverter Front Loader,LG,799.0,145.0,3.62,308.77,7.56,90.77,105.63,0.676,0.6805,0.2383,0.1851,0.5381,High,Best Value,Good value inverter option for repeated laundry use.,high,Consider Inverter Front Loader from JB Hi-Fi for Washing Machine. Estimated saving: $7.56/month with about 308.8 kWh/year reduction.,washing machine,1.958721081081081,1.22083,17.62810810810811,54.1,-36.5,Average,peak-hour usage,"Washing Machine is classified as Average. It is 36.5% below the REFIT similar-appliance average, with 1694 detected events and 25.8% peak-hour activity.",0.1433,0.161,0.1185,0.1371,"Matched because this appliance is average, peak-hour usage, and the option balances price, energy reduction, savings and payback."
21,Washing Machine,Washing Machine,washing machine,Appliance3,1.24321,453.77,11.19,136.13,The Good Guys,Front Load Washing Machine,Bosch,849.0,135.0,3.38,318.77,7.81,93.77,108.65,0.6984,0.7025,0.2275,0.1809,0.5514,Premium,Energy Wise,Front loaders are suited to lower water and energy use.,high,Consider Front Load Washing Machine from The Good Guys for Washing Machine. Estimated saving: $7.81/month with about 318.8 kWh/year reduction.,washing machine,1.958721081081081,1.22083,17.62810810810811,54.1,-36.5,Average,peak-hour usage,"Washing Machine is classified as Average. It is 36.5% below the REFIT similar-appliance average, with 1694 detected events and 25.8% peak-hour activity.",0.1409,0.1553,0.1187,0.1336,"Matched because this appliance is average, peak-hour usage, and the option balances price, energy reduction, savings and payback."
